StockCode,Description,Category
10002,INFLATABLE POLITICAL GLOBE ,Furniture & Home Decor
10080,GROOVY CACTUS INFLATABLE,Furniture & Home Decor
10120,DOGGY RUBBER,Other
10125,MINI FUNKY DESIGN TAPES,Furniture & Home Decor
10133,COLOURING PENCILS BROWN TUBE,"Gifts, Toys & Party"
10135,COLOURING PENCILS BROWN TUBE,"Gifts, Toys & Party"
11001,ASSTD DESIGN RACING CAR PEN,Furniture & Home Decor
15030,FAN BLACK FRAME ,Furniture & Home Decor
15034,PAPER POCKET TRAVELING FAN ,Other
15036,ASSORTED COLOURS SILK FAN,Other
15039,SANDALWOOD FAN,Other
15044A,PINK PAPER PARASOL ,Other
15044B,BLUE PAPER PARASOL ,Other
15044C,PURPLE PAPER PARASOL,Other
15044D,RED PAPER PARASOL,Other
15056BL,EDWARDIAN PARASOL BLACK,Other
15056N,EDWARDIAN PARASOL NATURAL,Other
15056P,EDWARDIAN PARASOL PINK,Other
15058A,BLUE POLKADOT GARDEN PARASOL,Other
15058B,PINK POLKADOT GARDEN PARASOL,Other
15058C,ICE CREAM DESIGN GARDEN PARASOL,Furniture & Home Decor
15060B,FAIRY CAKE DESIGN UMBRELLA,Kitchenware & Tableware
16008,SMALL FOLDING SCISSOR(POINTED EDGE),Other
16011,ANIMAL STICKERS,"Gifts, Toys & Party"
16012,FOOD/DRINK SPONGE STICKERS,Food & Beverages
16014,SMALL CHINESE STYLE SCISSOR,Other
16015,MEDIUM CHINESE STYLE SCISSOR,Other
16016,LARGE CHINESE STYLE SCISSOR,Other
16045,POPART WOODEN PENCILS ASST,"Gifts, Toys & Party"
16046,TEATIME PEN CASE & PENS,Kitchenware & Tableware
16048,TEATIME ROUND PENCIL SHARPENER ,Kitchenware & Tableware
16054,POPART RECT PENCIL SHARPENER ASST,"Gifts, Toys & Party"
16156L,WRAP CAROUSEL,"Gifts, Toys & Party"
16156S,WRAP PINK FAIRY CAKES ,Kitchenware & Tableware
16161G,WRAP BAD HAIR DAY,"Gifts, Toys & Party"
16161P,WRAP ENGLISH ROSE ,"Gifts, Toys & Party"
16161U,WRAP SUKI AND FRIENDS,"Gifts, Toys & Party"
16168M,FUNKY MONKEY GIFT BAG MEDIUM,"Gifts, Toys & Party"
16169E,WRAP 50'S  CHRISTMAS,"Gifts, Toys & Party"
16169M,WRAP DAISY CARPET ,"Gifts, Toys & Party"
16216,LETTER SHAPE PENCIL SHARPENER,"Gifts, Toys & Party"
16218,CARTOON  PENCIL SHARPENERS,"Gifts, Toys & Party"
16219,HOUSE SHAPE PENCIL SHARPENER,"Gifts, Toys & Party"
16225,RATTLE SNAKE EGGS,Other
16235,RECYCLED PENCIL WITH RABBIT ERASER,"Gifts, Toys & Party"
16236,KITTY PENCIL ERASERS,"Gifts, Toys & Party"
16237,SLEEPING CAT ERASERS,"Gifts, Toys & Party"
16238,PARTY TIME PENCIL ERASERS,"Gifts, Toys & Party"
16258A,SWIRLY CIRCULAR RUBBERS IN BAG,"Gifts, Toys & Party"
16259,PIECE OF CAMO STATIONERY SET,Other
17003,BROCADE RING PURSE ,Other
17012A,ORIGAMI VANILLA INCENSE/CANDLE SET ,Furniture & Home Decor
17012B,ORIGAMI JASMINE INCENSE/CANDLE SET,Furniture & Home Decor
17012C,ORIGAMI LAVENDER INCENSE/CANDL SET ,Other
17012D,ORIGAMI ROSE INCENSE/CANDLE SET ,Furniture & Home Decor
17012F,ORIGAMI SANDLEWOOD INCENSE/CAND SET,Other
17013D,ORIGAMI ROSE INCENSE IN TUBE,Other
17021,NAMASTE SWAGAT INCENSE,Other
17038,PORCELAIN BUDAH INCENSE HOLDER,Furniture & Home Decor
17084N,FAIRY DREAMS INCENSE ,Other
17084P,DRAGONS BLOOD INCENSE,Other
17084R,ASSORTED INCENSE PACK,Other
17090A,LAVENDER INCENSE 40 CONES IN TIN,Kitchenware & Tableware
17090D,VANILLA INCENSE 40 CONES IN TIN,Kitchenware & Tableware
17091A,LAVENDER INCENSE IN TIN,Kitchenware & Tableware
17091J,VANILLA INCENSE IN TIN,Kitchenware & Tableware
17096,ASSORTED LAQUERED INCENSE HOLDERS,Furniture & Home Decor
17107D,"FLOWER FAIRY,5 SUMMER B'DRAW LINERS",Furniture & Home Decor
17129F,BLUE GLASS GEMS IN BAG,Kitchenware & Tableware
17136A,BLUE STONES ON WIRE FOR CANDLE,Furniture & Home Decor
17164B,ASS COL SMALL SAND GECKO P'WEIGHT,Other
18007,ESSENTIAL BALM 3.5g TIN IN ENVELOPE,Kitchenware & Tableware
18094C,WHITE AND BLUE CERAMIC OIL BURNER,Other
18097C,WHITE TALL PORCELAIN T-LIGHT HOLDER,Furniture & Home Decor
18098C,PORCELAIN BUTTERFLY OIL BURNER,Other
20615,BLUE POLKADOT PASSPORT COVER,Other
20616,CHERRY BLOSSOM PASSPORT COVER,Other
20617,FIRST CLASS PASSPORT COVER ,Other
20618,QUEEN OF THE SKIES PASSPORT COVER ,Other
20619,TROPICAL PASSPORT COVER ,Other
20622,VIPPASSPORT COVER ,Other
20652,BLUE POLKADOT LUGGAGE TAG ,Other
20654,FIRST CLASS LUGGAGE TAG ,Other
20655,QUEEN OF SKIES LUGGAGE TAG,Other
20657,TROPICAL LUGGAGE TAG,Other
20658,RED RETROSPOT LUGGAGE TAG,Furniture & Home Decor
20659,ECONOMY LUGGAGE TAG,Other
20665,RED RETROSPOT PURSE ,Furniture & Home Decor
20668,DISCO BALL CHRISTMAS DECORATION,"Gifts, Toys & Party"
20669,RED HEART LUGGAGE TAG,Furniture & Home Decor
20674,GREEN POLKADOT BOWL,Kitchenware & Tableware
20675,BLUE POLKADOT BOWL,Kitchenware & Tableware
20676,RED RETROSPOT BOWL,Kitchenware & Tableware
20677,PINK POLKADOT BOWL,Kitchenware & Tableware
20679,EDWARDIAN PARASOL RED,Other
20681,PINK POLKADOT CHILDRENS UMBRELLA,Other
20682,RED RETROSPOT CHILDRENS UMBRELLA,Furniture & Home Decor
20684,STRAWBERRY DREAM CHILDS UMBRELLA,Other
20685,DOORMAT RED RETROSPOT,Furniture & Home Decor
20686,DOLLY MIXTURE CHILDREN'S UMBRELLA,"Gifts, Toys & Party"
20694,FLORAL PINK MONSTER,Other
20696,FLORAL SOFT CAR TOY,"Gifts, Toys & Party"
20697,LITTLE GREEN MONSTER SOFT TOY,"Gifts, Toys & Party"
20699,MOUSEY LONG LEGS SOFT TOY,"Gifts, Toys & Party"
20702,PINK PADDED MOBILE,Other
20704,MR ROBOT SOFT TOY,"Gifts, Toys & Party"
20705,MRS ROBOT SOFT TOY,"Gifts, Toys & Party"
20707,CRAZY DAISY HEART DECORATION,Furniture & Home Decor
20711,JUMBO BAG TOYS ,"Gifts, Toys & Party"
20712,JUMBO BAG WOODLAND ANIMALS,"Gifts, Toys & Party"
20713,JUMBO BAG OWLS,"Gifts, Toys & Party"
20716,PARTY FOOD SHOPPER BAG,Food & Beverages
20717,STRAWBERRY SHOPPER BAG,"Gifts, Toys & Party"
20718,RED RETROSPOT SHOPPER BAG,Furniture & Home Decor
20719,WOODLAND CHARLOTTE BAG,"Gifts, Toys & Party"
20723,STRAWBERRY CHARLOTTE BAG,"Gifts, Toys & Party"
20724,RED RETROSPOT CHARLOTTE BAG,Furniture & Home Decor
20725,LUNCH BAG RED RETROSPOT,Furniture & Home Decor
20726,LUNCH BAG WOODLAND,"Gifts, Toys & Party"
20727,LUNCH BAG  BLACK SKULL.,"Gifts, Toys & Party"
20728,LUNCH BAG CARS BLUE,"Gifts, Toys & Party"
20733,GOLD MINI TAPE MEASURE ,Other
20735,BLACK MINI TAPE MEASURE ,Other
20748,KENSINGTON COFFEE SET,Kitchenware & Tableware
20749,ASSORTED COLOUR MINI CASES,Other
20750,RED RETROSPOT MINI CASES,Furniture & Home Decor
20751,FUNKY WASHING UP GLOVES ASSORTED,Other
20752,BLUE POLKADOT WASHING UP GLOVES,Other
20754,RETROSPOT RED WASHING UP GLOVES,Furniture & Home Decor
20755,BLUE PAISLEY POCKET BOOK,Other
20756,GREEN FERN POCKET BOOK,Other
20757,RED DAISY POCKET BOOK ,Other
20758,ABSTRACT CIRCLES POCKET BOOK,Other
20759,CHRYSANTHEMUM POCKET BOOK ,Other
20760,GARDEN PATH POCKET BOOK,Other
20761,BLUE PAISLEY SKETCHBOOK,Other
20762,GREEN FERN SKETCHBOOK ,Other
20763,DAISY SKETCHBOOK ,Other
20764,ABSTRACT CIRCLES SKETCHBOOK ,Other
20765,CHRYSANTHEMUM SKETCHBOOK ,Other
20766,GARDEN PATH SKETCHBOOK,Other
20767,BLUE PAISLEY JOURNAL ,Other
20768,GREEN FERN JOURNAL ,Other
20769,DAISY JOURNAL ,Other
20770,ABSTRACT CIRCLE JOURNAL ,Other
20771,CHRYSANTHEMUM  JOURNAL,Other
20772,GARDEN PATH JOURNAL,Other
20773,BLUE PAISLEY NOTEBOOK,Other
20774,GREEN FERN NOTEBOOK,Other
20775,DAISY NOTEBOOK ,Other
20777,CHRYSANTHEMUM NOTEBOOK,Other
20780,BLACK EAR MUFF HEADPHONES,Other
20781,GOLD EAR MUFF HEADPHONES,Other
20782,CAMOUFLAGE EAR MUFF HEADPHONES,Other
20794,BLUE  TILE HOOK,Furniture & Home Decor
20801,LARGE PINK GLASS SUNDAE DISH,Kitchenware & Tableware
20802,SMALL GLASS SUNDAE DISH CLEAR,Kitchenware & Tableware
20803,SMALL PINK GLASS SUNDAE DISH,Kitchenware & Tableware
20819,SILVER TEDDY BEAR,Other
20828,GLITTER BUTTERFLY CLIPS,Other
20829,GLITTER HANGING BUTTERFLY STRING,Other
20830,SILVER PHOTO FRAME,Furniture & Home Decor
20831,GOLD PHOTO FRAME,Furniture & Home Decor
20832,RED FLOCK LOVE HEART PHOTO FRAME,Furniture & Home Decor
20836,FRENCH PAISLEY CUSHION COVER,Furniture & Home Decor
20837,FRENCH FLORAL CUSHION COVER ,Furniture & Home Decor
20838,FRENCH LATTICE CUSHION COVER ,Furniture & Home Decor
20839,FRENCH PAISLEY CUSHION COVER ,Furniture & Home Decor
20840,FRENCH FLORAL CUSHION COVER ,Furniture & Home Decor
20845,ZINC HEART LATTICE 2 WALL PLANTER,Furniture & Home Decor
20846,ZINC HEART LATTICE T-LIGHT HOLDER,Furniture & Home Decor
20847,ZINC HEART LATTICE CHARGER LARGE,Furniture & Home Decor
20854,BLUE PATCH PURSE PINK HEART,Furniture & Home Decor
20856,DENIM PATCH PURSE PINK BUTTERFLY,Other
20866,BLUE ROSE FABRIC MIRROR,Furniture & Home Decor
20867,PINK ROSE FABRIC MIRROR,Furniture & Home Decor
20868,SILVER FABRIC MIRROR,Furniture & Home Decor
20869,GOLD FABRIC MIRROR,Furniture & Home Decor
20886,BOX OF 9 PEBBLE CANDLES,Furniture & Home Decor
20893,HANGING BAUBLE T-LIGHT HOLDER SMALL,Furniture & Home Decor
20903,VINTAGE KEEPSAKE BOX TRAVELOGUE,"Gifts, Toys & Party"
20914,SET/5 RED RETROSPOT LID GLASS BOWLS,Kitchenware & Tableware
20931,BLUE POT PLANT CANDLE ,Furniture & Home Decor
20932,PINK POT PLANT CANDLE,Furniture & Home Decor
20934,SET/3 POT PLANT CANDLES,Furniture & Home Decor
20936,FORKED CACTUS CANDLE,Kitchenware & Tableware
20941,FROG CANDLE,Furniture & Home Decor
20956,PORCELAIN T-LIGHT HOLDERS ASSORTED,Furniture & Home Decor
20961,STRAWBERRY BATH SPONGE ,Other
20963,APPLE BATH SPONGE,Other
20966,SANDWICH BATH SPONGE,Other
20967,GREY FLORAL FELTCRAFT SHOULDER BAG,"Gifts, Toys & Party"
20969,RED FLORAL FELTCRAFT SHOULDER BAG,"Gifts, Toys & Party"
20970,PINK FLORAL FELTCRAFT SHOULDER BAG,"Gifts, Toys & Party"
20971,PINK BLUE FELT CRAFT TRINKET BOX,"Gifts, Toys & Party"
20972,PINK CREAM FELT CRAFT TRINKET BOX ,"Gifts, Toys & Party"
20973,12 PENCIL SMALL TUBE WOODLAND,"Gifts, Toys & Party"
20974,12 PENCILS SMALL TUBE SKULL,"Gifts, Toys & Party"
20975,12 PENCILS SMALL TUBE RED RETROSPOT,Furniture & Home Decor
20977,36 PENCILS TUBE WOODLAND,"Gifts, Toys & Party"
20978,36 PENCILS TUBE SKULLS,"Gifts, Toys & Party"
20979,36 PENCILS TUBE RED RETROSPOT,Furniture & Home Decor
20980,36 PENCILS TUBE POSY,"Gifts, Toys & Party"
20981,12 PENCILS TALL TUBE WOODLAND,"Gifts, Toys & Party"
20982,12 PENCILS TALL TUBE SKULLS,"Gifts, Toys & Party"
20983,12 PENCILS TALL TUBE RED RETROSPOT,Furniture & Home Decor
20984,12 PENCILS TALL TUBE POSY,"Gifts, Toys & Party"
20985,HEART CALCULATOR,Furniture & Home Decor
20986,BLUE CALCULATOR RULER,Other
20992,JAZZ HEARTS PURSE NOTEBOOK,Furniture & Home Decor
20996,JAZZ HEARTS ADDRESS BOOK,Furniture & Home Decor
20998,ROSE DU SUD OVEN GLOVE,Other
21000,ROSE DU SUD COSMETICS BAG,"Gifts, Toys & Party"
21001,ROSE DU SUD WASHBAG ,"Gifts, Toys & Party"
21012,ANTIQUE ALL GLASS CANDLESTICK,Kitchenware & Tableware
21014,SWISS CHALET TREE DECORATION ,Other
21015,DARK BIRD HOUSE TREE DECORATION,Other
21025,SPACE FROG,Other
21026,SPACE OWL,Other
21027,NINJA RABBIT PINK,Other
21028,NINJA RABBIT BLACK,Other
21030,SPACE CADET RED,Other
21031,SPACE CADET BLACK,Other
21032,SPACE CADET WHITE,Other
21033,JUMBO BAG CHARLIE AND LOLA TOYS,"Gifts, Toys & Party"
21034,REX CASH+CARRY JUMBO SHOPPER,Other
21035,SET/2 RED RETROSPOT TEA TOWELS ,Kitchenware & Tableware
21038,SET/4 MODERN VINTAGE COTTON NAPKINS,Other
21039,RED RETROSPOT SHOPPING BAG,Furniture & Home Decor
21041,RED RETROSPOT OVEN GLOVE DOUBLE,Furniture & Home Decor
21042,RED RETROSPOT APRON ,Furniture & Home Decor
21043,APRON MODERN VINTAGE COTTON,Other
21051,RIBBONS PURSE ,"Gifts, Toys & Party"
21054,NURSE'S BAG SOFT TOY,"Gifts, Toys & Party"
21055,TOOL BOX SOFT TOY ,"Gifts, Toys & Party"
21056,DOCTOR'S BAG SOFT TOY,"Gifts, Toys & Party"
21058,PARTY INVITES WOODLAND,"Gifts, Toys & Party"
21059,PARTY INVITES DINOSAURS,"Gifts, Toys & Party"
21060,PARTY INVITES BALLOON GIRL,"Gifts, Toys & Party"
21061,PARTY INVITES FOOTBALL,"Gifts, Toys & Party"
21062,PARTY INVITES SPACEMAN,"Gifts, Toys & Party"
21063,PARTY INVITES JAZZ HEARTS,Furniture & Home Decor
21064,BOOM BOX SPEAKER BOYS,"Gifts, Toys & Party"
21065,BOOM BOX SPEAKER GIRLS,"Gifts, Toys & Party"
21066,VINTAGE RED MUG,Kitchenware & Tableware
21067,VINTAGE RED TEATIME MUG,Kitchenware & Tableware
21068,VINTAGE BILLBOARD LOVE/HATE MUG,Kitchenware & Tableware
21069,VINTAGE BILLBOARD TEA MUG,Kitchenware & Tableware
21070,VINTAGE BILLBOARD MUG ,Kitchenware & Tableware
21071,VINTAGE BILLBOARD DRINK ME MUG,Food & Beverages
21078,SET/20 STRAWBERRY PAPER NAPKINS ,Other
21080,SET/20 RED RETROSPOT PAPER NAPKINS ,Furniture & Home Decor
21084,SET/6 COLLAGE PAPER CUPS,Kitchenware & Tableware
21086,SET/6 RED SPOTTY PAPER CUPS,Kitchenware & Tableware
21087,SET/6 POSIES PAPER CUPS,Kitchenware & Tableware
21088,SET/6 FRUIT SALAD PAPER CUPS,Kitchenware & Tableware
21089,SET/6 GREEN SPRING PAPER CUPS,Kitchenware & Tableware
21090,SET/6 COLLAGE PAPER PLATES,Kitchenware & Tableware
21094,SET/6 RED SPOTTY PAPER PLATES,Kitchenware & Tableware
21096,SET/6 FRUIT SALAD  PAPER PLATES,Kitchenware & Tableware
21098,CHRISTMAS TOILET ROLL,"Gifts, Toys & Party"
21106,CREAM SLICE FLANNEL CHOCOLATE SPOT ,Food & Beverages
21107,CREAM SLICE FLANNEL PINK SPOT ,Furniture & Home Decor
21108,FAIRY CAKE FLANNEL ASSORTED COLOUR,Kitchenware & Tableware
21109,LARGE CAKE TOWEL CHOCOLATE SPOTS,Food & Beverages
21110,LARGE CAKE TOWEL PINK SPOTS,Kitchenware & Tableware
21111,"SWISS ROLL TOWEL, CHOCOLATE  SPOTS",Food & Beverages
21112,SWISS ROLL TOWEL PINK  SPOTS,Furniture & Home Decor
21114,LAVENDER SCENTED FABRIC HEART,Furniture & Home Decor
21115,ROSE CARAVAN DOORSTOP,Other
21116,OWL DOORSTOP,Other
21117,BLOND DOLL DOORSTOP,"Gifts, Toys & Party"
21121,SET/10 RED POLKADOT PARTY CANDLES,Furniture & Home Decor
21122,SET/10 PINK POLKADOT PARTY CANDLES,Furniture & Home Decor
21123,SET/10 IVORY POLKADOT PARTY CANDLES,Furniture & Home Decor
21124,SET/10 BLUE POLKADOT PARTY CANDLES,Furniture & Home Decor
21125,SET 6 FOOTBALL CELEBRATION CANDLES,Furniture & Home Decor
21126,SET OF 6 GIRLS CELEBRATION CANDLES,Furniture & Home Decor
21128,GOLD FISHING GNOME,Other
21129,SILVER FISHING GNOME ,Other
21131,GOLD STANDING GNOME,Furniture & Home Decor
21132,SILVER STANDING GNOME   ,Furniture & Home Decor
21135,VICTORIAN  METAL POSTCARD SPRING,"Gifts, Toys & Party"
21136,PAINTED METAL PEARS ASSORTED,Other
21137,BLACK RECORD COVER FRAME,Furniture & Home Decor
21143,ANTIQUE GLASS HEART DECORATION ,Kitchenware & Tableware
21147,JINGLE BELLS TREE DECORATION,Other
21154,RED RETROSPOT OVEN GLOVE ,Furniture & Home Decor
21155,RED RETROSPOT PEG BAG,Furniture & Home Decor
21156,RETROSPOT CHILDRENS APRON,Furniture & Home Decor
21157,RED RETROSPOT WASHBAG,Furniture & Home Decor
21158,MOODY GIRL DOOR HANGER ,Furniture & Home Decor
21159,MOODY BOY  DOOR HANGER ,Furniture & Home Decor
21161,KEEP OUT BOYS DOOR HANGER ,Furniture & Home Decor
21162,TOXIC AREA  DOOR HANGER ,Furniture & Home Decor
21163,DO NOT TOUCH MY STUFF DOOR HANGER ,Furniture & Home Decor
21164,HOME SWEET HOME METAL SIGN ,Food & Beverages
21165,BEWARE OF THE CAT METAL SIGN ,Furniture & Home Decor
21166,COOK WITH WINE METAL SIGN ,Furniture & Home Decor
21167,WHITE SAGE INCENSE,Other
21169,YOU'RE CONFUSING ME METAL SIGN ,Furniture & Home Decor
21171,BATHROOM METAL SIGN ,Furniture & Home Decor
21172,PARTY METAL SIGN ,Furniture & Home Decor
21174,POTTERING IN THE SHED METAL SIGN,Furniture & Home Decor
21175,GIN + TONIC DIET METAL SIGN,Furniture & Home Decor
21179,NO JUNK MAIL METAL SIGN,Furniture & Home Decor
21181,PLEASE ONE PERSON METAL SIGN,Furniture & Home Decor
21187,WHITE BELL HONEYCOMB PAPER GARLAND ,Other
21188,3D HEARTS  HONEYCOMB PAPER GARLAND,Furniture & Home Decor
21189,WHITE HONEYCOMB PAPER GARLAND ,Other
21191,LARGE WHITE HONEYCOMB PAPER BELL  ,Other
21192,WHITE BELL HONEYCOMB PAPER ,Other
21194,PINK  HONEYCOMB PAPER FAN,Other
21195,PINK  HONEYCOMB PAPER BALL ,Other
21196,ROUND WHITE CONFETTI IN TUBE,Other
21197,MULTICOLOUR  CONFETTI IN TUBE,Other
21198,WHITE HEART CONFETTI IN TUBE,Furniture & Home Decor
21199,PINK  HEART CONFETTI IN TUBE,Furniture & Home Decor
21200,MULTICOLOUR HONEYCOMB PAPER GARLAND,Other
21201,TROPICAL  HONEYCOMB PAPER GARLAND ,Other
21202,DOLLY HONEYCOMB GARLAND,"Gifts, Toys & Party"
21204,DAISIES  HONEYCOMB GARLAND ,Other
21205,MULTICOLOUR 3D BALLS GARLAND,Other
21206,STRAWBERRY HONEYCOMB  GARLAND ,Other
21207,SKULL AND CROSSBONES  GARLAND ,Other
21208,PASTEL COLOUR HONEYCOMB FAN,Other
21209,MULTICOLOUR HONEYCOMB FAN,Other
21210,SET OF 72 RETROSPOT PAPER  DOILIES,Furniture & Home Decor
21211,SET OF 72 SKULL PAPER  DOILIES,Other
21212,PACK OF 72 RETROSPOT CAKE CASES,Kitchenware & Tableware
21213,PACK OF 72 SKULL CAKE CASES,Kitchenware & Tableware
21215,IVORY PAPER CUP CAKE CASES ,Kitchenware & Tableware
21216,"SET 3 RETROSPOT TEA,COFFEE,SUGAR",Kitchenware & Tableware
21217,RED RETROSPOT ROUND CAKE TINS,Kitchenware & Tableware
21218,RED SPOTTY BISCUIT TIN,Food & Beverages
21219,SET/4 BADGES BALLOON GIRL,"Gifts, Toys & Party"
21220,SET/4 BADGES DOGS,Other
21221,SET/4 BADGES CUTE CREATURES,Other
21222,SET/4 BADGES BEETLES,Other
21224,SET/4 SKULL BADGES,Other
21231,SWEETHEART CERAMIC TRINKET BOX,Food & Beverages
21232,STRAWBERRY CERAMIC TRINKET BOX,"Gifts, Toys & Party"
21238,RED RETROSPOT CUP,Kitchenware & Tableware
21239,PINK  POLKADOT CUP,Kitchenware & Tableware
21240,BLUE POLKADOT CUP,Kitchenware & Tableware
21242,RED RETROSPOT PLATE ,Kitchenware & Tableware
21243,PINK  POLKADOT PLATE ,Kitchenware & Tableware
21244,BLUE POLKADOT PLATE ,Kitchenware & Tableware
21245,GREEN POLKADOT PLATE ,Kitchenware & Tableware
21246,RED RETROSPOT BIG BOWL,Kitchenware & Tableware
21248,DOOR HANGER  MUM + DADS ROOM,Furniture & Home Decor
21249,WOODLAND  HEIGHT CHART STICKERS ,"Gifts, Toys & Party"
21250,SET OF SKULL WALL STICKERS,Furniture & Home Decor
21251,DINOSAUR HEIGHT CHART STICKER SET,"Gifts, Toys & Party"
21253,SET OF PICTURE FRAME  STICKERS,Furniture & Home Decor
21257,VICTORIAN SEWING BOX MEDIUM,"Gifts, Toys & Party"
21258,VICTORIAN SEWING BOX LARGE,"Gifts, Toys & Party"
21259,VICTORIAN SEWING BOX SMALL ,"Gifts, Toys & Party"
21260,FIRST AID TIN,Kitchenware & Tableware
21261,GREEN GOOSE FEATHER CHRISTMAS TREE ,"Gifts, Toys & Party"
21262,WHITE GOOSE FEATHER CHRISTMAS TREE ,"Gifts, Toys & Party"
21263,GREEN GOOSE FEATHER TREE 60CM,Other
21264,WHITE GOOSE FEATHER TREE 60CM ,Other
21265,PINK GOOSE FEATHER TREE 60CM,Other
21269,ANTIQUE CREAM CUTLERY SHELF ,Kitchenware & Tableware
21270,ANTIQUE CREAM CUTLERY CUPBOARD,Kitchenware & Tableware
21272,SALLE DE BAIN HOOK,Furniture & Home Decor
21277,FRENCH STYLE EMBOSSED HEART CABINET,Furniture & Home Decor
21279,VINTAGE KITCHEN PRINT FRUITS,Kitchenware & Tableware
21280,VINTAGE KITCHEN PRINT VEGETABLES,Kitchenware & Tableware
21284,RETROSPOT CANDLE  SMALL,Furniture & Home Decor
21285,RETROSPOT CANDLE  MEDIUM,Furniture & Home Decor
21286,RETROSPOT CANDLE  LARGE,Furniture & Home Decor
21287,SCENTED VELVET LOUNGE CANDLE ,Furniture & Home Decor
21288,STRIPEY CHOCOLATE NESTING BOXES,Food & Beverages
21289,LARGE STRIPES CHOCOLATE GIFT BAG,Food & Beverages
21291,SMALL POLKADOT CHOCOLATE GIFT BAG ,Food & Beverages
21292,SMALL STRIPES CHOCOLATE GIFT BAG ,Food & Beverages
21293,MIRRORED DOVE WALL DECORATION,Furniture & Home Decor
21294,ETCHED GLASS COASTER,Kitchenware & Tableware
21306,SET/4 DAISY MIRROR MAGNETS,Furniture & Home Decor
21307,SET/4 BUTTERFLY MIRROR MAGNETS,Furniture & Home Decor
21311,SET/4 BIRD MIRROR MAGNETS ,Furniture & Home Decor
21313,GLASS HEART T-LIGHT HOLDER ,Kitchenware & Tableware
21314,SMALL GLASS HEART TRINKET POT,Kitchenware & Tableware
21316,SMALL CHUNKY GLASS ROMAN  BOWL,Kitchenware & Tableware
21317,GLASS SPHERE CANDLE STAND MEDIUM,Kitchenware & Tableware
21318,GLASS CHALICE BLUE SMALL ,Kitchenware & Tableware
21319,GLASS CHALICE GREEN  SMALL ,Kitchenware & Tableware
21320,GLASS CHALICE GREEN  LARGE ,Kitchenware & Tableware
21324,HANGING MEDINA LANTERN SMALL,Other
21326,AGED GLASS SILVER T-LIGHT HOLDER,Kitchenware & Tableware
21327,SKULLS WRITING SET ,Kitchenware & Tableware
21328,BALLOONS  WRITING SET ,Kitchenware & Tableware
21329,DINOSAURS  WRITING SET ,Kitchenware & Tableware
21333,CLASSIC WHITE FRAME,Furniture & Home Decor
21340,CLASSIC METAL BIRDCAGE PLANT HOLDER,Furniture & Home Decor
21351,CINAMMON & ORANGE WREATH,Other
21352,EUCALYPTUS & PINECONE  WREATH,Other
21354,TOAST ITS - BEST MUM,Other
21355,TOAST ITS - I LOVE YOU ,Other
21356,TOAST ITS - FAIRY FLOWER,Furniture & Home Decor
21357,TOAST ITS - DINOSAUR,Other
21358,TOAST ITS - HAPPY BIRTHDAY,Other
21359,RELAX LARGE WOOD LETTERS,Other
21360,JOY LARGE WOOD LETTERS,Other
21361,LOVE LARGE WOOD LETTERS ,Other
21363,HOME SMALL WOOD LETTERS,Other
21364,PEACE SMALL WOOD LETTERS,Other
21365,MIRRORED WALL ART STARS,Furniture & Home Decor
21366,MIRRORED WALL ART PHOTO FRAMES,Furniture & Home Decor
21367,MIRRORED WALL ART GENTS,Furniture & Home Decor
21368,MIRRORED WALL ART LADIES,Furniture & Home Decor
21369,MIRRORED WALL ART SPLODGES,Furniture & Home Decor
21371,MIRRORED WALL ART POPPIES,Furniture & Home Decor
21372,MIRRORED WALL ART TABLE LAMP,Furniture & Home Decor
21373,MIRRORED WALL ART SNOWFLAKES,Furniture & Home Decor
21374,MIRRORED WALL ART SKULLS,Furniture & Home Decor
21375,LARGE CAMPHOR WOOD FIELD MUSHROOM ,Other
21376,LARGE  TALL CAMPHOR WOOD TOADSTOOL ,Other
21377,SMALL CAMPHOR WOOD FIELD  MUSHROOM,Other
21378,SMALL TALL CAMPHOR WOOD TOADSTOOL,Other
21379,CAMPHOR WOOD PORTOBELLO MUSHROOM,Other
21380,WOODEN HAPPY BIRTHDAY GARLAND,Other
21381,MINI WOODEN HAPPY BIRTHDAY GARLAND,Other
21382,SET/4 SPRING FLOWER DECORATION,Furniture & Home Decor
21383,PACK OF 12 STICKY BUNNIES,Other
21385,IVORY HANGING DECORATION  HEART,Furniture & Home Decor
21386,IVORY HANGING DECORATION  EGG,Other
21389,IVORY HANGING DECORATION  BIRD,Other
21390,FILIGRIS HEART WITH BUTTERFLY,Furniture & Home Decor
21391,FRENCH LAVENDER SCENT HEART,Furniture & Home Decor
21394,RED POLKADOT BEAKER ,Other
21395,BLUE POLKADOT BEAKER ,Other
21397,BLUE POLKADOT EGG CUP ,Kitchenware & Tableware
21398,RED POLKADOT COFFEE  MUG,Kitchenware & Tableware
21399,BLUE POLKADOT COFFEE MUG,Kitchenware & Tableware
21400,RED PUDDING SPOON,Kitchenware & Tableware
21401,BLUE PUDDING SPOON,Kitchenware & Tableware
21402,RED  EGG  SPOON,Kitchenware & Tableware
21403,BLUE EGG  SPOON,Kitchenware & Tableware
21407,BROWN CHECK CAT DOORSTOP ,Other
21408,SPOTTY PINK DUCK DOORSTOP,Furniture & Home Decor
21411,GINGHAM HEART  DOORSTOP RED,Furniture & Home Decor
21413,PERIWINKLE T-LIGHT HOLDER,Furniture & Home Decor
21415,CLAM SHELL SMALL ,Other
21417,COCKLE SHELL DISH,Kitchenware & Tableware
21418,STARFISH SOAP DISH,Kitchenware & Tableware
21420,OYSTER TRINKET BOX,"Gifts, Toys & Party"
21421,PORCELAIN ROSE LARGE ,Other
21422,PORCELAIN ROSE SMALL,Other
21424,WOODLAND STORAGE BOX LARGE ,"Gifts, Toys & Party"
21425,SKULLS STORAGE BOX LARGE,"Gifts, Toys & Party"
21426,WOODLAND STORAGE BOX SMALL,"Gifts, Toys & Party"
21427,SKULLS STORAGE BOX SMALL,"Gifts, Toys & Party"
21428,SET3 BOOK BOX GREEN GINGHAM FLOWER ,Furniture & Home Decor
21429,RED GINGHAM ROSE JEWELLERY BOX,"Gifts, Toys & Party"
21430,SET/3 RED GINGHAM ROSE STORAGE BOX,"Gifts, Toys & Party"
21439,BASKET OF TOADSTOOLS,Other
21441,BLUE BIRDHOUSE DECORATION,Other
21442,GREEN BIRDHOUSE DECORATION,Other
21445,12 PINK ROSE PEG PLACE SETTINGS,Kitchenware & Tableware
21446,12 RED ROSE PEG PLACE SETTINGS,Kitchenware & Tableware
21447,12 IVORY ROSE PEG PLACE SETTINGS,Kitchenware & Tableware
21448,12 DAISY PEGS IN WOOD BOX,"Gifts, Toys & Party"
21452,TOADSTOOL MONEY BOX,"Gifts, Toys & Party"
21454,PAINTED PINK RABBIT ,Other
21455,PAINTED YELLOW WOODEN DAISY,Other
21456,2 PICTURE BOOK EGGS EASTER CHICKS,Other
21457,2 PICTURE BOOK EGGS EASTER DUCKS,Other
21458,2 PICTURE BOOK EGGS EASTER BUNNY,Other
21459,YELLOW EASTER EGG HUNT START POST,Other
21462,"NURSERY A,B,C PAINTED LETTERS",Other
21463,MIRRORED DISCO BALL ,Furniture & Home Decor
21464,DISCO BALL ROTATOR BATTERY OPERATED,Other
21465,PINK FLOWER CROCHET FOOD COVER,Food & Beverages
21466,RED FLOWER CROCHET FOOD COVER,Food & Beverages
21467,CHERRY CROCHET FOOD COVER,Food & Beverages
21468,BUTTERFLY CROCHET FOOD COVER,Food & Beverages
21469,POLKA DOT RAFFIA FOOD COVER,Food & Beverages
21470,FLOWER VINE RAFFIA FOOD COVER,Food & Beverages
21471,STRAWBERRY RAFFIA FOOD COVER,Food & Beverages
21472,LADYBIRD + BEE RAFFIA FOOD COVER,Food & Beverages
21473,SWEETHEART CREAM STEEL TABLE RECT,Food & Beverages
21476,STEEL SWEETHEART ROUND TABLE CREAM,Food & Beverages
21479,WHITE SKULL HOT WATER BOTTLE ,Kitchenware & Tableware
21481,FAWN BLUE HOT WATER BOTTLE,Kitchenware & Tableware
21484,CHICK GREY HOT WATER BOTTLE,Kitchenware & Tableware
21485,RETROSPOT HEART HOT WATER BOTTLE,Kitchenware & Tableware
21494,ROTATING LEAVES T-LIGHT HOLDER,Kitchenware & Tableware
21495,SKULLS AND CROSSBONES WRAP,"Gifts, Toys & Party"
21497,FANCY FONTS BIRTHDAY WRAP,"Gifts, Toys & Party"
21498,RED RETROSPOT WRAP ,Furniture & Home Decor
21499,BLUE POLKADOT WRAP,"Gifts, Toys & Party"
21500,PINK POLKADOT WRAP ,"Gifts, Toys & Party"
21503,TOYBOX  WRAP ,"Gifts, Toys & Party"
21504,SKULLS GREETING CARD,Kitchenware & Tableware
21506,"FANCY FONT BIRTHDAY CARD, ","Gifts, Toys & Party"
21507,"ELEPHANT, BIRTHDAY CARD, ","Gifts, Toys & Party"
21508,VINTAGE KID DOLLY CARD ,"Gifts, Toys & Party"
21509,COWBOYS AND INDIANS BIRTHDAY CARD ,"Gifts, Toys & Party"
21518,BANK ACCOUNT  GREETING  CARD ,Kitchenware & Tableware
21519,GIN & TONIC DIET GREETING CARD ,Kitchenware & Tableware
21520,BOOZE & WOMEN GREETING CARD ,Kitchenware & Tableware
21523,DOORMAT FANCY FONT HOME SWEET HOME,Food & Beverages
21524,DOORMAT SPOTTY HOME SWEET HOME,Food & Beverages
21527,RED RETROSPOT TRADITIONAL TEAPOT ,Kitchenware & Tableware
21528,DAIRY MAID TRADITIONAL TEAPOT ,Kitchenware & Tableware
21530,DAIRY MAID TOASTRACK,Other
21531,RED RETROSPOT SUGAR JAM BOWL,Kitchenware & Tableware
21533,RETROSPOT LARGE MILK JUG,Kitchenware & Tableware
21534,DAIRY MAID LARGE MILK JUG,Kitchenware & Tableware
21535,RED RETROSPOT SMALL MILK JUG,Kitchenware & Tableware
21537,RED RETROSPOT PUDDING BOWL,Kitchenware & Tableware
21539,RED RETROSPOT BUTTER DISH,Kitchenware & Tableware
21544,SKULLS  WATER TRANSFER TATTOOS ,Other
21547,CERAMIC BIRDHOUSE CRESTED TIT SMALL,Other
21555,CERAMIC STRAWBERRY TRINKET TRAY,Kitchenware & Tableware
21556,CERAMIC STRAWBERRY MONEY BOX,"Gifts, Toys & Party"
21557,SET OF 6 FUNKY BEAKERS,Other
21558,SKULL LUNCH BOX WITH CUTLERY ,Kitchenware & Tableware
21559,STRAWBERRY LUNCH BOX WITH CUTLERY,Kitchenware & Tableware
21561,DINOSAUR LUNCH BOX WITH CUTLERY,Kitchenware & Tableware
21562,HAWAIIAN GRASS SKIRT ,Other
21563,RED HEART SHAPE LOVE BUCKET ,Furniture & Home Decor
21564,PINK  HEART SHAPE LOVE BUCKET ,Furniture & Home Decor
21576,LETS GO SHOPPING COTTON TOTE BAG,"Gifts, Toys & Party"
21577,SAVE THE PLANET COTTON TOTE BAG,"Gifts, Toys & Party"
21578,WOODLAND DESIGN  COTTON TOTE BAG,Furniture & Home Decor
21579,LOLITA  DESIGN  COTTON TOTE BAG,Furniture & Home Decor
21580,RABBIT  DESIGN  COTTON TOTE BAG,Furniture & Home Decor
21581,SKULLS  DESIGN  COTTON TOTE BAG,Furniture & Home Decor
21584,RETROSPOT SMALL TUBE MATCHES,Furniture & Home Decor
21586,KINGS CHOICE GIANT TUBE MATCHES,Other
21587,COSY HOUR GIANT TUBE MATCHES,Other
21588,RETROSPOT GIANT TUBE MATCHES,Furniture & Home Decor
21591,COSY HOUR CIGAR BOX MATCHES ,"Gifts, Toys & Party"
21592,RETROSPOT CIGAR BOX MATCHES ,Furniture & Home Decor
21609,SET 12 LAVENDER  BOTANICAL T-LIGHTS,Furniture & Home Decor
21613,S/12 VANILLA  BOTANICAL T-LIGHTS,Furniture & Home Decor
21615,4 LAVENDER BOTANICAL DINNER CANDLES,Furniture & Home Decor
21616,4 PEAR BOTANICAL DINNER CANDLES,Furniture & Home Decor
21617,4 LILY  BOTANICAL DINNER CANDLES,Furniture & Home Decor
21618,4 WILDFLOWER BOTANICAL CANDLES,Furniture & Home Decor
21619,4 VANILLA BOTANICAL CANDLES,Furniture & Home Decor
21620,SET OF 4 ROSE BOTANICAL CANDLES,Furniture & Home Decor
21621,VINTAGE UNION JACK BUNTING,Kitchenware & Tableware
21622,VINTAGE UNION JACK CUSHION COVER,Furniture & Home Decor
21623,VINTAGE UNION JACK MEMOBOARD,Other
21624,VINTAGE UNION JACK DOORSTOP,Other
21625,VINTAGE UNION JACK APRON,Other
21626,VINTAGE UNION JACK PENNANT,"Gifts, Toys & Party"
21627,ELEPHANT CARNIVAL POUFFE,Other
21628,TRIANGULAR POUFFE VINTAGE ,Other
21629,SQUARE FLOOR CUSHION VINTAGE RED,Furniture & Home Decor
21630,FLOOR CUSHION ELEPHANT CARNIVAL,Furniture & Home Decor
21631,HIPPY CHIC DECORATIVE PARASOL,Other
21633,SUNFLOWER DECORATIVE PARASOL,Furniture & Home Decor
21634,ASSORTED MINI MADRAS NOTEBOOK,Other
21635,MADRAS NOTEBOOK LARGE ,Other
21636,MADRAS NOTEBOOK MEDIUM,Other
21638,ASSORTED TUTTI FRUTTI NOTEBOOK,Other
21640,ASSORTED TUTTI FRUTTI  FOB NOTEBOOK,Other
21641,ASSORTED TUTTI FRUTTI KEYRING BALL,Other
21642,ASSORTED TUTTI FRUTTI PEN,"Gifts, Toys & Party"
21643,ASSORTED TUTTI FRUTTI MIRROR,Furniture & Home Decor
21644,ASSORTED TUTTI FRUTTI HEART BOX,Furniture & Home Decor
21647,ASSORTED TUTTI FRUTTI LARGE PURSE,Other
21648,ASSORTED TUTTI FRUTTI SMALL PURSE,Other
21650,ASSORTED TUTTI FRUTTI BRACELET,Other
21651,HANGING GLASS ETCHED TEALIGHT,Kitchenware & Tableware
21654,RIDGED GLASS FINGER BOWL,Kitchenware & Tableware
21656,RIDGED GLASS POSY VASE ,Kitchenware & Tableware
21657,MILK BOTTLE WITH GLASS STOPPER ,Kitchenware & Tableware
21658,GLASS  BEURRE DISH,Kitchenware & Tableware
21662,VINTAGE GLASS COFFEE CADDY,Kitchenware & Tableware
21664,RIDGED GLASS STORAGE JAR CREAM LID,Kitchenware & Tableware
21666,RIDGED GLASS T-LIGHT HOLDER,Kitchenware & Tableware
21668,RED STRIPE CERAMIC DRAWER KNOB,Furniture & Home Decor
21669,BLUE STRIPE CERAMIC DRAWER KNOB,Furniture & Home Decor
21670,BLUE SPOT CERAMIC DRAWER KNOB,Furniture & Home Decor
21671,RED SPOT CERAMIC DRAWER KNOB,Furniture & Home Decor
21672,WHITE SPOT RED CERAMIC DRAWER KNOB,Furniture & Home Decor
21673,WHITE SPOT BLUE CERAMIC DRAWER KNOB,Furniture & Home Decor
21675,BUTTERFLIES STICKERS,"Gifts, Toys & Party"
21676,FLOWERS  STICKERS,Furniture & Home Decor
21677,HEARTS  STICKERS,Furniture & Home Decor
21678,PAISLEY PATTERN  STICKERS,"Gifts, Toys & Party"
21679,SKULLS  STICKERS,"Gifts, Toys & Party"
21680,WOODLAND  STICKERS,"Gifts, Toys & Party"
21682,LARGE MEDINA STAMPED METAL BOWL ,Kitchenware & Tableware
21683,MEDIUM MEDINA STAMPED METAL BOWL ,Kitchenware & Tableware
21684,SMALL MEDINA STAMPED METAL BOWL ,Kitchenware & Tableware
21686,MEDINA STAMPED METAL STOOL,Other
21688,SILVER PLATE CANDLE BOWL SMALL,Kitchenware & Tableware
21689,SILVER VANILLA  FLOWER CANDLE POT,Furniture & Home Decor
21693,SMALL HAMMERED SILVER CANDLEPOT ,Furniture & Home Decor
21694,SMALL REGAL  SILVER CANDLEPOT ,Furniture & Home Decor
21695,SMALL SILVER FLOWER CANDLE POT,Furniture & Home Decor
21696,SMALL SILVER TRELLIS CANDLEPOT,Furniture & Home Decor
21698,MOCK LOBSTER FRIDGE MAGNET,Other
21700,BIG DOUGHNUT FRIDGE MAGNETS,Other
21703,BAG 125g SWIRLY MARBLES,"Gifts, Toys & Party"
21704,BAG 250g SWIRLY MARBLES,"Gifts, Toys & Party"
21705,BAG 500g SWIRLY MARBLES,"Gifts, Toys & Party"
21706,FOLDING UMBRELLA RED/WHITE POLKADOT,Other
21707,FOLDING UMBRELLA BLACKBLUE POLKADOT,Other
21708,FOLDING UMBRELLA CREAM POLKADOT,Other
21709,FOLDING UMBRELLA CHOCOLATE POLKADOT,Food & Beverages
21710,FOLDING UMBRELLA PINKWHITE POLKADOT,Other
21711,FOLDING UMBRELLA WHITE/RED POLKADOT,Other
21713,CITRONELLA CANDLE FLOWERPOT,Furniture & Home Decor
21714,CITRONELLA CANDLE GARDEN POT,Furniture & Home Decor
21715,GIRLS VINTAGE TIN SEASIDE BUCKET,Kitchenware & Tableware
21716,BOYS VINTAGE TIN SEASIDE BUCKET,Kitchenware & Tableware
21717,EASTER TIN BUCKET,Kitchenware & Tableware
21718,RED METAL BEACH SPADE ,Other
21719,LOVELY BONBON STICKER SHEET,"Gifts, Toys & Party"
21721,CANDY SHOP  STICKER SHEET,Food & Beverages
21722,SWEET PUDDING STICKER SHEET,Food & Beverages
21723,ALPHABET HEARTS STICKER SHEET,Furniture & Home Decor
21724,PANDA AND BUNNIES STICKER SHEET,Kitchenware & Tableware
21725,SWEETIES  STICKERS,Food & Beverages
21726,MULTI HEARTS  STICKERS,Furniture & Home Decor
21730,GLASS STAR FROSTED T-LIGHT HOLDER,Kitchenware & Tableware
21731,RED TOADSTOOL LED NIGHT LIGHT,Furniture & Home Decor
21733,RED HANGING HEART T-LIGHT HOLDER,Furniture & Home Decor
21735,TWO DOOR CURIO CABINET,Furniture & Home Decor
21738,COSY SLIPPER SHOES SMALL  RED ,Other
21739,COSY SLIPPER SHOES SMALL GREEN,Other
21741,COSY SLIPPER SHOES LARGE GREEN,Other
21742,LARGE ROUND WICKER PLATTER ,Other
21743,STAR PORTABLE TABLE LIGHT ,Furniture & Home Decor
21744,SNOWFLAKE PORTABLE TABLE LIGHT ,Furniture & Home Decor
21745,GAOLERS KEYS DECORATIVE GARDEN ,Other
21746,SMALL RED RETROSPOT WINDMILL,Furniture & Home Decor
21747,SMALL SKULL WINDMILL,Other
21749,LARGE RED RETROSPOT WINDMILL,Furniture & Home Decor
21750,LARGE SKULL WINDMILL,Other
21754,HOME BUILDING BLOCK WORD,Other
21755,LOVE BUILDING BLOCK WORD,Other
21756,BATH BUILDING BLOCK WORD,Other
21758,VINTAGE SHELLS PRINT,Other
21761,WOOD AND GLASS MEDICINE CABINET,Kitchenware & Tableware
21770,OPEN CLOSED METAL SIGN,Furniture & Home Decor
21773,DECORATIVE ROSE BATHROOM BOTTLE,Kitchenware & Tableware
21774,DECORATIVE CATS BATHROOM BOTTLE,Kitchenware & Tableware
21775,DECORATIVE FLORE BATHROOM BOTTLE,Kitchenware & Tableware
21781,MA CAMPAGNE CUTLERY BOX,Kitchenware & Tableware
21784,SHOE SHINE BOX ,"Gifts, Toys & Party"
21786,POLKADOT RAIN HAT ,Other
21787,RAIN PONCHO RETROSPOT,Furniture & Home Decor
21788,KIDS RAIN MAC BLUE,Other
21789,KIDS RAIN MAC PINK,Other
21790,VINTAGE SNAP CARDS,"Gifts, Toys & Party"
21791,VINTAGE HEADS AND TAILS CARD GAME ,"Gifts, Toys & Party"
21792,CLASSIC FRENCH STYLE BASKET GREEN ,Other
21793,CLASSIC FRENCH STYLE BASKET BROWN,Other
21794,CLASSIC FRENCH STYLE BASKET NATURAL,Other
21801,CHRISTMAS TREE DECORATION WITH BELL,"Gifts, Toys & Party"
21802,CHRISTMAS TREE HEART DECORATION,Furniture & Home Decor
21803,CHRISTMAS TREE STAR DECORATION,"Gifts, Toys & Party"
21804,WHITE CHRISTMAS GARLAND STARS TREES,"Gifts, Toys & Party"
21807,WHITE CHRISTMAS STAR DECORATION,"Gifts, Toys & Party"
21808,"CHRISTMAS GARLAND STARS,TREES","Gifts, Toys & Party"
21809,CHRISTMAS HANGING TREE WITH BELL,"Gifts, Toys & Party"
21810,CHRISTMAS HANGING STAR WITH BELL,"Gifts, Toys & Party"
21811,HANGING HEART WITH BELL,Furniture & Home Decor
21812,GARLAND WITH HEARTS AND BELLS,Furniture & Home Decor
21813,GARLAND WITH STARS AND BELLS,Other
21814,HEART T-LIGHT HOLDER ,Furniture & Home Decor
21815,STAR  T-LIGHT HOLDER ,Furniture & Home Decor
21817,GLITTER CHRISTMAS TREE,"Gifts, Toys & Party"
21818,GLITTER HEART DECORATION,Furniture & Home Decor
21819,GLITTER CHRISTMAS STAR ,"Gifts, Toys & Party"
21820,GLITTER HEART GARLAND WITH BELLS ,Furniture & Home Decor
21821,GLITTER STAR GARLAND WITH BELLS ,Other
21822,GLITTER CHRISTMAS TREE WITH BELLS,"Gifts, Toys & Party"
21823,PAINTED METAL HEART WITH HOLLY BELL,Furniture & Home Decor
21824,PAINTED METAL STAR WITH HOLLY BELLS,Other
21826,EIGHT PIECE DINOSAUR SET,Other
21828,EIGHT PIECE SNAKE  SET,Other
21829,DINOSAUR KEYRINGS ASSORTED,Other
21830,ASSORTED CREEPY CRAWLIES,Other
21832,CHOCOLATE CALCULATOR,Food & Beverages
21833,CAMOUFLAGE LED TORCH,Other
21841,BABY MOUSE RED GINGHAM DRESS,Other
21843,RED RETROSPOT CAKE STAND,Kitchenware & Tableware
21844,RED RETROSPOT MUG,Kitchenware & Tableware
21845,DAIRY MAID STRIPE MUG,Kitchenware & Tableware
21846,PINK DIAMANTE PEN IN GIFT BOX,"Gifts, Toys & Party"
21849,SILVER DIAMANTE PEN IN GIFT BOX,"Gifts, Toys & Party"
21850,BLUE  DIAMANTE PEN IN GIFT BOX,"Gifts, Toys & Party"
21851,LILAC DIAMANTE PEN IN GIFT BOX,"Gifts, Toys & Party"
21864,UNION JACK FLAG PASSPORT COVER ,Other
21865,PINK UNION JACK  PASSPORT COVER ,Other
21866,UNION JACK FLAG LUGGAGE TAG,Other
21867,PINK UNION JACK  LUGGAGE TAG,Other
21868,POTTING SHED TEA MUG,Kitchenware & Tableware
21870,I CAN ONLY PLEASE ONE PERSON MUG,Kitchenware & Tableware
21871,SAVE THE PLANET MUG,Kitchenware & Tableware
21872,GLAMOROUS  MUG,Kitchenware & Tableware
21873,IF YOU CAN'T STAND THE HEAT MUG,Kitchenware & Tableware
21874,GIN AND TONIC MUG,Kitchenware & Tableware
21875,KINGS CHOICE MUG,Kitchenware & Tableware
21876,POTTERING MUG,Kitchenware & Tableware
21877,HOME SWEET HOME MUG,Food & Beverages
21878,PACK OF 6 SANDCASTLE FLAGS ASSORTED,Other
21879,HEARTS GIFT TAPE,Furniture & Home Decor
21880,RED RETROSPOT TAPE,Furniture & Home Decor
21881,CUTE CATS TAPE,Other
21882,SKULLS TAPE,Other
21883,STARS GIFT TAPE ,"Gifts, Toys & Party"
21884,CAKES AND BOWS GIFT  TAPE,Kitchenware & Tableware
21888,BINGO SET,Other
21889,WOODEN BOX OF DOMINOES,"Gifts, Toys & Party"
21890,S/6 WOODEN SKITTLES IN COTTON BAG,"Gifts, Toys & Party"
21891,TRADITIONAL WOODEN SKIPPING ROPE,Other
21892,TRADITIONAL WOODEN CATCH CUP GAME ,Kitchenware & Tableware
21894,POTTING SHED SEED ENVELOPES,Kitchenware & Tableware
21896,POTTING SHED TWINE,Kitchenware & Tableware
21899,GARAGE KEY FOB,Other
21900,"KEY FOB , SHED",Other
21901,"KEY FOB , BACK DOOR ",Other
21902,"KEY FOB , FRONT  DOOR ",Other
21903,MAN FLU METAL SIGN,Furniture & Home Decor
21904,HOUSE WRECKING METAL SIGN ,Furniture & Home Decor
21905,MORE BUTTER METAL SIGN ,Furniture & Home Decor
21906,PHARMACIE FIRST AID TIN,Kitchenware & Tableware
21907,I'M ON HOLIDAY METAL SIGN,Furniture & Home Decor
21908,CHOCOLATE THIS WAY METAL SIGN,Food & Beverages
21911,GARDEN METAL SIGN ,Furniture & Home Decor
21912,VINTAGE SNAKES & LADDERS,Other
21913,VINTAGE SEASIDE JIGSAW PUZZLES,Other
21914,BLUE HARMONICA IN BOX ,"Gifts, Toys & Party"
21915,RED  HARMONICA IN BOX ,"Gifts, Toys & Party"
21916,SET 12 RETRO WHITE CHALK STICKS,Other
21917,SET 12 KIDS  WHITE CHALK STICKS,Other
21918,SET 12 KIDS COLOUR  CHALK STICKS,Other
21922,UNION STRIPE WITH FRINGE  HAMMOCK,Other
21925,UNION STRIPE CUSHION COVER ,Furniture & Home Decor
21926,RED/CREAM STRIPE CUSHION COVER ,Furniture & Home Decor
21927,BLUE/CREAM STRIPE CUSHION COVER ,Furniture & Home Decor
21928,JUMBO BAG SCANDINAVIAN BLUE PAISLEY,"Gifts, Toys & Party"
21929,JUMBO BAG PINK VINTAGE PAISLEY,"Gifts, Toys & Party"
21930,JUMBO STORAGE BAG SKULLS,"Gifts, Toys & Party"
21931,JUMBO STORAGE BAG SUKI,"Gifts, Toys & Party"
21932,SCANDINAVIAN PAISLEY PICNIC BAG,"Gifts, Toys & Party"
21933,PINK VINTAGE PAISLEY PICNIC BAG,"Gifts, Toys & Party"
21934,SKULL SHOULDER BAG,"Gifts, Toys & Party"
21935,SUKI  SHOULDER BAG,"Gifts, Toys & Party"
21936,RED RETROSPOT PICNIC BAG,Furniture & Home Decor
21937,STRAWBERRY   PICNIC BAG,"Gifts, Toys & Party"
21942,SKULLS DESIGN FLANNEL,Furniture & Home Decor
21943,CAKES AND RABBITS DESIGN FLANNEL ,Kitchenware & Tableware
21944,KITTENS DESIGN FLANNEL,Furniture & Home Decor
21945,STRAWBERRIES  DESIGN FLANNEL ,Furniture & Home Decor
21946,PARTY TIME DESIGN FLANNEL,Furniture & Home Decor
21947,SET OF 6 HEART CHOPSTICKS,Furniture & Home Decor
21948,SET OF 6 CAKE CHOPSTICKS,Kitchenware & Tableware
21949,SET OF 6 STRAWBERRY CHOPSTICKS,Other
21955,DOORMAT UNION JACK GUNS AND ROSES,Furniture & Home Decor
21967,PACK OF 12 SKULL TISSUES,Other
21972,SET OF 36 DINOSAUR PAPER DOILIES,Other
21973,SET OF 36 MUSHROOM PAPER DOILIES,Other
21974,SET OF 36 PAISLEY FLOWER DOILIES,Furniture & Home Decor
21975,PACK OF 60 DINOSAUR CAKE CASES,Kitchenware & Tableware
21976,PACK OF 60 MUSHROOM CAKE CASES,Kitchenware & Tableware
21977,PACK OF 60 PINK PAISLEY CAKE CASES,Kitchenware & Tableware
21980,PACK OF 12 RED RETROSPOT TISSUES ,Furniture & Home Decor
21981,PACK OF 12 WOODLAND TISSUES ,Other
21982,PACK OF 12 SUKI TISSUES ,Other
21983,PACK OF 12 BLUE PAISLEY TISSUES ,Other
21984,PACK OF 12 PINK PAISLEY TISSUES ,Other
21985,PACK OF 12 HEARTS DESIGN TISSUES ,Furniture & Home Decor
21986,PACK OF 12 PINK POLKADOT TISSUES,Other
21987,PACK OF 6 SKULL PAPER CUPS,Kitchenware & Tableware
21988,PACK OF 6 SKULL PAPER PLATES,Kitchenware & Tableware
21989,PACK OF 20 SKULL PAPER NAPKINS,Other
21990,MODERN FLORAL STATIONERY SET,Other
21991,BOHEMIAN COLLAGE STATIONERY SET,Other
21992,VINTAGE PAISLEY STATIONERY SET,Other
21993,FLORAL FOLK STATIONERY SET,Other
22021,BLUE FELT EASTER EGG BASKET,Other
22023,EMPIRE BIRTHDAY CARD,"Gifts, Toys & Party"
22024,RAINY LADIES BIRTHDAY CARD,"Gifts, Toys & Party"
22025,RING OF ROSES BIRTHDAY CARD,"Gifts, Toys & Party"
22026,BANQUET BIRTHDAY  CARD  ,"Gifts, Toys & Party"
22027,TEA PARTY BIRTHDAY CARD,Kitchenware & Tableware
22028,PENNY FARTHING BIRTHDAY CARD,"Gifts, Toys & Party"
22029,SPACEBOY BIRTHDAY CARD,"Gifts, Toys & Party"
22030,SWALLOWS GREETING CARD,Kitchenware & Tableware
22031,BOTANICAL LAVENDER BIRTHDAY CARD,"Gifts, Toys & Party"
22032,BOTANICAL LILY GREETING CARD,Kitchenware & Tableware
22033,BOTANICAL ROSE GREETING CARD,Kitchenware & Tableware
22035,VINTAGE CARAVAN GREETING CARD ,Kitchenware & Tableware
22037,ROBOT BIRTHDAY CARD,"Gifts, Toys & Party"
22038,BOTANICAL LAVENDER GIFT WRAP ,"Gifts, Toys & Party"
22040,BOTANICAL ROSE GIFT WRAP,"Gifts, Toys & Party"
22041,"RECORD FRAME 7"" SINGLE SIZE ",Furniture & Home Decor
22042,CHRISTMAS CARD SINGING ANGEL,"Gifts, Toys & Party"
22043,CHRISTMAS CARD SCREEN PRINT ,"Gifts, Toys & Party"
22044,CHRISTMAS CARD STACK OF PRESENTS,"Gifts, Toys & Party"
22045,SPACEBOY GIFT WRAP,"Gifts, Toys & Party"
22046,TEA PARTY  WRAPPING PAPER ,Kitchenware & Tableware
22047,EMPIRE GIFT WRAP,"Gifts, Toys & Party"
22048,BIRTHDAY BANQUET GIFT WRAP,"Gifts, Toys & Party"
22049,WRAP CHRISTMAS SCREEN PRINT,"Gifts, Toys & Party"
22050,PINK PAISLEY ROSE GIFT WRAP,"Gifts, Toys & Party"
22051,BLUE SCANDINAVIAN PAISLEY WRAP,"Gifts, Toys & Party"
22052,VINTAGE CARAVAN GIFT WRAP,"Gifts, Toys & Party"
22053,EMPIRE DESIGN ROSETTE,Furniture & Home Decor
22055,MINI CAKE STAND  HANGING STRAWBERY,Kitchenware & Tableware
22057,CERAMIC PLATE STRAWBERRY DESIGN,Kitchenware & Tableware
22059,CERAMIC STRAWBERRY DESIGN MUG,Kitchenware & Tableware
22060,LARGE CAKE STAND HANGING HEARTS,Kitchenware & Tableware
22061,LARGE CAKE STAND  HANGING STRAWBERY,Kitchenware & Tableware
22062,CERAMIC BOWL WITH LOVE HEART DESIGN,Kitchenware & Tableware
22063,CERAMIC BOWL WITH STRAWBERRY DESIGN,Kitchenware & Tableware
22064,PINK DOUGHNUT TRINKET POT ,Furniture & Home Decor
22065,CHRISTMAS PUDDING TRINKET POT ,Furniture & Home Decor
22066,LOVE HEART TRINKET POT,Furniture & Home Decor
22067,CHOC TRUFFLE GOLD TRINKET POT ,Furniture & Home Decor
22068,BLACK PIRATE TREASURE CHEST,Other
22069,BROWN  PIRATE TREASURE CHEST ,Other
22070,SMALL RED RETROSPOT MUG IN BOX ,Kitchenware & Tableware
22071,SMALL WHITE RETROSPOT MUG IN BOX ,Kitchenware & Tableware
22072,RED RETROSPOT TEA CUP AND SAUCER ,Kitchenware & Tableware
22073,RED RETROSPOT STORAGE JAR,Kitchenware & Tableware
22074,6 RIBBONS SHIMMERING PINKS ,"Gifts, Toys & Party"
22075,6 RIBBONS ELEGANT CHRISTMAS ,"Gifts, Toys & Party"
22076,6 RIBBONS EMPIRE  ,"Gifts, Toys & Party"
22077,6 RIBBONS RUSTIC CHARM,"Gifts, Toys & Party"
22078,RIBBON REEL LACE DESIGN ,Furniture & Home Decor
22079,RIBBON REEL HEARTS DESIGN ,Furniture & Home Decor
22080,RIBBON REEL POLKADOTS ,"Gifts, Toys & Party"
22081,RIBBON REEL FLORA + FAUNA ,"Gifts, Toys & Party"
22082,RIBBON REEL STRIPES DESIGN ,Furniture & Home Decor
22083,PAPER CHAIN KIT RETROSPOT,Furniture & Home Decor
22084,PAPER CHAIN KIT EMPIRE,Other
22085,PAPER CHAIN KIT SKULLS ,Other
22086,PAPER CHAIN KIT 50'S CHRISTMAS ,"Gifts, Toys & Party"
22087,PAPER BUNTING WHITE LACE,Kitchenware & Tableware
22088,PAPER BUNTING COLOURED LACE,Kitchenware & Tableware
22089,PAPER BUNTING VINTAGE PAISLEY,Kitchenware & Tableware
22090,PAPER BUNTING RETROSPOT,Kitchenware & Tableware
22091,EMPIRE TISSUE BOX,"Gifts, Toys & Party"
22092,BLUE PAISLEY TISSUE BOX,"Gifts, Toys & Party"
22093,MOTORING TISSUE BOX,"Gifts, Toys & Party"
22094,RED RETROSPOT TISSUE BOX,Furniture & Home Decor
22095,LADS ONLY TISSUE BOX,"Gifts, Toys & Party"
22096,PINK PAISLEY SQUARE TISSUE BOX ,"Gifts, Toys & Party"
22097,SWALLOW SQUARE TISSUE BOX,Furniture & Home Decor
22098,BOUDOIR SQUARE TISSUE BOX,"Gifts, Toys & Party"
22099,CARAVAN SQUARE TISSUE BOX,"Gifts, Toys & Party"
22100,SKULLS SQUARE TISSUE BOX,"Gifts, Toys & Party"
22101,MIRROR MOSAIC VOTIVE HOLDER,Furniture & Home Decor
22102,MIRROR MOSAIC T-LIGHT HOLDER ,Furniture & Home Decor
22103,MIRROR MOSAIC T-LIGHT HOLDER ROUND,Furniture & Home Decor
22104,MIRROR MOSAIC CANDLE PLATE,Kitchenware & Tableware
22105,MIRROR MOSAIC GOBLET CANDLE HOLDER,Furniture & Home Decor
22106,MIRROR MOSAIC HURRICANE LAMP ,Furniture & Home Decor
22107,PIZZA PLATE IN BOX,Kitchenware & Tableware
22108,PING! MICROWAVE PLATE,Kitchenware & Tableware
22109,FULL ENGLISH BREAKFAST PLATE,Kitchenware & Tableware
22110,BIRD HOUSE HOT WATER BOTTLE,Kitchenware & Tableware
22111,SCOTTIE DOG HOT WATER BOTTLE,Kitchenware & Tableware
22112,CHOCOLATE HOT WATER BOTTLE,Food & Beverages
22113,GREY HEART HOT WATER BOTTLE,Kitchenware & Tableware
22114,HOT WATER BOTTLE TEA AND SYMPATHY,Kitchenware & Tableware
22115,METAL SIGN EMPIRE TEA,Kitchenware & Tableware
22116,METAL SIGN HIS DINNER IS SERVED,Furniture & Home Decor
22117,METAL SIGN HER DINNER IS SERVED ,Furniture & Home Decor
22118,JOY WOODEN BLOCK LETTERS,Other
22119,PEACE WOODEN BLOCK LETTERS,Other
22120,WELCOME  WOODEN BLOCK LETTERS,Other
22121,NOEL WOODEN BLOCK LETTERS ,Other
22123,PING MICROWAVE APRON,Other
22124,SET OF 2 TEA TOWELS PING MICROWAVE,Kitchenware & Tableware
22127,PARTY CONES CARNIVAL ASSORTED,"Gifts, Toys & Party"
22128,PARTY CONES CANDY ASSORTED,Food & Beverages
22129,PARTY CONES CANDY TREE DECORATION,Food & Beverages
22130,PARTY CONE CHRISTMAS DECORATION ,"Gifts, Toys & Party"
22131,FOOD CONTAINER SET 3 LOVE HEART ,Food & Beverages
22132,RED LOVE HEART SHAPE CUP,Kitchenware & Tableware
22133,PINK LOVE HEART SHAPE CUP,Kitchenware & Tableware
22134,MINI LADLE LOVE HEART RED ,Furniture & Home Decor
22135,MINI LADLE LOVE HEART PINK,Furniture & Home Decor
22136,LOVE HEART SOCK HANGER,Furniture & Home Decor
22137,BATHROOM SET LOVE HEART DESIGN,Furniture & Home Decor
22138,BAKING SET 9 PIECE RETROSPOT ,Kitchenware & Tableware
22139,RETROSPOT TEA SET CERAMIC 11 PC ,Kitchenware & Tableware
22141,CHRISTMAS CRAFT TREE TOP ANGEL,"Gifts, Toys & Party"
22142,CHRISTMAS CRAFT WHITE FAIRY ,"Gifts, Toys & Party"
22144,CHRISTMAS CRAFT LITTLE FRIENDS,"Gifts, Toys & Party"
22147,FELTCRAFT BUTTERFLY HEARTS,Furniture & Home Decor
22148,EASTER CRAFT 4 CHICKS ,Other
22149,FELTCRAFT 6 FLOWER FRIENDS,Furniture & Home Decor
22150,3 STRIPEY MICE FELTCRAFT,Other
22151,PLACE SETTING WHITE HEART,Kitchenware & Tableware
22152,PLACE SETTING WHITE STAR,Kitchenware & Tableware
22153,ANGEL DECORATION STARS ON DRESS,Other
22154,ANGEL DECORATION 3 BUTTONS ,Other
22155,STAR DECORATION RUSTIC,Other
22156,HEART DECORATION WITH PEARLS ,Furniture & Home Decor
22157,ANGEL DECORATION WITH LACE PADDED,Other
22158,3 HEARTS HANGING DECORATION RUSTIC,Furniture & Home Decor
22161,HEART DECORATION RUSTIC HANGING ,Furniture & Home Decor
22162,HEART GARLAND RUSTIC PADDED,Furniture & Home Decor
22163,HEART STRING MEMO HOLDER HANGING,Furniture & Home Decor
22164,STRING OF STARS CARD HOLDER,Furniture & Home Decor
22165,"DIAMANTE HEART SHAPED WALL MIRROR, ",Furniture & Home Decor
22166,WALL MIRROR RECTANGLE DIAMANTE PINK,Furniture & Home Decor
22167, OVAL WALL MIRROR DIAMANTE ,Furniture & Home Decor
22168,ORGANISER WOOD ANTIQUE WHITE ,Other
22169,FAMILY ALBUM WHITE PICTURE FRAME,Furniture & Home Decor
22170,PICTURE FRAME WOOD TRIPLE PORTRAIT,Furniture & Home Decor
22171,3 HOOK PHOTO SHELF ANTIQUE WHITE,Furniture & Home Decor
22173,METAL 4 HOOK HANGER FRENCH CHATEAU,Kitchenware & Tableware
22174,PHOTO CUBE,Other
22175,PINK OWL SOFT TOY,"Gifts, Toys & Party"
22176,BLUE OWL SOFT TOY,"Gifts, Toys & Party"
22178,VICTORIAN GLASS HANGING T-LIGHT,Kitchenware & Tableware
22179,SET 10 NIGHT OWL LIGHTS,Furniture & Home Decor
22180,RETROSPOT LAMP,Furniture & Home Decor
22181,SNOWSTORM PHOTO FRAME FRIDGE MAGNET,Furniture & Home Decor
22182,CAKE STAND VICTORIAN FILIGREE SMALL,Kitchenware & Tableware
22183,CAKE STAND VICTORIAN FILIGREE MED,Kitchenware & Tableware
22185,SLATE TILE NATURAL HANGING,Other
22186,RED STAR CARD HOLDER,Furniture & Home Decor
22187,GREEN CHRISTMAS TREE CARD HOLDER,Furniture & Home Decor
22188,BLACK HEART CARD HOLDER,Furniture & Home Decor
22189,CREAM HEART CARD HOLDER,Furniture & Home Decor
22190,LOCAL CAFE MUG,Kitchenware & Tableware
22191,IVORY DINER WALL CLOCK,Furniture & Home Decor
22192,BLUE DINER WALL CLOCK,Furniture & Home Decor
22193,RED DINER WALL CLOCK,Furniture & Home Decor
22194,BLACK DINER WALL CLOCK,Furniture & Home Decor
22195,LARGE HEART MEASURING SPOONS,Kitchenware & Tableware
22196,SMALL HEART MEASURING SPOONS,Kitchenware & Tableware
22197,POPCORN HOLDER,Furniture & Home Decor
22198,LARGE POPCORN HOLDER ,Furniture & Home Decor
22199,FRYING PAN RED RETROSPOT,Kitchenware & Tableware
22200,FRYING PAN PINK POLKADOT,Kitchenware & Tableware
22201,FRYING PAN BLUE POLKADOT,Kitchenware & Tableware
22202,MILK PAN PINK POLKADOT,Kitchenware & Tableware
22203,MILK PAN RED RETROSPOT,Kitchenware & Tableware
22204,MILK PAN BLUE POLKADOT,Kitchenware & Tableware
22207,FRYING PAN UNION FLAG,Kitchenware & Tableware
22208,WOOD STAMP SET THANK YOU,Other
22209,WOOD STAMP SET HAPPY BIRTHDAY,Other
22210,WOOD STAMP SET BEST WISHES,Other
22211,WOOD STAMP SET FLOWERS,Furniture & Home Decor
22212,FOUR HOOK  WHITE LOVEBIRDS,Furniture & Home Decor
22214,CANDLE PLATE LACE WHITE,Kitchenware & Tableware
22215,CAKE STAND WHITE TWO TIER LACE,Kitchenware & Tableware
22216,T-LIGHT HOLDER WHITE LACE,Furniture & Home Decor
22217,T-LIGHT HOLDER HANGING LACE,Furniture & Home Decor
22219,LOVEBIRD HANGING DECORATION WHITE ,Other
22220,CAKE STAND LOVEBIRD 2 TIER WHITE,Kitchenware & Tableware
22221,CAKE STAND LOVEBIRD 2 TIER PINK,Kitchenware & Tableware
22222,CAKE PLATE LOVEBIRD WHITE,Kitchenware & Tableware
22223,CAKE PLATE LOVEBIRD PINK,Kitchenware & Tableware
22224,WHITE LOVEBIRD LANTERN,Other
22227,HANGING HEART MIRROR DECORATION ,Furniture & Home Decor
22228,BUNNY WOODEN PAINTED WITH BIRD ,Other
22229,BUNNY WOODEN PAINTED WITH FLOWER ,Furniture & Home Decor
22230,JIGSAW TREE WITH WATERING CAN,Other
22231,JIGSAW TREE WITH BIRDHOUSE,Other
22232,JIGSAW TOADSTOOLS 3 PIECE,Other
22233,JIGSAW RABBIT AND BIRDHOUSE,Other
22236,CAKE STAND 3 TIER MAGIC GARDEN,Kitchenware & Tableware
22241,GARLAND WOODEN HAPPY EASTER,Other
22242,5 HOOK HANGER MAGIC TOADSTOOL,Furniture & Home Decor
22243,5 HOOK HANGER RED MAGIC TOADSTOOL,Furniture & Home Decor
22244,3 HOOK HANGER MAGIC GARDEN,Furniture & Home Decor
22245,"HOOK, 1 HANGER ,MAGIC GARDEN",Furniture & Home Decor
22246,MAGIC GARDEN FELT GARLAND ,Other
22247,BUNNY DECORATION MAGIC GARDEN,Other
22248,DECORATION  PINK CHICK MAGIC GARDEN,Other
22249,DECORATION WHITE CHICK MAGIC GARDEN,Other
22250,DECORATION  BUTTERFLY  MAGIC GARDEN,Other
22251,BIRDHOUSE DECORATION MAGIC GARDEN,Other
22252,BIRDCAGE DECORATION TEALIGHT HOLDER,Kitchenware & Tableware
22254,FELT TOADSTOOL LARGE,Other
22255,FELT TOADSTOOL  SMALL,Other
22256,FELT FARM ANIMAL CHICKEN,Other
22257,FELT FARM ANIMAL SHEEP,Other
22258,FELT FARM ANIMAL RABBIT,Other
22259,FELT FARM ANIMAL HEN,Other
22260,FELT EGG COSY BLUE RABBIT ,Other
22261,FELT EGG COSY WHITE RABBIT ,Other
22262,FELT EGG COSY CHICKEN,Other
22263,FELT EGG COSY LADYBIRD ,Other
22264,FELT FARM ANIMAL WHITE BUNNY ,Other
22265,EASTER DECORATION NATURAL CHICK,Other
22266,EASTER DECORATION HANGING BUNNY,Other
22267,EASTER DECORATION EGG BUNNY ,Other
22268,EASTER DECORATION SITTING BUNNY,Kitchenware & Tableware
22269,EGG CUP NATURAL CHICKEN,Kitchenware & Tableware
22270,HAPPY EASTER HANGING DECORATION,Other
22271,FELTCRAFT DOLL ROSIE,"Gifts, Toys & Party"
22272,FELTCRAFT DOLL MARIA,"Gifts, Toys & Party"
22273,FELTCRAFT DOLL MOLLY,"Gifts, Toys & Party"
22274,FELTCRAFT DOLL EMILY,"Gifts, Toys & Party"
22276,WASH BAG VINTAGE ROSE PAISLEY,"Gifts, Toys & Party"
22277,COSMETIC BAG VINTAGE ROSE PAISLEY,"Gifts, Toys & Party"
22278,OVERNIGHT BAG VINTAGE ROSE PAISLEY,"Gifts, Toys & Party"
22279,POCKET BAG BLUE PAISLEY RED SPOT,Furniture & Home Decor
22280,POCKET BAG PINK PAISELY BROWN SPOT,Furniture & Home Decor
22281,EASTER TREE YELLOW BIRDS,Other
22282,12 EGG HOUSE PAINTED WOOD,Other
22283,6 EGG HOUSE PAINTED WOOD,Other
22284,HEN HOUSE DECORATION,Other
22285,HANGING HEN ON NEST DECORATION,Other
22286,DECORATION WOBBLY RABBIT METAL ,Other
22287,"DECORATION , WOBBLY CHICKEN, METAL ",Other
22288,HANGING METAL RABBIT DECORATION,Other
22289,HANGING METAL CHICKEN DECORATION,Other
22291,HANGING CHICK CREAM DECORATION,Other
22292,HANGING CHICK  YELLOW DECORATION,Other
22293,HANGING CHICK GREEN DECORATION,Other
22294,HEART FILIGREE DOVE  SMALL,Furniture & Home Decor
22295,HEART FILIGREE DOVE LARGE,Furniture & Home Decor
22296,HEART IVORY TRELLIS LARGE,Furniture & Home Decor
22297,HEART IVORY TRELLIS SMALL,Furniture & Home Decor
22299,PIG KEYRING WITH LIGHT & SOUND ,Furniture & Home Decor
22300,COFFEE MUG DOG + BALL DESIGN,Kitchenware & Tableware
22301,COFFEE MUG CAT + BIRD DESIGN,Kitchenware & Tableware
22302,COFFEE MUG PEARS  DESIGN,Kitchenware & Tableware
22303,COFFEE MUG APPLES DESIGN,Kitchenware & Tableware
22304,COFFEE MUG BLUE PAISLEY DESIGN,Kitchenware & Tableware
22305,COFFEE MUG PINK PAISLEY DESIGN,Kitchenware & Tableware
22306,SILVER MUG BONE CHINA TREE OF LIFE,Kitchenware & Tableware
22307,GOLD MUG BONE CHINA TREE OF LIFE,Kitchenware & Tableware
22308,TEA COSY BLUE STRIPE,Kitchenware & Tableware
22309,TEA COSY RED  STRIPE,Kitchenware & Tableware
22310,IVORY KNITTED MUG COSY ,Kitchenware & Tableware
22311,OFFICE MUG WARMER BLACK+SILVER ,Kitchenware & Tableware
22312,OFFICE MUG WARMER POLKADOT,Kitchenware & Tableware
22313,OFFICE MUG WARMER PINK,Kitchenware & Tableware
22314,OFFICE MUG WARMER CHOC+BLUE,Kitchenware & Tableware
22315,200 RED + WHITE BENDY STRAWS,Other
22316,200 BENDY SKULL STRAWS,Other
22317,FIVE CATS HANGING DECORATION,Other
22318,FIVE HEART HANGING DECORATION,Furniture & Home Decor
22319,HAIRCLIPS FORTIES FABRIC ASSORTED,Other
22320,BIRDS MOBILE VINTAGE DESIGN,Furniture & Home Decor
22321,BIRD DECORATION RED RETROSPOT,Furniture & Home Decor
22322,BIRD DECORATION GREEN POLKADOT,Other
22324,BLUE POLKADOT KIDS BAG,"Gifts, Toys & Party"
22325,MOBILE VINTAGE HEARTS ,Furniture & Home Decor
22326,ROUND SNACK BOXES SET OF4 WOODLAND ,"Gifts, Toys & Party"
22327,ROUND SNACK BOXES SET OF 4 SKULLS,"Gifts, Toys & Party"
22328,ROUND SNACK BOXES SET OF 4 FRUITS ,"Gifts, Toys & Party"
22329,ROUND CONTAINER SET OF 5 RETROSPOT,Furniture & Home Decor
22331,WOODLAND PARTY BAG + STICKER SET,"Gifts, Toys & Party"
22332,SKULLS PARTY BAG + STICKER SET,"Gifts, Toys & Party"
22333,RETROSPOT PARTY BAG + STICKER SET,Furniture & Home Decor
22334,DINOSAUR PARTY BAG + STICKER SET,"Gifts, Toys & Party"
22335,HEART DECORATION PAINTED ZINC ,Furniture & Home Decor
22336,DOVE DECORATION PAINTED ZINC ,Other
22337,ANGEL DECORATION PAINTED ZINC ,Other
22338,STAR DECORATION PAINTED ZINC ,Other
22339,CHRISTMAS TREE PAINTED ZINC ,"Gifts, Toys & Party"
22340,NOEL GARLAND PAINTED ZINC ,Other
22341,LOVE GARLAND PAINTED ZINC ,Other
22342,HOME GARLAND PAINTED ZINC ,Other
22343,PARTY PIZZA DISH RED RETROSPOT,Kitchenware & Tableware
22344,PARTY PIZZA DISH PINK POLKADOT,Kitchenware & Tableware
22345,PARTY PIZZA DISH BLUE POLKADOT,Kitchenware & Tableware
22346,PARTY PIZZA DISH GREEN POLKADOT,Kitchenware & Tableware
22348,TEA BAG PLATE RED RETROSPOT,Kitchenware & Tableware
22349,DOG BOWL CHASING BALL DESIGN,Kitchenware & Tableware
22350,ILLUSTRATED CAT BOWL ,Kitchenware & Tableware
22352,LUNCH BOX WITH CUTLERY RETROSPOT ,Kitchenware & Tableware
22353,LUNCH BOX WITH CUTLERY FAIRY CAKES ,Kitchenware & Tableware
22354,RETROSPOT PADDED SEAT CUSHION,Furniture & Home Decor
22355,CHARLOTTE BAG SUKI DESIGN,Furniture & Home Decor
22356,CHARLOTTE BAG PINK POLKADOT,"Gifts, Toys & Party"
22357,KINGS CHOICE BISCUIT TIN,Food & Beverages
22358,KINGS CHOICE TEA CADDY ,Kitchenware & Tableware
22359,GLASS JAR KINGS CHOICE,Kitchenware & Tableware
22360,GLASS JAR ENGLISH CONFECTIONERY,Kitchenware & Tableware
22361,GLASS JAR DAISY FRESH COTTON WOOL,Kitchenware & Tableware
22362,GLASS JAR PEACOCK BATH SALTS,Kitchenware & Tableware
22363,GLASS JAR MARMALADE ,Kitchenware & Tableware
22364,GLASS JAR DIGESTIVE BISCUITS,Food & Beverages
22365,DOORMAT RESPECTABLE HOUSE,Furniture & Home Decor
22366,DOORMAT AIRMAIL ,Furniture & Home Decor
22367,CHILDRENS APRON SPACEBOY DESIGN,Furniture & Home Decor
22371,AIRLINE BAG VINTAGE TOKYO 78,"Gifts, Toys & Party"
22372,AIRLINE BAG VINTAGE WORLD CHAMPION ,"Gifts, Toys & Party"
22374,AIRLINE BAG VINTAGE JET SET RED,"Gifts, Toys & Party"
22375,AIRLINE BAG VINTAGE JET SET BROWN,"Gifts, Toys & Party"
22376,AIRLINE BAG VINTAGE JET SET WHITE,"Gifts, Toys & Party"
22377,BOTTLE BAG RETROSPOT ,Kitchenware & Tableware
22378,WALL TIDY RETROSPOT ,Furniture & Home Decor
22379,RECYCLING BAG RETROSPOT ,Furniture & Home Decor
22380,TOY TIDY SPACEBOY  ,"Gifts, Toys & Party"
22381,TOY TIDY PINK POLKADOT,"Gifts, Toys & Party"
22382,LUNCH BAG SPACEBOY DESIGN ,Furniture & Home Decor
22383,LUNCH BAG SUKI DESIGN ,Furniture & Home Decor
22384,LUNCH BAG PINK POLKADOT,"Gifts, Toys & Party"
22385,JUMBO BAG SPACEBOY DESIGN,Furniture & Home Decor
22386,JUMBO BAG PINK POLKADOT,"Gifts, Toys & Party"
22389,PAPERWEIGHT SAVE THE PLANET,Other
22390,PAPERWEIGHT CHILDHOOD MEMORIES,Other
22391,PAPERWEIGHT HOME SWEET HOME,Food & Beverages
22393,PAPERWEIGHT VINTAGE COLLAGE,Other
22394,PAPERWEIGHT KINGS CHOICE ,Other
22395,PAPERWEIGHT VINTAGE PAISLEY,Other
22396,MAGNETS PACK OF 4 RETRO PHOTO,Other
22398,MAGNETS PACK OF 4 SWALLOWS,Furniture & Home Decor
22399,MAGNETS PACK OF 4 CHILDHOOD MEMORY,Other
22400,MAGNETS PACK OF 4 HOME SWEET HOME,Food & Beverages
22402,MAGNETS PACK OF 4 VINTAGE COLLAGE,Other
22403,MAGNETS PACK OF 4 VINTAGE LABELS ,Other
22405,MONEY BOX POCKET MONEY DESIGN,Furniture & Home Decor
22406,MONEY BOX KINGS CHOICE DESIGN,Furniture & Home Decor
22407,MONEY BOX FIRST ADE DESIGN,Furniture & Home Decor
22408,MONEY BOX CONFECTIONERY DESIGN,Furniture & Home Decor
22409,MONEY BOX BISCUITS DESIGN,Food & Beverages
22410,MONEY BOX HOUSEKEEPING DESIGN,Furniture & Home Decor
22411,JUMBO SHOPPER VINTAGE RED PAISLEY,Other
22412,METAL SIGN NEIGHBOURHOOD WITCH ,Furniture & Home Decor
22413,METAL SIGN TAKE IT OR LEAVE IT ,Furniture & Home Decor
22414,DOORMAT NEIGHBOURHOOD WITCH ,Furniture & Home Decor
22415,WHITE TISSUE REAM,Other
22416,SET OF 36 DOILIES SPACEBOY DESIGN ,Furniture & Home Decor
22417,PACK OF 60 SPACEBOY CAKE CASES,Kitchenware & Tableware
22418,10 COLOUR SPACEBOY PEN,"Gifts, Toys & Party"
22419,LIPSTICK PEN RED,"Gifts, Toys & Party"
22420,LIPSTICK PEN BABY PINK,"Gifts, Toys & Party"
22421,LIPSTICK PEN FUSCHIA,"Gifts, Toys & Party"
22422,TOOTHPASTE TUBE PEN,"Gifts, Toys & Party"
22423,REGENCY CAKESTAND 3 TIER,Kitchenware & Tableware
22424,ENAMEL BREAD BIN CREAM,Other
22425,ENAMEL COLANDER CREAM,Other
22426,ENAMEL WASH BOWL CREAM,Kitchenware & Tableware
22427,ENAMEL FLOWER JUG CREAM,Kitchenware & Tableware
22428,ENAMEL FIRE BUCKET CREAM,Other
22429,ENAMEL MEASURING JUG CREAM,Kitchenware & Tableware
22430,ENAMEL WATERING CAN CREAM,Other
22431,WATERING CAN BLUE ELEPHANT,Other
22432,WATERING CAN PINK BUNNY,Other
22433,WATERING CAN GREEN DINOSAUR,Other
22434,BALLOON PUMP WITH 10 BALLOONS,"Gifts, Toys & Party"
22435,SET OF 9 HEART SHAPED BALLOONS,Furniture & Home Decor
22436,12 COLOURED PARTY BALLOONS,"Gifts, Toys & Party"
22437,SET OF 9 BLACK SKULL BALLOONS,"Gifts, Toys & Party"
22438,BALLOON ART MAKE YOUR OWN FLOWERS,Furniture & Home Decor
22439,6 ROCKET BALLOONS ,"Gifts, Toys & Party"
22440,BALLOON WATER BOMB PACK OF 35,"Gifts, Toys & Party"
22441,GROW YOUR OWN BASIL IN ENAMEL MUG,Kitchenware & Tableware
22442,GROW YOUR OWN FLOWERS SET OF 3,Furniture & Home Decor
22443,GROW YOUR OWN HERBS SET OF 3,Other
22444,GROW YOUR OWN PLANT IN A CAN ,Furniture & Home Decor
22445,PENCIL CASE LIFE IS BEAUTIFUL,"Gifts, Toys & Party"
22446,PIN CUSHION BABUSHKA PINK,Furniture & Home Decor
22447,PIN CUSHION BABUSHKA BLUE,Furniture & Home Decor
22448,PIN CUSHION BABUSHKA RED,Furniture & Home Decor
22449,SILK PURSE BABUSHKA PINK,Other
22450,SILK PURSE BABUSHKA BLUE,Other
22451,SILK PURSE BABUSHKA RED,Other
22452,MEASURING TAPE BABUSHKA PINK,Other
22453,MEASURING TAPE BABUSHKA BLUE,Other
22454,MEASURING TAPE BABUSHKA RED,Other
22456,NATURAL SLATE CHALKBOARD LARGE ,Other
22457,NATURAL SLATE HEART CHALKBOARD ,Furniture & Home Decor
22458,CAST IRON HOOK GARDEN FORK,Kitchenware & Tableware
22459,CAST IRON HOOK GARDEN TROWEL,Furniture & Home Decor
22460,EMBOSSED GLASS TEALIGHT HOLDER,Kitchenware & Tableware
22461,SAVOY ART DECO CLOCK,Furniture & Home Decor
22464,HANGING METAL HEART LANTERN,Furniture & Home Decor
22465,HANGING METAL STAR LANTERN,Other
22466,FAIRY TALE COTTAGE NIGHT LIGHT,Furniture & Home Decor
22467,GUMBALL COAT RACK,Other
22468,BABUSHKA LIGHTS STRING OF 10,Furniture & Home Decor
22469,HEART OF WICKER SMALL,Furniture & Home Decor
22470,HEART OF WICKER LARGE,Furniture & Home Decor
22471,TV DINNER TRAY AIR HOSTESS ,Kitchenware & Tableware
22472,TV DINNER TRAY DOLLY GIRL,Kitchenware & Tableware
22473,TV DINNER TRAY VINTAGE PAISLEY,Kitchenware & Tableware
22474,SPACEBOY TV DINNER TRAY,Kitchenware & Tableware
22475,SKULL DESIGN TV DINNER TRAY,Kitchenware & Tableware
22476,EMPIRE UNION JACK TV DINNER TRAY,Kitchenware & Tableware
22477,WATERING CAN GARDEN MARKER,Other
22478,BIRDHOUSE GARDEN MARKER ,Other
22479,DAISY GARDEN MARKER,Other
22480,RED TEA TOWEL CLASSIC DESIGN,Kitchenware & Tableware
22481,BLACK TEA TOWEL CLASSIC DESIGN,Kitchenware & Tableware
22482,BLUE TEA TOWEL CLASSIC DESIGN,Kitchenware & Tableware
22483,RED GINGHAM TEDDY BEAR ,Other
22485,SET OF 2 WOODEN MARKET CRATES,Other
22486,PLASMATRONIC LAMP,Other
22487,WHITE WOOD GARDEN PLANT LADDER,Furniture & Home Decor
22488,NATURAL SLATE RECTANGLE CHALKBOARD,Other
22489,PACK OF 12 TRADITIONAL CRAYONS,Other
22491,PACK OF 12 COLOURED PENCILS,"Gifts, Toys & Party"
22492,MINI PAINT SET VINTAGE ,Other
22493,PAINT YOUR OWN CANVAS SET,Other
22494,EMERGENCY FIRST AID TIN ,Kitchenware & Tableware
22495,SET OF 2 ROUND TINS CAMEMBERT ,Kitchenware & Tableware
22496,SET OF 2 ROUND TINS DUTCH CHEESE,Kitchenware & Tableware
22497,SET OF 2 TINS VINTAGE BATHROOM ,Kitchenware & Tableware
22498,WOODEN REGATTA BUNTING,Kitchenware & Tableware
22499,WOODEN UNION JACK BUNTING,Kitchenware & Tableware
22500,SET OF 2 TINS JARDIN DE PROVENCE,Kitchenware & Tableware
22501,PICNIC BASKET WICKER LARGE,Other
22502,PICNIC BASKET WICKER SMALL,Other
22503,CABIN BAG VINTAGE PAISLEY,"Gifts, Toys & Party"
22504,CABIN BAG VINTAGE RETROSPOT,Furniture & Home Decor
22505,MEMO BOARD COTTAGE DESIGN,Furniture & Home Decor
22507,MEMO BOARD RETROSPOT  DESIGN,Furniture & Home Decor
22508,DOORSTOP RETROSPOT HEART,Furniture & Home Decor
22509,SEWING BOX RETROSPOT DESIGN ,Furniture & Home Decor
22510,GINGHAM BABUSHKA DOORSTOP,Other
22511,RETROSPOT BABUSHKA DOORSTOP,Furniture & Home Decor
22512,DOORSTOP RACING CAR DESIGN,Furniture & Home Decor
22513,DOORSTOP FOOTBALL DESIGN,Furniture & Home Decor
22514,CHILDS GARDEN SPADE BLUE,Other
22515,CHILDS GARDEN SPADE PINK,Other
22516,CHILDS GARDEN RAKE BLUE,Other
22517,CHILDS GARDEN RAKE PINK,Other
22518,CHILDS GARDEN BRUSH BLUE,Other
22519,CHILDS GARDEN BRUSH PINK,Other
22520,CHILDS GARDEN TROWEL BLUE ,Other
22521,CHILDS GARDEN TROWEL PINK,Other
22522,CHILDS GARDEN FORK BLUE ,Kitchenware & Tableware
22523,CHILDS GARDEN FORK PINK,Kitchenware & Tableware
22524,CHILDRENS GARDEN GLOVES BLUE,Other
22525,CHILDRENS GARDEN GLOVES PINK,Other
22526,WHEELBARROW FOR CHILDREN ,Other
22529,MAGIC DRAWING SLATE GO TO THE FAIR ,Other
22530,MAGIC DRAWING SLATE DOLLY GIRL ,"Gifts, Toys & Party"
22531,MAGIC DRAWING SLATE CIRCUS PARADE  ,Other
22532,MAGIC DRAWING SLATE LEAP FROG ,Other
22533,MAGIC DRAWING SLATE BAKE A CAKE ,Kitchenware & Tableware
22534,MAGIC DRAWING SLATE SPACEBOY ,Other
22535,MAGIC DRAWING SLATE BUNNIES ,Other
22536,MAGIC DRAWING SLATE PURDEY,Other
22537,MAGIC DRAWING SLATE DINOSAUR,Other
22538,MINI JIGSAW GO TO THE FAIR,Other
22539,MINI JIGSAW DOLLY GIRL,"Gifts, Toys & Party"
22540,MINI JIGSAW CIRCUS PARADE ,Other
22541,MINI JIGSAW LEAP FROG,Other
22543,MINI JIGSAW BAKE A CAKE ,Kitchenware & Tableware
22544,MINI JIGSAW SPACEBOY,Other
22545,MINI JIGSAW BUNNIES,Other
22546,MINI JIGSAW PURDEY,Other
22547,MINI JIGSAW DINOSAUR ,Other
22548,HEADS AND TAILS SPORTING FUN,Kitchenware & Tableware
22549,PICTURE DOMINOES,Other
22550,HOLIDAY FUN LUDO,Other
22551,PLASTERS IN TIN SPACEBOY,Kitchenware & Tableware
22553,PLASTERS IN TIN SKULLS,Kitchenware & Tableware
22554,PLASTERS IN TIN WOODLAND ANIMALS,Kitchenware & Tableware
22555,PLASTERS IN TIN STRONGMAN,Kitchenware & Tableware
22556,PLASTERS IN TIN CIRCUS PARADE ,Kitchenware & Tableware
22557,PLASTERS IN TIN VINTAGE PAISLEY ,Kitchenware & Tableware
22558,CLOTHES PEGS RETROSPOT PACK 24 ,Furniture & Home Decor
22559,SEASIDE FLYING DISC,Other
22560,TRADITIONAL MODELLING CLAY,Other
22561,WOODEN SCHOOL COLOURING SET,Other
22562,MONSTERS STENCIL CRAFT,Other
22563,HAPPY STENCIL CRAFT,Other
22564,ALPHABET STENCIL CRAFT,Other
22565,FELTCRAFT HAIRBANDS PINK AND WHITE ,Other
22566,FELTCRAFT HAIRBAND PINK AND PURPLE,Other
22567,20 DOLLY PEGS RETROSPOT,Furniture & Home Decor
22568,FELTCRAFT CUSHION OWL,Furniture & Home Decor
22569,FELTCRAFT CUSHION BUTTERFLY,Furniture & Home Decor
22570,FELTCRAFT CUSHION RABBIT,Furniture & Home Decor
22571,ROCKING HORSE RED CHRISTMAS ,"Gifts, Toys & Party"
22572,ROCKING HORSE GREEN CHRISTMAS ,"Gifts, Toys & Party"
22573,STAR WOODEN CHRISTMAS DECORATION,"Gifts, Toys & Party"
22574,HEART WOODEN CHRISTMAS DECORATION,Furniture & Home Decor
22575,METAL MERRY CHRISTMAS WREATH,"Gifts, Toys & Party"
22576,SWALLOW WOODEN CHRISTMAS DECORATION,Furniture & Home Decor
22577,WOODEN HEART CHRISTMAS SCANDINAVIAN,Furniture & Home Decor
22578,WOODEN STAR CHRISTMAS SCANDINAVIAN,"Gifts, Toys & Party"
22579,WOODEN TREE CHRISTMAS SCANDINAVIAN,"Gifts, Toys & Party"
22580,ADVENT CALENDAR GINGHAM SACK,Other
22581,WOOD STOCKING CHRISTMAS SCANDISPOT,Furniture & Home Decor
22582,PACK OF 6 SWEETIE GIFT BOXES,Food & Beverages
22583,PACK OF 6 HANDBAG GIFT BOXES,"Gifts, Toys & Party"
22584,PACK OF 6 PANNETONE GIFT BOXES,Kitchenware & Tableware
22585,PACK OF 6 BIRDY GIFT TAGS,"Gifts, Toys & Party"
22586,FELTCRAFT HAIRBAND PINK AND BLUE,Other
22587,FELTCRAFT HAIRBAND RED AND BLUE,Other
22588,CARD HOLDER GINGHAM HEART,Furniture & Home Decor
22589,CARDHOLDER GINGHAM STAR,Furniture & Home Decor
22591,CARDHOLDER GINGHAM CHRISTMAS TREE,Furniture & Home Decor
22592,CARDHOLDER HOLLY WREATH METAL,Furniture & Home Decor
22593,CHRISTMAS GINGHAM STAR,"Gifts, Toys & Party"
22594,CHRISTMAS GINGHAM TREE,"Gifts, Toys & Party"
22595,GINGHAM HEART DECORATION,Furniture & Home Decor
22596,CHRISTMAS STAR WISH LIST CHALKBOARD,"Gifts, Toys & Party"
22597,MUSICAL ZINC HEART DECORATION ,Furniture & Home Decor
22598,CHRISTMAS MUSICAL ZINC TREE,"Gifts, Toys & Party"
22599,CHRISTMAS MUSICAL ZINC STAR,"Gifts, Toys & Party"
22600,CHRISTMAS RETROSPOT STAR WOOD,Furniture & Home Decor
22601,CHRISTMAS RETROSPOT ANGEL WOOD,Furniture & Home Decor
22602,RETROSPOT WOODEN HEART DECORATION,Furniture & Home Decor
22603,CHRISTMAS RETROSPOT TREE WOOD,Furniture & Home Decor
22604,SET OF 4 NAPKIN CHARMS CUTLERY,Kitchenware & Tableware
22605,WOODEN CROQUET GARDEN SET,Other
22606,WOODEN SKITTLES GARDEN SET,Other
22607,WOODEN ROUNDERS GARDEN SET ,Other
22608,PENS ASSORTED FUNKY JEWELED ,"Gifts, Toys & Party"
22609,PENS ASSORTED SPACEBALL,"Gifts, Toys & Party"
22610,PENS ASSORTED FUNNY FACE,"Gifts, Toys & Party"
22611,VINTAGE UNION JACK SHOPPING BAG,"Gifts, Toys & Party"
22613,PACK OF 20 SPACEBOY NAPKINS,Other
22614,PACK OF 12 SPACEBOY TISSUES,Other
22615,PACK OF 12 CIRCUS PARADE TISSUES ,Other
22616,PACK OF 12 LONDON TISSUES ,Other
22617,BAKING SET SPACEBOY DESIGN,Kitchenware & Tableware
22618,COOKING SET RETROSPOT,Furniture & Home Decor
22619,SET OF 6 SOLDIER SKITTLES,Other
22620,4 TRADITIONAL SPINNING TOPS,Other
22621,TRADITIONAL KNITTING NANCY,Kitchenware & Tableware
22622,BOX OF VINTAGE ALPHABET BLOCKS,"Gifts, Toys & Party"
22623,BOX OF VINTAGE JIGSAW BLOCKS ,"Gifts, Toys & Party"
22624,IVORY KITCHEN SCALES,Kitchenware & Tableware
22625,RED KITCHEN SCALES,Kitchenware & Tableware
22626,BLACK KITCHEN SCALES,Kitchenware & Tableware
22627,MINT KITCHEN SCALES,Kitchenware & Tableware
22628,PICNIC BOXES SET OF 3 RETROSPOT ,Furniture & Home Decor
22629,SPACEBOY LUNCH BOX ,"Gifts, Toys & Party"
22630,DOLLY GIRL LUNCH BOX,"Gifts, Toys & Party"
22631,CIRCUS PARADE LUNCH BOX ,"Gifts, Toys & Party"
22632,HAND WARMER RED RETROSPOT,Furniture & Home Decor
22633,HAND WARMER UNION JACK,Other
22634,CHILDS BREAKFAST SET SPACEBOY ,Other
22635,CHILDS BREAKFAST SET DOLLY GIRL ,"Gifts, Toys & Party"
22636,CHILDS BREAKFAST SET CIRCUS PARADE,Other
22637,PIGGY BANK RETROSPOT ,Furniture & Home Decor
22638,SET OF 4 NAPKIN CHARMS CROWNS ,Other
22639,SET OF 4 NAPKIN CHARMS HEARTS,Furniture & Home Decor
22640,SET OF 4 NAPKIN CHARMS 3 KEYS ,Other
22641,SET OF 4 NAPKIN CHARMS INSTRUMENT,Other
22642,SET OF 4 NAPKIN CHARMS STARS   ,Other
22643,SET OF 4 NAPKIN CHARMS LEAVES   ,Other
22644,CERAMIC CHERRY CAKE MONEY BANK,Kitchenware & Tableware
22645,CERAMIC HEART FAIRY CAKE MONEY BANK,Kitchenware & Tableware
22646,CERAMIC STRAWBERRY CAKE MONEY BANK,Kitchenware & Tableware
22647,CERAMIC LOVE HEART MONEY BANK,Furniture & Home Decor
22649,STRAWBERRY FAIRY CAKE TEAPOT,Kitchenware & Tableware
22650,CERAMIC PIRATE CHEST MONEY BANK,Other
22651,GENTLEMAN SHIRT REPAIR KIT ,Other
22652,TRAVEL SEWING KIT,Other
22653,BUTTON BOX ,"Gifts, Toys & Party"
22654,DELUXE SEWING KIT ,Other
22655,VINTAGE RED KITCHEN CABINET,Kitchenware & Tableware
22656,VINTAGE BLUE KITCHEN CABINET,Kitchenware & Tableware
22659,LUNCH BOX I LOVE LONDON,"Gifts, Toys & Party"
22660,DOORMAT I LOVE LONDON,Furniture & Home Decor
22661,CHARLOTTE BAG DOLLY GIRL DESIGN,Furniture & Home Decor
22662,LUNCH BAG DOLLY GIRL DESIGN,Furniture & Home Decor
22663,JUMBO BAG DOLLY GIRL DESIGN,Furniture & Home Decor
22664,TOY TIDY DOLLY GIRL DESIGN,Furniture & Home Decor
22665,RECIPE BOX BLUE SKETCHBOOK DESIGN,Furniture & Home Decor
22666,RECIPE BOX PANTRY YELLOW DESIGN,Kitchenware & Tableware
22667,RECIPE BOX RETROSPOT ,Furniture & Home Decor
22668,PINK BABY BUNTING,Kitchenware & Tableware
22669,RED BABY BUNTING ,Kitchenware & Tableware
22670,FRENCH WC SIGN BLUE METAL,Furniture & Home Decor
22671,FRENCH LAUNDRY SIGN BLUE METAL,Furniture & Home Decor
22672,FRENCH BATHROOM SIGN BLUE METAL,Furniture & Home Decor
22673,FRENCH GARDEN SIGN BLUE METAL,Furniture & Home Decor
22674,FRENCH TOILET SIGN BLUE METAL,Furniture & Home Decor
22675,FRENCH KITCHEN SIGN BLUE METAL,Kitchenware & Tableware
22676,FRENCH BLUE METAL DOOR SIGN 1,Furniture & Home Decor
22677,FRENCH BLUE METAL DOOR SIGN 2,Furniture & Home Decor
22678,FRENCH BLUE METAL DOOR SIGN 3,Furniture & Home Decor
22679,FRENCH BLUE METAL DOOR SIGN 4,Furniture & Home Decor
22680,FRENCH BLUE METAL DOOR SIGN 5,Furniture & Home Decor
22681,FRENCH BLUE METAL DOOR SIGN 6,Furniture & Home Decor
22682,FRENCH BLUE METAL DOOR SIGN 7,Furniture & Home Decor
22683,FRENCH BLUE METAL DOOR SIGN 8,Furniture & Home Decor
22684,FRENCH BLUE METAL DOOR SIGN 9,Furniture & Home Decor
22685,FRENCH BLUE METAL DOOR SIGN 0,Furniture & Home Decor
22686,FRENCH BLUE METAL DOOR SIGN No,Furniture & Home Decor
22687,DOORMAT CHRISTMAS VILLAGE,Furniture & Home Decor
22688,DOORMAT PEACE ON EARTH BLUE,Furniture & Home Decor
22689,DOORMAT MERRY CHRISTMAS RED ,Furniture & Home Decor
22690,DOORMAT HOME SWEET HOME BLUE ,Food & Beverages
22691,DOORMAT WELCOME SUNRISE,Furniture & Home Decor
22692,DOORMAT WELCOME TO OUR HOME,Furniture & Home Decor
22693,GROW A FLYTRAP OR SUNFLOWER IN TIN,Kitchenware & Tableware
22694,WICKER STAR ,Other
22695,WICKER WREATH SMALL,Other
22696,WICKER WREATH LARGE,Other
22697,GREEN REGENCY TEACUP AND SAUCER,Kitchenware & Tableware
22698,PINK REGENCY TEACUP AND SAUCER,Kitchenware & Tableware
22699,ROSES REGENCY TEACUP AND SAUCER ,Kitchenware & Tableware
22700,BLACK AND WHITE DOG BOWL,Kitchenware & Tableware
22701,PINK DOG BOWL,Kitchenware & Tableware
22702,BLACK AND WHITE CAT BOWL,Kitchenware & Tableware
22703,PINK CAT BOWL,Kitchenware & Tableware
22704,WRAP RED APPLES ,"Gifts, Toys & Party"
22705,WRAP GREEN PEARS ,"Gifts, Toys & Party"
22706,WRAP COWBOYS  ,"Gifts, Toys & Party"
22707,WRAP MONSTER FUN ,"Gifts, Toys & Party"
22708,WRAP DOLLY GIRL,"Gifts, Toys & Party"
22709,WRAP WEDDING DAY,"Gifts, Toys & Party"
22710,WRAP I LOVE LONDON ,"Gifts, Toys & Party"
22711,WRAP CIRCUS PARADE,"Gifts, Toys & Party"
22712,CARD DOLLY GIRL ,"Gifts, Toys & Party"
22713,CARD I LOVE LONDON ,"Gifts, Toys & Party"
22714,CARD BIRTHDAY COWBOY,"Gifts, Toys & Party"
22715,CARD WEDDING DAY,"Gifts, Toys & Party"
22716,CARD CIRCUS PARADE,"Gifts, Toys & Party"
22717,CARD DOG AND BALL ,"Gifts, Toys & Party"
22718,CARD CAT AND TREE ,"Gifts, Toys & Party"
22719,GUMBALL MONOCHROME COAT RACK,Other
22720,SET OF 3 CAKE TINS PANTRY DESIGN ,Kitchenware & Tableware
22721,SET OF 3 CAKE TINS SKETCHBOOK,Kitchenware & Tableware
22722,SET OF 6 SPICE TINS PANTRY DESIGN,Kitchenware & Tableware
22723,SET OF 6 HERB TINS SKETCHBOOK,Kitchenware & Tableware
22725,ALARM CLOCK BAKELIKE CHOCOLATE,Food & Beverages
22726,ALARM CLOCK BAKELIKE GREEN,Furniture & Home Decor
22727,ALARM CLOCK BAKELIKE RED ,Furniture & Home Decor
22728,ALARM CLOCK BAKELIKE PINK,Furniture & Home Decor
22729,ALARM CLOCK BAKELIKE ORANGE,Furniture & Home Decor
22730,ALARM CLOCK BAKELIKE IVORY,Furniture & Home Decor
22731,3D CHRISTMAS STAMPS STICKERS ,"Gifts, Toys & Party"
22732,3D VINTAGE CHRISTMAS STICKERS ,"Gifts, Toys & Party"
22733,3D TRADITIONAL CHRISTMAS STICKERS,"Gifts, Toys & Party"
22734,SET OF 6 RIBBONS VINTAGE CHRISTMAS,"Gifts, Toys & Party"
22735,RIBBON REEL SOCKS AND MITTENS,"Gifts, Toys & Party"
22736,RIBBON REEL MAKING SNOWMEN ,"Gifts, Toys & Party"
22737,RIBBON REEL CHRISTMAS PRESENT ,"Gifts, Toys & Party"
22738,RIBBON REEL SNOWY VILLAGE,"Gifts, Toys & Party"
22739,RIBBON REEL CHRISTMAS SOCK BAUBLE,"Gifts, Toys & Party"
22740,POLKADOT PEN,"Gifts, Toys & Party"
22741,FUNKY DIVA PEN,"Gifts, Toys & Party"
22742,MAKE YOUR OWN PLAYTIME CARD KIT,"Gifts, Toys & Party"
22743,MAKE YOUR OWN FLOWERPOWER CARD KIT,Furniture & Home Decor
22744,MAKE YOUR OWN MONSOON CARD KIT,"Gifts, Toys & Party"
22745,POPPY'S PLAYHOUSE BEDROOM ,Other
22746,POPPY'S PLAYHOUSE LIVINGROOM ,Other
22747,POPPY'S PLAYHOUSE BATHROOM,Other
22748,POPPY'S PLAYHOUSE KITCHEN,Kitchenware & Tableware
22749,FELTCRAFT PRINCESS CHARLOTTE DOLL,"Gifts, Toys & Party"
22750,FELTCRAFT PRINCESS LOLA DOLL,"Gifts, Toys & Party"
22751,FELTCRAFT PRINCESS OLIVIA DOLL,"Gifts, Toys & Party"
22752,SET 7 BABUSHKA NESTING BOXES,Kitchenware & Tableware
22753,SMALL YELLOW BABUSHKA NOTEBOOK ,Other
22754,SMALL RED BABUSHKA NOTEBOOK ,Other
22755,SMALL PURPLE BABUSHKA NOTEBOOK ,Other
22756,LARGE YELLOW BABUSHKA NOTEBOOK ,Other
22757,LARGE RED BABUSHKA NOTEBOOK ,Other
22758,LARGE PURPLE BABUSHKA NOTEBOOK  ,Other
22759,SET OF 3 NOTEBOOKS IN PARCEL,Other
22760,"TRAY, BREAKFAST IN BED",Kitchenware & Tableware
22761,CHEST 7 DRAWER MA CAMPAGNE,Furniture & Home Decor
22762,CUPBOARD 3 DRAWER MA CAMPAGNE,Kitchenware & Tableware
22763,KEY CABINET MA CAMPAGNE,Furniture & Home Decor
22766,PHOTO FRAME CORNICE,Furniture & Home Decor
22767,TRIPLE PHOTO FRAME CORNICE ,Furniture & Home Decor
22768,FAMILY PHOTO FRAME CORNICE,Furniture & Home Decor
22770,MIRROR CORNICE,Furniture & Home Decor
22771,CLEAR DRAWER KNOB ACRYLIC EDWARDIAN,Furniture & Home Decor
22772,PINK DRAWER KNOB ACRYLIC EDWARDIAN,Furniture & Home Decor
22773,GREEN DRAWER KNOB ACRYLIC EDWARDIAN,Furniture & Home Decor
22774,RED DRAWER KNOB ACRYLIC EDWARDIAN,Furniture & Home Decor
22775,PURPLE DRAWERKNOB ACRYLIC EDWARDIAN,Furniture & Home Decor
22776,SWEETHEART CAKESTAND 3 TIER,Food & Beverages
22777,GLASS CLOCHE LARGE,Kitchenware & Tableware
22778,GLASS CLOCHE SMALL,Kitchenware & Tableware
22779,WOODEN OWLS LIGHT GARLAND ,Furniture & Home Decor
22780,LIGHT GARLAND BUTTERFILES PINK,Furniture & Home Decor
22781,GUMBALL MAGAZINE RACK,Other
22782,SET 3 WICKER STORAGE BASKETS ,Other
22783,SET 3 WICKER OVAL BASKETS W LIDS,Other
22784,LANTERN CREAM GAZEBO ,Other
22785,SQUARECUSHION COVER PINK UNION JACK,Furniture & Home Decor
22786,CUSHION COVER PINK UNION JACK,Furniture & Home Decor
22788,BROCANTE COAT RACK,Other
22789,T-LIGHT HOLDER SWEETHEART HANGING,Food & Beverages
22791,T-LIGHT GLASS FLUTED ANTIQUE,Kitchenware & Tableware
22792,FLUTED ANTIQUE CANDLE HOLDER,Furniture & Home Decor
22794,SWEETHEART WIRE MAGAZINE RACK,Food & Beverages
22795,SWEETHEART RECIPE BOOK STAND,Food & Beverages
22796,PHOTO FRAME 3 CLASSIC HANGING,Furniture & Home Decor
22797,CHEST OF DRAWERS GINGHAM HEART ,Furniture & Home Decor
22798,ANTIQUE GLASS DRESSING TABLE POT,Kitchenware & Tableware
22799,SWEETHEART WIRE FRUIT BOWL,Food & Beverages
22800,ANTIQUE TALL SWIRLGLASS TRINKET POT,Kitchenware & Tableware
22801,ANTIQUE GLASS PEDESTAL BOWL,Kitchenware & Tableware
22802,FAUX FUR CHOCOLATE THROW,Food & Beverages
22803,IVORY EMBROIDERED QUILT ,Other
22804,CANDLEHOLDER PINK HANGING HEART,Furniture & Home Decor
22805,BLUE DRAWER KNOB ACRYLIC EDWARDIAN,Furniture & Home Decor
22806,SET OF 6 T-LIGHTS WEDDING CAKE ,Kitchenware & Tableware
22807,SET OF 6 T-LIGHTS TOADSTOOLS,Furniture & Home Decor
22808,SET OF 6 T-LIGHTS EASTER CHICKS,Furniture & Home Decor
22809,SET OF 6 T-LIGHTS SANTA,Furniture & Home Decor
22810,SET OF 6 T-LIGHTS SNOWMEN,Furniture & Home Decor
22811,SET OF 6 T-LIGHTS CACTI ,Furniture & Home Decor
22812,PACK 3 BOXES CHRISTMAS PANNETONE,Kitchenware & Tableware
22813,PACK 3 BOXES BIRD PANNETONE ,Kitchenware & Tableware
22814,CARD PARTY GAMES ,"Gifts, Toys & Party"
22815,CARD PSYCHEDELIC APPLES,"Gifts, Toys & Party"
22816,CARD MOTORBIKE SANTA,"Gifts, Toys & Party"
22817,CARD SUKI BIRTHDAY,"Gifts, Toys & Party"
22818,CARD CHRISTMAS VILLAGE,"Gifts, Toys & Party"
22819,"BIRTHDAY CARD, RETRO SPOT",Furniture & Home Decor
22820,GIFT BAG BIRTHDAY,"Gifts, Toys & Party"
22821,GIFT BAG PSYCHEDELIC APPLES,"Gifts, Toys & Party"
22822,CREAM WALL PLANTER HEART SHAPED,Furniture & Home Decor
22823,CHEST NATURAL WOOD 20 DRAWERS,Furniture & Home Decor
22824,3 TIER SWEETHEART GARDEN SHELF,Food & Beverages
22825,DECORATIVE PLANT POT WITH FRIEZE,Furniture & Home Decor
22826,LOVE SEAT ANTIQUE WHITE METAL,Other
22827,RUSTIC  SEVENTEEN DRAWER SIDEBOARD,Furniture & Home Decor
22829,SWEETHEART WIRE WALL TIDY,Food & Beverages
22831,WHITE BROCANTE SOAP DISH,Kitchenware & Tableware
22832,BROCANTE SHELF WITH HOOKS,Furniture & Home Decor
22834,HAND WARMER BABUSHKA DESIGN,Furniture & Home Decor
22835,HOT WATER BOTTLE I AM SO POORLY,Kitchenware & Tableware
22837,HOT WATER BOTTLE BABUSHKA ,Kitchenware & Tableware
22838,3 TIER CAKE TIN RED AND CREAM,Kitchenware & Tableware
22839,3 TIER CAKE TIN GREEN AND CREAM,Kitchenware & Tableware
22840,ROUND CAKE TIN VINTAGE RED,Kitchenware & Tableware
22841,ROUND CAKE TIN VINTAGE GREEN,Kitchenware & Tableware
22842,BISCUIT TIN VINTAGE RED,Food & Beverages
22843,BISCUIT TIN VINTAGE GREEN,Food & Beverages
22844,VINTAGE CREAM DOG FOOD CONTAINER,Food & Beverages
22845,VINTAGE CREAM CAT FOOD CONTAINER,Food & Beverages
22846,BREAD BIN DINER STYLE RED ,Other
22847,BREAD BIN DINER STYLE IVORY,Other
22848,BREAD BIN DINER STYLE PINK,Other
22849,BREAD BIN DINER STYLE MINT,Other
22851,SET 20 NAPKINS FAIRY CAKES DESIGN ,Kitchenware & Tableware
22852,DOG BOWL VINTAGE CREAM,Kitchenware & Tableware
22853,CAT BOWL VINTAGE CREAM,Kitchenware & Tableware
22854,CREAM SWEETHEART EGG HOLDER,Food & Beverages
22855,FINE WICKER HEART ,Furniture & Home Decor
22856,ASSORTED EASTER DECORATIONS  BELLS,Other
22857,ASSORTED EASTER GIFT TAGS,"Gifts, Toys & Party"
22858,EASTER TIN KEEPSAKE,Kitchenware & Tableware
22859,EASTER TIN BUNNY BOUQUET,Kitchenware & Tableware
22860,EASTER TIN CHICKS PINK DAISY,Kitchenware & Tableware
22861,EASTER TIN CHICKS IN GARDEN,Kitchenware & Tableware
22862,LOVE HEART NAPKIN BOX ,Furniture & Home Decor
22863,SOAP DISH BROCANTE,Kitchenware & Tableware
22865,HAND WARMER OWL DESIGN,Furniture & Home Decor
22866,HAND WARMER SCOTTY DOG DESIGN,Furniture & Home Decor
22867,HAND WARMER BIRD DESIGN,Furniture & Home Decor
22868,NUMBER TILE COTTAGE GARDEN 0 ,Other
22869,NUMBER TILE COTTAGE GARDEN 1,Other
22870,NUMBER TILE COTTAGE GARDEN 2,Other
22871,NUMBER TILE COTTAGE GARDEN 3 ,Other
22872,NUMBER TILE COTTAGE GARDEN 4,Other
22873,NUMBER TILE COTTAGE GARDEN 5,Other
22874,NUMBER TILE COTTAGE GARDEN 6,Other
22875,NUMBER TILE COTTAGE GARDEN 7,Other
22876,NUMBER TILE COTTAGE GARDEN 8,Other
22877,NUMBER TILE COTTAGE GARDEN 9,Other
22878,NUMBER TILE COTTAGE GARDEN No,Other
22880,NUMBER TILE VINTAGE FONT 1,Other
22881,NUMBER TILE VINTAGE FONT 2,Other
22882,NUMBER TILE VINTAGE FONT 3,Other
22883,NUMBER TILE VINTAGE FONT 4,Other
22884,NUMBER TILE VINTAGE FONT 5,Other
22885,NUMBER TILE VINTAGE FONT 6 ,Other
22886,NUMBER TILE VINTAGE FONT 7,Other
22887,NUMBER TILE VINTAGE FONT 8,Other
22890,NOVELTY BISCUITS CAKE STAND 3 TIER,Food & Beverages
22891,TEA FOR ONE POLKADOT,Kitchenware & Tableware
22892,SET OF SALT AND PEPPER TOADSTOOLS,Other
22893,MINI CAKE STAND T-LIGHT HOLDER,Kitchenware & Tableware
22894,TABLECLOTH RED APPLES DESIGN ,Furniture & Home Decor
22895,SET OF 2 TEA TOWELS APPLE AND PEARS,Kitchenware & Tableware
22896,PEG BAG APPLES DESIGN,Furniture & Home Decor
22897,OVEN MITT APPLES DESIGN,Furniture & Home Decor
22898,CHILDRENS APRON APPLES DESIGN,Furniture & Home Decor
22899,CHILDREN'S APRON DOLLY GIRL ,"Gifts, Toys & Party"
22900, SET 2 TEA TOWELS I LOVE LONDON ,Kitchenware & Tableware
22902,TOTE BAG I LOVE LONDON,"Gifts, Toys & Party"
22903,CALENDAR FAMILY FAVOURITES,Other
22904,CALENDAR PAPER CUT DESIGN,Furniture & Home Decor
22905,CALENDAR IN SEASON DESIGN,Furniture & Home Decor
22906,12 MESSAGE CARDS WITH ENVELOPES,"Gifts, Toys & Party"
22907,PACK OF 20 NAPKINS PANTRY DESIGN,Kitchenware & Tableware
22908,PACK OF 20 NAPKINS RED APPLES,Other
22909,SET OF 20 VINTAGE CHRISTMAS NAPKINS,"Gifts, Toys & Party"
22910,PAPER CHAIN KIT VINTAGE CHRISTMAS,"Gifts, Toys & Party"
22911,PAPER CHAIN KIT LONDON,Other
22912,YELLOW COAT RACK PARIS FASHION,Other
22913,RED COAT RACK PARIS FASHION,Other
22914,BLUE COAT RACK PARIS FASHION,Other
22915,ASSORTED BOTTLE TOP  MAGNETS ,Kitchenware & Tableware
22916,HERB MARKER THYME,Other
22917,HERB MARKER ROSEMARY,Other
22918,HERB MARKER PARSLEY,Other
22919,HERB MARKER MINT,Other
22920,HERB MARKER BASIL,Other
22921,HERB MARKER CHIVES ,Other
22922,FRIDGE MAGNETS US DINER ASSORTED,Other
22923,FRIDGE MAGNETS LES ENFANTS ASSORTED,Other
22924,FRIDGE MAGNETS LA VIE EN ROSE,Other
22925,BLUE GIANT GARDEN THERMOMETER,Other
22926,IVORY GIANT GARDEN THERMOMETER,Other
22927,GREEN GIANT GARDEN THERMOMETER,Other
22928,YELLOW GIANT GARDEN THERMOMETER,Other
22929,SCHOOL DESK AND CHAIR ,Furniture & Home Decor
22930,BAKING MOULD HEART MILK CHOCOLATE,Food & Beverages
22931,BAKING MOULD HEART WHITE CHOCOLATE,Food & Beverages
22932,BAKING MOULD TOFFEE CUP CHOCOLATE,Food & Beverages
22933,BAKING MOULD EASTER EGG MILK CHOC,Kitchenware & Tableware
22934,BAKING MOULD EASTER EGG WHITE CHOC,Kitchenware & Tableware
22935,BAKING MOULD ROSE MILK CHOCOLATE,Food & Beverages
22936,BAKING MOULD ROSE WHITE CHOCOLATE,Food & Beverages
22937,BAKING MOULD CHOCOLATE CUPCAKES,Food & Beverages
22938,CUPCAKE LACE PAPER SET 6,Kitchenware & Tableware
22939,APRON APPLE DELIGHT,Furniture & Home Decor
22940,FELTCRAFT CHRISTMAS FAIRY,"Gifts, Toys & Party"
22941,CHRISTMAS LIGHTS 10 REINDEER,Furniture & Home Decor
22942,CHRISTMAS LIGHTS 10 SANTAS ,Furniture & Home Decor
22943,CHRISTMAS LIGHTS 10 VINTAGE BAUBLES,Furniture & Home Decor
22944,CHRISTMAS METAL POSTCARD WITH BELLS,"Gifts, Toys & Party"
22945,CHRISTMAS METAL TAGS ASSORTED ,"Gifts, Toys & Party"
22946,WOODEN ADVENT CALENDAR CREAM,Other
22947,WOODEN ADVENT CALENDAR RED,Other
22948,METAL DECORATION NAUGHTY CHILDREN ,Other
22949,36 DOILIES DOLLY GIRL,"Gifts, Toys & Party"
22950,36 DOILIES VINTAGE CHRISTMAS,"Gifts, Toys & Party"
22951,60 CAKE CASES DOLLY GIRL DESIGN,Kitchenware & Tableware
22952,60 CAKE CASES VINTAGE CHRISTMAS,Kitchenware & Tableware
22953,BIRTHDAY PARTY CORDON BARRIER TAPE,"Gifts, Toys & Party"
22954,HEN PARTY CORDON BARRIER TAPE,"Gifts, Toys & Party"
22955,36 FOIL STAR CAKE CASES ,Kitchenware & Tableware
22956,36 FOIL HEART CAKE CASES,Kitchenware & Tableware
22957,SET 3 PAPER VINTAGE CHICK PAPER EGG,Other
22959,WRAP CHRISTMAS VILLAGE,"Gifts, Toys & Party"
22960,JAM MAKING SET WITH JARS,Kitchenware & Tableware
22961,JAM MAKING SET PRINTED,Other
22962,JAM JAR WITH PINK LID,Kitchenware & Tableware
22963,JAM JAR WITH GREEN LID,Kitchenware & Tableware
22964,3 PIECE SPACEBOY COOKIE CUTTER SET,Other
22965,3 TRADITIONAl BISCUIT CUTTERS  SET,Food & Beverages
22966,GINGERBREAD MAN COOKIE CUTTER,Other
22967,SET 3 SONG BIRD PAPER EGGS ASSORTED,Other
22968,ROSE COTTAGE KEEPSAKE BOX ,"Gifts, Toys & Party"
22969,HOMEMADE JAM SCENTED CANDLES,Furniture & Home Decor
22970,LONDON BUS COFFEE MUG,Kitchenware & Tableware
22971,QUEENS GUARD COFFEE MUG,Kitchenware & Tableware
22972,CHILDREN'S SPACEBOY MUG,Kitchenware & Tableware
22973,CHILDREN'S CIRCUS PARADE MUG,Kitchenware & Tableware
22974,CHILDRENS DOLLY GIRL MUG,Kitchenware & Tableware
22975,SPACEBOY CHILDRENS EGG CUP,Kitchenware & Tableware
22976,CIRCUS PARADE CHILDRENS EGG CUP ,Kitchenware & Tableware
22977,DOLLY GIRL CHILDRENS EGG CUP,Kitchenware & Tableware
22978,PANTRY ROLLING PIN,Kitchenware & Tableware
22979,PANTRY WASHING UP BRUSH,Kitchenware & Tableware
22980,PANTRY SCRUBBING BRUSH,Kitchenware & Tableware
22981,PANTRY APPLE CORER,Kitchenware & Tableware
22982,PANTRY PASTRY BRUSH,Kitchenware & Tableware
22983,CARD BILLBOARD FONT,"Gifts, Toys & Party"
22984,CARD GINGHAM ROSE ,"Gifts, Toys & Party"
22985,WRAP BILLBOARD FONTS DESIGN,Furniture & Home Decor
22986,WRAP GINGHAM ROSE ,"Gifts, Toys & Party"
22988,SOLDIERS EGG CUP ,Kitchenware & Tableware
22989,SET 2 PANTRY DESIGN TEA TOWELS,Kitchenware & Tableware
22990,COTTON APRON PANTRY DESIGN,Kitchenware & Tableware
22991,GIRAFFE WOODEN RULER,Other
22992,REVOLVER WOODEN RULER ,Other
22993,SET OF 4 PANTRY JELLY MOULDS,Kitchenware & Tableware
22994,TRAVEL CARD WALLET RETROSPOT,Furniture & Home Decor
22995,TRAVEL CARD WALLET SUKI,Furniture & Home Decor
22996,TRAVEL CARD WALLET VINTAGE TICKET,Furniture & Home Decor
22997,TRAVEL CARD WALLET UNION JACK,Furniture & Home Decor
22998,TRAVEL CARD WALLET KEEP CALM,Furniture & Home Decor
22999,TRAVEL CARD WALLET VINTAGE LEAF,Furniture & Home Decor
23000,TRAVEL CARD WALLET TRANSPORT,Furniture & Home Decor
23002,TRAVEL CARD WALLET SKULLS,Furniture & Home Decor
23003,TRAVEL CARD WALLET VINTAGE ROSE ,Furniture & Home Decor
23004,TRAVEL CARD WALLET PANTRY,Kitchenware & Tableware
23005,TRAVEL CARD WALLET I LOVE LONDON,Furniture & Home Decor
23006,TRAVEL CARD WALLET FLOWER MEADOW,Furniture & Home Decor
23007, SPACEBOY BABY GIFT SET,"Gifts, Toys & Party"
23008,DOLLY GIRL BABY GIFT SET,"Gifts, Toys & Party"
23009,I LOVE LONDON BABY GIFT SET,"Gifts, Toys & Party"
23010,CIRCUS PARADE BABY GIFT SET,"Gifts, Toys & Party"
23012,GLASS APOTHECARY BOTTLE PERFUME,Kitchenware & Tableware
23013,GLASS APOTHECARY BOTTLE TONIC,Kitchenware & Tableware
23014,GLASS APOTHECARY BOTTLE ELIXIR,Kitchenware & Tableware
23015,CORDIAL GLASS JUG,Kitchenware & Tableware
23016,GLASS TWIST BON BON JAR,Kitchenware & Tableware
23017,APOTHECARY MEASURING JAR,Kitchenware & Tableware
23018,LARGE APOTHECARY MEASURING JAR ,Kitchenware & Tableware
23019,SMALL APOTHECARY MEASURING JAR ,Kitchenware & Tableware
23020,GLASS  SONGBIRD STORAGE JAR,Kitchenware & Tableware
23021,GLASS BONNE JAM JAR,Kitchenware & Tableware
23022,SMALL BONNE JAM JAR  T-LIGHT HOLDER,Kitchenware & Tableware
23023,RIDGED BONNE JAM JAR T-LIGHT HOLDER,Kitchenware & Tableware
23024,LARGE BONNE JAM JAR  T-LIGHT HOLDER,Kitchenware & Tableware
23025,DRAWER KNOB VINTAGE GLASS BALL,Kitchenware & Tableware
23026,DRAWER KNOB VINTAGE GLASS STAR,Kitchenware & Tableware
23027,DRAWER KNOB VINTAGE GLASS HEXAGON,Kitchenware & Tableware
23028,DRAWER KNOB CRACKLE GLAZE BLUE,Furniture & Home Decor
23029,DRAWER KNOB CRACKLE GLAZE GREEN,Furniture & Home Decor
23031,DRAWER KNOB CRACKLE GLAZE PINK,Furniture & Home Decor
23032,DRAWER KNOB CRACKLE GLAZE IVORY,Furniture & Home Decor
23033,DRAWER KNOB CERAMIC RED,Furniture & Home Decor
23034,DRAWER KNOB CERAMIC BLACK,Furniture & Home Decor
23035,DRAWER KNOB CERAMIC IVORY,Furniture & Home Decor
23036,T-LIGHT HOLDER SILVER PETIT FOUR ,Furniture & Home Decor
23037,CANDLE HOLDER SILVER MADELINE,Furniture & Home Decor
23039,T-LIGHT HOLDER SILVER HEART HANDLE,Furniture & Home Decor
23040,PAPER LANTERN 9 POINT SNOW STAR ,Other
23041,PAPER LANTERN 9 POINT SNOW STAR,Other
23042,PAPER LANTERN 7 POINT SNOW STAR,Other
23043,PAPER LANTERN 9 POINT HOLLY STAR L,Other
23044,PAPER LANTERN 9 POINT HOLLY STAR S,Other
23045,PAPER LANTERN 5 POINT STAR MOON ,Other
23046,PAPER LANTERN 9 POINT DELUXE STAR,Other
23047,PAPER LANTERN 5 POINT SEQUIN STAR,Other
23048,SET OF 10 LANTERNS FAIRY LIGHT STAR,Furniture & Home Decor
23049,RECYCLED ACAPULCO MAT RED,Other
23050,RECYCLED ACAPULCO MAT GREEN,Other
23051,RECYCLED ACAPULCO MAT BLUE,Other
23052,RECYCLED ACAPULCO MAT TURQUOISE,Other
23053,RECYCLED ACAPULCO MAT PINK,Other
23054,RECYCLED ACAPULCO MAT LAVENDER,Other
23055,IVORY CHANDELIER T-LIGHT HOLDER,Furniture & Home Decor
23056,FLOWERS CHANDELIER T-LIGHT HOLDER,Furniture & Home Decor
23057,BEADED CHANDELIER T-LIGHT HOLDER,Furniture & Home Decor
23058,CHRISTMAS HANGING SNOWFLAKE,"Gifts, Toys & Party"
23060,HEART BEADED TRELLIS DECORATION,Furniture & Home Decor
23061,VINTAGE EMBOSSED HEART,Furniture & Home Decor
23064,CINDERELLA CHANDELIER ,Other
23065,LARGE DECO JEWELLERY STAND,Furniture & Home Decor
23066,SMALL DECO JEWELLERY STAND,Furniture & Home Decor
23067,HANGING ENGRAVED METAL HEART,Furniture & Home Decor
23068,ALUMINIUM STAMPED HEART,Furniture & Home Decor
23069,EDWARDIAN PHOTO FRAME,Furniture & Home Decor
23070,EDWARDIAN HEART PHOTO FRAME,Furniture & Home Decor
23071,MARIE ANTOINETTE TRINKET BOX GOLD,"Gifts, Toys & Party"
23072,MARIE ANTOINETTE TRINKET BOX SILVER,"Gifts, Toys & Party"
23073,GEORGIAN TRINKET BOX,"Gifts, Toys & Party"
23074,EMBOSSED HEART TRINKET BOX,Furniture & Home Decor
23075,PARLOUR CERAMIC WALL HOOK,Furniture & Home Decor
23076,ICE CREAM SUNDAE LIP GLOSS,Other
23077,DOUGHNUT LIP GLOSS ,Other
23078,ICE CREAM PEN LIP GLOSS ,"Gifts, Toys & Party"
23079,TOADSTOOL BEDSIDE LIGHT ,Furniture & Home Decor
23080,RED METAL BOX TOP SECRET,"Gifts, Toys & Party"
23081,GREEN METAL BOX ARMY SUPPLIES,"Gifts, Toys & Party"
23082,SET 6 PAPER TABLE LANTERN HEARTS ,Furniture & Home Decor
23083,SET 6 PAPER TABLE LANTERN STARS ,Furniture & Home Decor
23084,RABBIT NIGHT LIGHT,Furniture & Home Decor
23085,ANTIQUE SILVER BAUBLE LAMP  ,Other
23086,ZINC  STAR T-LIGHT HOLDER ,Furniture & Home Decor
23087,ZINC  HEART T-LIGHT HOLDER,Furniture & Home Decor
23088,ZINC HEART FLOWER T-LIGHT HOLDER,Furniture & Home Decor
23089,GLASS BON BON JAR,Kitchenware & Tableware
23090,VINTAGE GLASS T-LIGHT HOLDER,Kitchenware & Tableware
23091,ZINC HERB GARDEN CONTAINER,Other
23092,LARGE ANTIQUE WHITE PHOTO FRAME,Furniture & Home Decor
23093,SMALL PARISIENNE HEART PHOTO FRAME ,Furniture & Home Decor
23094,LE GRAND TRAY CHIC SET,Kitchenware & Tableware
23096,PETIT TRAY CHIC,Kitchenware & Tableware
23099,FRENCH CARRIAGE LANTERN,Other
23100,SILVER BELLS TABLE DECORATION,Furniture & Home Decor
23101,SILVER STARS TABLE DECORATION,Furniture & Home Decor
23102,SILVER HEARTS TABLE DECORATION,Furniture & Home Decor
23103,JINGLE BELL HEART DECORATION,Furniture & Home Decor
23104,IVORY CAFE HANGING LAMP ,Other
23106,ZINC HEARTS PLANT POT HOLDER,Furniture & Home Decor
23107,WHITE HEARTS WIRE PLANT POT HOLDER,Furniture & Home Decor
23108,SET OF 10 LED DOLLY LIGHTS,Furniture & Home Decor
23109,PACK OF SIX LED TEA LIGHTS,Kitchenware & Tableware
23110,PARISIENNE KEY CABINET ,Furniture & Home Decor
23111,PARISIENNE SEWING BOX,"Gifts, Toys & Party"
23112,PARISIENNE CURIO CABINET,Furniture & Home Decor
23113,PANTRY CHOPPING BOARD,Kitchenware & Tableware
23114,VINTAGE LEAF CHOPPING BOARD  ,Other
23115,RED APPLES CHOPPING BOARD   ,Other
23116,VEGETABLE GARDEN CHOPPING BOARD,Furniture & Home Decor
23117,POPPY FIELDS CHOPPING BOARD,Other
23118,PARISIENNE JEWELLERY DRAWER ,Furniture & Home Decor
23119,PACK OF 6 LARGE FRUIT STRAWS ,Other
23120,PACK OF 6 SMALL FRUIT STRAWS,Other
23121,PACK OF 6 COCKTAIL PARASOL STRAWS,Other
23122,PARTY CHARMS 50 PIECES,"Gifts, Toys & Party"
23123,COCKTAIL SWORDS 50 PIECES,Other
23124,18PC WOODEN CUTLERY SET DISPOSABLE,Kitchenware & Tableware
23125,6PC WOOD PLATE SET DISPOSABLE,Kitchenware & Tableware
23126,FELTCRAFT GIRL AMELIE KIT,Other
23127,FELTCRAFT GIRL NICOLE KIT,Other
23128,FELTCRAFT BOY JEAN-PAUL KIT,Other
23129,HEART SHAPED HOLLY WREATH,Furniture & Home Decor
23130,MISTLETOE HEART WREATH GREEN,Furniture & Home Decor
23131,MISTLETOE HEART WREATH CREAM,Furniture & Home Decor
23132,SMALL IVORY HEART WALL ORGANISER,Furniture & Home Decor
23133,LARGE IVORY HEART WALL ORGANISER,Furniture & Home Decor
23134,LARGE ZINC HEART WALL ORGANISER,Furniture & Home Decor
23135,SMALL ZINC HEART WALL ORGANISER,Furniture & Home Decor
23136,IVORY WIRE SWEETHEART LETTER TRAY,Food & Beverages
23137,ZINC WIRE SWEETHEART LETTER TRAY,Food & Beverages
23138,SINGLE WIRE HOOK IVORY HEART,Furniture & Home Decor
23139,SINGLE WIRE HOOK PINK HEART,Furniture & Home Decor
23140,TRIPLE WIRE HOOK IVORY HEART,Furniture & Home Decor
23141,TRIPLE WIRE HOOK PINK HEART,Furniture & Home Decor
23142,IVORY WIRE KITCHEN ORGANISER,Kitchenware & Tableware
23143,ZINC WIRE KITCHEN ORGANISER,Kitchenware & Tableware
23144,ZINC T-LIGHT HOLDER STARS SMALL,Furniture & Home Decor
23145,ZINC T-LIGHT HOLDER STAR LARGE,Furniture & Home Decor
23146,TRIPLE HOOK ANTIQUE IVORY ROSE,Furniture & Home Decor
23147,SINGLE ANTIQUE ROSE HOOK IVORY,Furniture & Home Decor
23148,MINIATURE ANTIQUE ROSE HOOK IVORY,Furniture & Home Decor
23149,ANTIQUE IVORY WIRE BOWL SMALL,Kitchenware & Tableware
23150,IVORY SWEETHEART SOAP DISH,Food & Beverages
23151,ZINC SWEETHEART SOAP DISH,Food & Beverages
23152,IVORY SWEETHEART WIRE LETTER RACK ,Food & Beverages
23153,ZINC SWEETHEART WIRE LETTER RACK,Food & Beverages
23154,SET OF 4 JAM JAR MAGNETS,Kitchenware & Tableware
23155,KNICKERBOCKERGLORY MAGNET ASSORTED ,Other
23156,SET OF 5 MINI GROCERY MAGNETS,Other
23157,SET OF 6 NATIVITY MAGNETS ,Other
23158,SET OF 5 LUCKY CAT MAGNETS ,Other
23159,SET OF 5 PANCAKE DAY MAGNETS,Kitchenware & Tableware
23160,REGENCY TEA SPOON,Kitchenware & Tableware
23161,REGENCY CAKE FORK,Kitchenware & Tableware
23162,REGENCY TEA STRAINER,Kitchenware & Tableware
23163,REGENCY SUGAR TONGS,Other
23164,REGENCY CAKE SLICE,Kitchenware & Tableware
23165,LARGE CERAMIC TOP STORAGE JAR,Kitchenware & Tableware
23166,MEDIUM CERAMIC TOP STORAGE JAR,Kitchenware & Tableware
23167,SMALL CERAMIC TOP STORAGE JAR ,Kitchenware & Tableware
23168,CLASSIC CAFE SUGAR DISPENSER,"Gifts, Toys & Party"
23169,CLASSIC GLASS COOKIE JAR,Kitchenware & Tableware
23170,REGENCY TEA PLATE ROSES ,Kitchenware & Tableware
23171,REGENCY TEA PLATE GREEN ,Kitchenware & Tableware
23172,REGENCY TEA PLATE PINK,Kitchenware & Tableware
23173,REGENCY TEAPOT ROSES ,Kitchenware & Tableware
23174,REGENCY SUGAR BOWL GREEN,Kitchenware & Tableware
23175,REGENCY MILK JUG PINK ,Kitchenware & Tableware
23176,ABC TREASURE BOOK BOX ,"Gifts, Toys & Party"
23177,TREASURE ISLAND BOOK BOX,"Gifts, Toys & Party"
23178,JAM CLOCK MAGNET,Furniture & Home Decor
23179,CLOCK MAGNET MUM'S KITCHEN,Kitchenware & Tableware
23180,MUM'S KITCHEN CLOCK,Kitchenware & Tableware
23181,BULL DOG BOTTLE TOP WALL CLOCK,Kitchenware & Tableware
23182,TOILET SIGN OCCUPIED OR VACANT,Kitchenware & Tableware
23183,MOTHER'S KITCHEN SPOON REST ,Kitchenware & Tableware
23184,BULL DOG BOTTLE OPENER,Kitchenware & Tableware
23185,FRENCH STYLE STORAGE JAR JAM,Kitchenware & Tableware
23186,FRENCH STYLE STORAGE JAR CAFE ,Kitchenware & Tableware
23187,FRENCH STYLE STORAGE JAR BONBONS,Kitchenware & Tableware
23188,VINTAGE  2 METER FOLDING RULER,Other
23189,SET OF 12 FORK CANDLES,Kitchenware & Tableware
23190,BUNDLE OF 3 SCHOOL EXERCISE BOOKS  ,Other
23191,BUNDLE OF 3 RETRO NOTE BOOKS,Other
23192,BUNDLE OF 3 ALPHABET EXERCISE BOOKS,Other
23193,BUFFALO BILL TREASURE BOOK BOX,"Gifts, Toys & Party"
23194,GYMKHANA TREASURE BOOK BOX,"Gifts, Toys & Party"
23196,VINTAGE LEAF MAGNETIC NOTEPAD,Other
23197,SKETCHBOOK MAGNETIC SHOPPING LIST,Other
23198,PANTRY MAGNETIC  SHOPPING LIST,Kitchenware & Tableware
23199,JUMBO BAG APPLES,"Gifts, Toys & Party"
23200,JUMBO BAG PEARS,"Gifts, Toys & Party"
23201,JUMBO BAG ALPHABET,"Gifts, Toys & Party"
23202,JUMBO BAG VINTAGE LEAF,"Gifts, Toys & Party"
23203,JUMBO BAG VINTAGE DOILY ,"Gifts, Toys & Party"
23204,CHARLOTTE BAG APPLES DESIGN,Furniture & Home Decor
23205,CHARLOTTE BAG VINTAGE ALPHABET ,"Gifts, Toys & Party"
23206,LUNCH BAG APPLE DESIGN,Furniture & Home Decor
23207,LUNCH BAG ALPHABET DESIGN,Furniture & Home Decor
23208,LUNCH BAG VINTAGE LEAF DESIGN,Furniture & Home Decor
23209,LUNCH BAG VINTAGE DOILY ,"Gifts, Toys & Party"
23210,WHITE ROCKING HORSE HAND PAINTED,Other
23211,RED ROCKING HORSE HAND PAINTED,Other
23212,HEART WREATH DECORATION WITH BELL,Furniture & Home Decor
23213,STAR WREATH DECORATION WITH BELL,Other
23214,JINGLE BELL HEART ANTIQUE GOLD,Furniture & Home Decor
23215,JINGLE BELL HEART ANTIQUE SILVER,Furniture & Home Decor
23216,LAUREL HEART ANTIQUE GOLD,Furniture & Home Decor
23217,LAUREL HEART ANTIQUE SILVER,Furniture & Home Decor
23218,LAUREL STAR ANTIQUE GOLD,Other
23219,LAUREL STAR ANTIQUE SILVER ,Other
23220,REINDEER HEART DECORATION GOLD,Furniture & Home Decor
23221,REINDEER HEART DECORATION SILVER,Furniture & Home Decor
23222,CHRISTMAS TREE HANGING GOLD,"Gifts, Toys & Party"
23223,CHRISTMAS TREE HANGING SILVER ,"Gifts, Toys & Party"
23224,CHERUB HEART DECORATION GOLD,Furniture & Home Decor
23225,CHERUB HEART DECORATION SILVER ,Furniture & Home Decor
23226,FILIGREE HEART DAISY WHITE,Furniture & Home Decor
23227,FILIGREE HEART BUTTERFLY WHITE ,Furniture & Home Decor
23228,FILIGREE HEART BIRD WHITE ,Furniture & Home Decor
23229,VINTAGE DONKEY TAIL GAME ,"Gifts, Toys & Party"
23230,WRAP ALPHABET DESIGN,Furniture & Home Decor
23231,WRAP DOILEY DESIGN,Furniture & Home Decor
23232,WRAP VINTAGE LEAF DESIGN,Furniture & Home Decor
23233,WRAP POPPIES  DESIGN,Furniture & Home Decor
23234,BISCUIT TIN VINTAGE CHRISTMAS,Food & Beverages
23235,STORAGE TIN VINTAGE LEAF,Kitchenware & Tableware
23236,STORAGE TIN VINTAGE DOILY ,Kitchenware & Tableware
23237,SET OF 4 KNICK KNACK TINS LEAF,Kitchenware & Tableware
23238,SET OF 4 KNICK KNACK TINS LONDON ,Kitchenware & Tableware
23239,SET OF 4 KNICK KNACK TINS POPPIES,Kitchenware & Tableware
23240,SET OF 4 KNICK KNACK TINS DOILY ,Kitchenware & Tableware
23241,TREASURE TIN GYMKHANA DESIGN,Kitchenware & Tableware
23242,TREASURE TIN BUFFALO BILL ,Kitchenware & Tableware
23243,SET OF TEA COFFEE SUGAR TINS PANTRY,Kitchenware & Tableware
23244,ROUND STORAGE TIN VINTAGE LEAF,Kitchenware & Tableware
23245,SET OF 3 REGENCY CAKE TINS,Kitchenware & Tableware
23247,BISCUIT TIN 50'S CHRISTMAS,Food & Beverages
23249,VINTAGE RED ENAMEL TRIM PLATE,Kitchenware & Tableware
23250,VINTAGE RED TRIM ENAMEL BOWL ,Kitchenware & Tableware
23251,VINTAGE RED ENAMEL TRIM MUG ,Kitchenware & Tableware
23252,VINTAGE RED ENAMEL TRIM JUG ,Kitchenware & Tableware
23253,16 PIECE CUTLERY SET PANTRY DESIGN,Kitchenware & Tableware
23254,CHILDRENS CUTLERY DOLLY GIRL ,Kitchenware & Tableware
23255,CHILDRENS CUTLERY CIRCUS PARADE,Kitchenware & Tableware
23256,CHILDRENS CUTLERY SPACEBOY ,Kitchenware & Tableware
23263,SET OF 3 WOODEN HEART DECORATIONS,Furniture & Home Decor
23264,SET OF 3 WOODEN SLEIGH DECORATIONS,Other
23265,SET OF 3 WOODEN TREE DECORATIONS,Other
23266,SET OF 3 WOODEN STOCKING DECORATION,Other
23267,SET OF 4 SANTA PLACE SETTINGS,Kitchenware & Tableware
23268,SET OF 2 CERAMIC CHRISTMAS REINDEER,"Gifts, Toys & Party"
23269,SET OF 2 CERAMIC CHRISTMAS TREES,"Gifts, Toys & Party"
23270,SET OF 2 CERAMIC PAINTED HEARTS ,Furniture & Home Decor
23271,CHRISTMAS TABLE SILVER CANDLE SPIKE,Furniture & Home Decor
23272,TREE T-LIGHT HOLDER WILLIE WINKIE,Furniture & Home Decor
23273,HEART T-LIGHT HOLDER WILLIE WINKIE,Furniture & Home Decor
23274,STAR T-LIGHT HOLDER WILLIE WINKIE,Furniture & Home Decor
23275,SET OF 3 HANGING OWLS OLLIE BEAK,Other
23280,FOLDING BUTTERFLY MIRROR HOT PINK ,Furniture & Home Decor
23281,FOLDING BUTTERFLY MIRROR RED  ,Furniture & Home Decor
23282,FOLDING BUTTERFLY MIRROR IVORY ,Furniture & Home Decor
23283,DOORMAT VINTAGE LEAF,Furniture & Home Decor
23284,DOORMAT KEEP CALM AND COME IN,Furniture & Home Decor
23285,PINK VINTAGE SPOT BEAKER,Furniture & Home Decor
23286,BLUE VINTAGE SPOT BEAKER,Furniture & Home Decor
23287,RED VINTAGE SPOT BEAKER,Furniture & Home Decor
23288,GREEN VINTAGE SPOT BEAKER,Furniture & Home Decor
23289,DOLLY GIRL CHILDRENS BOWL,Kitchenware & Tableware
23290,SPACEBOY CHILDRENS BOWL,Kitchenware & Tableware
23291,DOLLY GIRL CHILDRENS CUP,Kitchenware & Tableware
23292,SPACEBOY CHILDRENS CUP,Kitchenware & Tableware
23293,SET OF 12 FAIRY CAKE BAKING CASES,Kitchenware & Tableware
23294,SET OF 6 SNACK LOAF BAKING CASES,Kitchenware & Tableware
23295,SET OF 12 MINI LOAF BAKING CASES,Kitchenware & Tableware
23296,SET OF 6 TEA TIME BAKING CASES,Kitchenware & Tableware
23297,SET 40 HEART SHAPE PETIT FOUR CASES,Furniture & Home Decor
23298,SPOTTY BUNTING,Kitchenware & Tableware
23299,FOOD COVER WITH BEADS SET 2 ,Food & Beverages
23300,GARDENERS KNEELING PAD CUP OF TEA ,Kitchenware & Tableware
23301,GARDENERS KNEELING PAD KEEP CALM ,Other
23302,KNEELING MAT HOUSEWORK  DESIGN,Furniture & Home Decor
23306,SET OF 36 DOILIES PANTRY DESIGN,Kitchenware & Tableware
23307,SET OF 60 PANTRY DESIGN CAKE CASES ,Kitchenware & Tableware
23308,SET OF 60 VINTAGE LEAF CAKE CASES ,Kitchenware & Tableware
23309,SET OF 60 I LOVE LONDON CAKE CASES ,Kitchenware & Tableware
23310,BUBBLEGUM RING ASSORTED,Other
23311,VINTAGE CHRISTMAS STOCKING ,"Gifts, Toys & Party"
23312,VINTAGE CHRISTMAS GIFT SACK,"Gifts, Toys & Party"
23313,VINTAGE CHRISTMAS BUNTING,Kitchenware & Tableware
23314,VINTAGE CHRISTMAS TABLECLOTH,Furniture & Home Decor
23315,IVORY REFECTORY CLOCK,Furniture & Home Decor
23316,RED REFECTORY CLOCK ,Furniture & Home Decor
23317,BLUE REFECTORY CLOCK ,Furniture & Home Decor
23318,BOX OF 6 MINI VINTAGE CRACKERS,"Gifts, Toys & Party"
23319,BOX OF 6 MINI 50'S CRACKERS,"Gifts, Toys & Party"
23320,GIANT 50'S CHRISTMAS CRACKER,"Gifts, Toys & Party"
23321,SMALL WHITE HEART OF WICKER,Furniture & Home Decor
23322,LARGE WHITE HEART OF WICKER,Furniture & Home Decor
23323,WHITE WICKER STAR ,Other
23324,RUSTIC STRAWBERRY JAM POT LARGE ,Furniture & Home Decor
23325,RUSTIC STRAWBERRY JAM POT SMALL,Furniture & Home Decor
23326,HANGING MINI COLOURED BOTTLES,Kitchenware & Tableware
23327,HANGING CLEAR MINI BOTTLE,Kitchenware & Tableware
23328,SET 6 SCHOOL MILK BOTTLES IN CRATE,Kitchenware & Tableware
23329,DECORATIVE WICKER HEART LARGE,Furniture & Home Decor
23330,DECORATIVE WICKER HEART MEDIUM,Furniture & Home Decor
23331,DECORATIVE WICKER HEART SMALL,Furniture & Home Decor
23332,IVORY WICKER HEART LARGE,Furniture & Home Decor
23333,IVORY WICKER HEART MEDIUM,Furniture & Home Decor
23334,IVORY WICKER HEART SMALL,Furniture & Home Decor
23335,EGG FRYING PAN IVORY ,Kitchenware & Tableware
23336,EGG FRYING PAN PINK ,Kitchenware & Tableware
23337,EGG FRYING PAN MINT ,Kitchenware & Tableware
23338,EGG FRYING PAN RED ,Kitchenware & Tableware
23339,EGG FRYING PAN BLUE ,Kitchenware & Tableware
23340,VINTAGE CHRISTMAS CAKE FRILL,Kitchenware & Tableware
23341,PINK DINER WALL CLOCK,Furniture & Home Decor
23342,MINT DINER WALL CLOCK,Furniture & Home Decor
23343,JUMBO BAG VINTAGE CHRISTMAS ,"Gifts, Toys & Party"
23344,JUMBO BAG 50'S CHRISTMAS ,"Gifts, Toys & Party"
23345, DOLLY GIRL BEAKER,"Gifts, Toys & Party"
23346,SPACEBOY BEAKER,Other
23347,I LOVE LONDON BEAKER,Other
23348,CHILDRENS TOY COOKING UTENSIL SET,"Gifts, Toys & Party"
23349,ROLL WRAP VINTAGE CHRISTMAS,"Gifts, Toys & Party"
23350,ROLL WRAP VINTAGE SPOT ,Furniture & Home Decor
23351,ROLL WRAP 50'S CHRISTMAS,"Gifts, Toys & Party"
23352,ROLL WRAP 50'S RED CHRISTMAS ,"Gifts, Toys & Party"
23353,6 GIFT TAGS VINTAGE CHRISTMAS ,"Gifts, Toys & Party"
23354,6 GIFT TAGS 50'S CHRISTMAS ,"Gifts, Toys & Party"
23355,HOT WATER BOTTLE KEEP CALM,Kitchenware & Tableware
23356,LOVE HOT WATER BOTTLE,Kitchenware & Tableware
23357,HOT WATER BOTTLE SEX BOMB,Kitchenware & Tableware
23358,HOT STUFF HOT WATER BOTTLE,Kitchenware & Tableware
23359,SET OF 12 T-LIGHTS VINTAGE DOILY,Furniture & Home Decor
23360,SET 8 CANDLES VINTAGE DOILY,Furniture & Home Decor
23365,SET 12 COLOUR PENCILS LOVE LONDON,"Gifts, Toys & Party"
23366,SET 12 COLOURING PENCILS DOILY,"Gifts, Toys & Party"
23367,SET 12 COLOUR PENCILS SPACEBOY ,"Gifts, Toys & Party"
23368,SET 12 COLOUR PENCILS DOLLY GIRL ,"Gifts, Toys & Party"
23369,SET 36 COLOUR PENCILS LOVE LONDON,"Gifts, Toys & Party"
23370,SET 36 COLOURING PENCILS DOILY,"Gifts, Toys & Party"
23371,SET 36 COLOUR PENCILS SPACEBOY ,"Gifts, Toys & Party"
23372,SET 36 COLOUR PENCILS DOLLY GIRL,"Gifts, Toys & Party"
23373,VINTAGE CHRISTMAS PAPER GIFT BAG,"Gifts, Toys & Party"
23374,RED SPOT PAPER GIFT BAG,Furniture & Home Decor
23375,50'S CHRISTMAS PAPER GIFT BAG,"Gifts, Toys & Party"
23376,PACK OF 12 VINTAGE CHRISTMAS TISSUE,"Gifts, Toys & Party"
23377,PACK OF 12 DOLLY GIRL TISSUES,"Gifts, Toys & Party"
23378,PACK OF 12 50'S CHRISTMAS TISSUES,"Gifts, Toys & Party"
23379,PACK OF 12 RED APPLE TISSUES,Other
23380,PACK OF 12 VINTAGE DOILY TISSUES,Other
23381,PACK OF 12 VINTAGE LEAF TISSUES ,Other
23382,BOX OF 6 CHRISTMAS CAKE DECORATIONS,Kitchenware & Tableware
23388,WOODLAND MINI BACKPACK,Other
23389,SPACEBOY MINI BACKPACK,Other
23390,DOLLY GIRL MINI BACKPACK,"Gifts, Toys & Party"
23391, I LOVE LONDON MINI BACKPACK,Other
23392,SPACEBOY ROCKET LOLLY MAKERS,Other
23393,HOME SWEET HOME CUSHION COVER ,Food & Beverages
23394,POSTE FRANCE CUSHION COVER,Furniture & Home Decor
23395,BELLE JARDINIERE CUSHION COVER,Kitchenware & Tableware
23396,LE JARDIN BOTANIQUE CUSHION COVER,Kitchenware & Tableware
23397,FOOT STOOL HOME SWEET HOME ,Food & Beverages
23398,HANGING HEART BONHEUR,Furniture & Home Decor
23399,HOME SWEET HOME HANGING HEART,Food & Beverages
23400,SHELF WITH 4 HOOKS HOME SWEET HOME,Food & Beverages
23401,RUSTIC MIRROR WITH LACE HEART,Furniture & Home Decor
23402,HOME SWEET HOME 3 PEG HANGER ,Food & Beverages
23403,LETTER HOLDER HOME SWEET HOME,Food & Beverages
23404,HOME SWEET HOME BLACKBOARD,Food & Beverages
23405,HOME SWEET HOME 2 DRAWER CABINET,Food & Beverages
23406,HOME SWEET HOME KEY HOLDER,Food & Beverages
23407,SET OF 2 TRAYS HOME SWEET HOME,Food & Beverages
23408,PHOTO FRAME LINEN AND LACE SMALL,Furniture & Home Decor
23409,PHOTO FRAME LINEN AND LACE LARGE,Furniture & Home Decor
23410,CURIO CABINET LINEN AND LACE ,Furniture & Home Decor
23411, TRELLIS COAT RACK,Other
23412,HEART MIRROR ANTIQUE WHITE,Furniture & Home Decor
23413,VINTAGE COFFEE GRINDER BOX,Kitchenware & Tableware
23414,ZINC BOX SIGN HOME,Furniture & Home Decor
23415,HOME SWEET HOME HOOK,Food & Beverages
23416,CHAMBRE HOOK,Furniture & Home Decor
23417,BATHROOM HOOK,Furniture & Home Decor
23418,LAVENDER TOILETTE BOTTLE,Kitchenware & Tableware
23419,HOME SWEET HOME BOTTLE ,Food & Beverages
23420,PANTRY HOOK TEA STRAINER ,Kitchenware & Tableware
23421,PANTRY HOOK SPATULA,Kitchenware & Tableware
23422,PANTRY HOOK BALLOON WHISK ,Kitchenware & Tableware
23423,PANTRY 3 HOOK ROLLING PIN HANGER,Kitchenware & Tableware
23424,GINGHAM RECIPE BOOK BOX,"Gifts, Toys & Party"
23425,STORAGE TIN HOME SWEET HOME,Food & Beverages
23426,METAL SIGN DROP YOUR PANTS,Kitchenware & Tableware
23427,STOOL HOME SWEET HOME ,Food & Beverages
23428,IVORY RETRO KITCHEN WALL CLOCK,Kitchenware & Tableware
23429,RED RETRO KITCHEN WALL CLOCK,Kitchenware & Tableware
23430,BLUE RETRO KITCHEN WALL CLOCK,Kitchenware & Tableware
23431,NATURAL HANGING QUILTED HEARTS ,Furniture & Home Decor
23432,PRETTY HANGING QUILTED HEARTS,Furniture & Home Decor
23433,HANGING QUILTED PATCHWORK APPLES,Other
23434,3 RAFFIA RIBBONS 50'S CHRISTMAS ,"Gifts, Toys & Party"
23435,3 RAFFIA RIBBONS VINTAGE CHRISTMAS,"Gifts, Toys & Party"
23436,VINTAGE CHRISTMAS GIFT BAG LARGE ,"Gifts, Toys & Party"
23437, 50'S CHRISTMAS GIFT BAG LARGE,"Gifts, Toys & Party"
23438, RED SPOT GIFT BAG LARGE,Furniture & Home Decor
23439,HAND WARMER RED LOVE HEART,Furniture & Home Decor
23442,12 HANGING EGGS HAND PAINTED,Other
23444,Next Day Carriage,Other
23445,ICE CREAM BUBBLES,Other
23451,SQUARE MINI PORTRAIT FRAME,Furniture & Home Decor
23452,HEART MINI PORTRAIT FRAME,Furniture & Home Decor
23453,OVAL  MINI PORTRAIT FRAME,Furniture & Home Decor
23454,THREE MINI HANGING FRAMES,Furniture & Home Decor
23455,SMALL PARLOUR PICTURE FRAME,Furniture & Home Decor
23456,MEDIUM PARLOUR PICTURE FRAME ,Furniture & Home Decor
23457,LARGE PARLOUR PICTURE FRAME,Furniture & Home Decor
23458,DOLLY CABINET 3 DRAWERS ,Furniture & Home Decor
23459,DOLLY CABINET 2 DRAWERS ,Furniture & Home Decor
23460,SWEETHEART WALL TIDY ,Food & Beverages
23461,SWEETHEART BIRD HOUSE,Food & Beverages
23462,ROCOCO WALL MIRROR WHITE,Furniture & Home Decor
23465,TUSCAN VILLA BIRD FEEDER,Other
23466,TUSCAN VILLA DOVECOTE BIRD FEEDER,Other
23468,TUSCAN VILLA BIRD TABLE ,Furniture & Home Decor
23469,CARD HOLDER LOVE BIRD SMALL,Furniture & Home Decor
23470,CARD HOLDER LOVE BIRD LARGE ,Furniture & Home Decor
23471,SIX DRAWER OFFICE TIDY,Furniture & Home Decor
23472, NINE DRAWER OFFICE TIDY,Furniture & Home Decor
23473,WOODLAND SMALL RED FELT HEART,Furniture & Home Decor
23474,WOODLAND SMALL BLUE FELT HEART,Furniture & Home Decor
23475,WOODLAND SMALL PINK FELT HEART,Furniture & Home Decor
23476,WOODLAND LARGE RED FELT HEART,Furniture & Home Decor
23478,WOODLAND LARGE PINK FELT HEART,Furniture & Home Decor
23479,WIRE EGG BASKET ,Other
23480,MINI LIGHTS WOODLAND MUSHROOMS,Furniture & Home Decor
23481,PEARLISED IVORY HEART SMALL ,Furniture & Home Decor
23482,PEARLISED IVORY HEART LARGE ,Furniture & Home Decor
23483,HANGING  BUTTERFLY T-LIGHT HOLDER,Furniture & Home Decor
23484,HEART TRELLIS TRIPLE T-LIGHT HOLDER,Furniture & Home Decor
23485,BOTANICAL GARDENS WALL CLOCK ,Furniture & Home Decor
23486,ANTIQUE HEART SHELF UNIT,Furniture & Home Decor
23487,SWEET HEART CAKE CARRIER,Food & Beverages
23489,VINTAGE BELLS GARLAND,Other
23490,T-LIGHT HOLDER HANGING LOVE BIRD,Furniture & Home Decor
23491,VINTAGE JINGLE BELLS HEART,Furniture & Home Decor
23492,VINTAGE JINGLE BELLS WREATH,Other
23493,VINTAGE DOILY TRAVEL SEWING KIT,Other
23494,VINTAGE DOILY DELUXE SEWING KIT ,Other
23495,SET OF 3 PANTRY WOODEN SPOONS,Kitchenware & Tableware
23496,PANTRY KITCHEN THERMOMETER ,Kitchenware & Tableware
23497,CLASSIC CHROME BICYCLE BELL ,Other
23498,CLASSIC BICYCLE CLIPS ,Other
23499,SET 12 VINTAGE DOILY CHALK ,Other
23500,KEY RING BASEBALL BOOT ASSORTED ,Other
23501,KEY RING BASEBALL BOOT UNION JACK,Other
23502,PLAYING CARDS VINTAGE DOILY ,"Gifts, Toys & Party"
23503,PLAYING CARDS KEEP CALM & CARRY ON,"Gifts, Toys & Party"
23504,PLAYING CARDS JUBILEE UNION JACK,"Gifts, Toys & Party"
23505,PLAYING CARDS I LOVE LONDON ,"Gifts, Toys & Party"
23506,MINI PLAYING CARDS SPACEBOY ,"Gifts, Toys & Party"
23507,MINI PLAYING CARDS BUFFALO BILL ,"Gifts, Toys & Party"
23508,MINI PLAYING CARDS DOLLY GIRL ,"Gifts, Toys & Party"
23509,MINI PLAYING CARDS FUN FAIR ,"Gifts, Toys & Party"
23510,MINI PLAYING CARDS GYMKHANA,"Gifts, Toys & Party"
23511,EMBROIDERED RIBBON REEL EMILY ,"Gifts, Toys & Party"
23512,EMBROIDERED RIBBON REEL ROSIE,"Gifts, Toys & Party"
23513,EMBROIDERED RIBBON REEL SUSIE ,"Gifts, Toys & Party"
23514,EMBROIDERED RIBBON REEL SALLY ,"Gifts, Toys & Party"
23515,EMBROIDERED RIBBON REEL DAISY ,"Gifts, Toys & Party"
23516,EMBROIDERED RIBBON REEL SOPHIE  ,"Gifts, Toys & Party"
23517,EMBROIDERED RIBBON REEL REBECCA ,"Gifts, Toys & Party"
23518,EMBROIDERED RIBBON REEL RACHEL ,"Gifts, Toys & Party"
23519,EMBROIDERED RIBBON REEL CLAIRE,"Gifts, Toys & Party"
23520,EMBROIDERED RIBBON REEL RUBY ,"Gifts, Toys & Party"
23521,WALL ART CAT AND BIRD ,Furniture & Home Decor
23522,WALL ART DOG AND BALL ,Furniture & Home Decor
23523,WALL ART TREASURE AHOY ,Furniture & Home Decor
23524,WALL ART HORSE & PONY ,Furniture & Home Decor
23525,WALL ART BUFFALO BILL ,Furniture & Home Decor
23526,WALL ART DOG LICENCE ,Furniture & Home Decor
23527,WALL ART ANIMALS AND NATURE ,Furniture & Home Decor
23528,WALL ART SPACEBOY,Furniture & Home Decor
23529,WALL ART DOLLY GIRL ,Furniture & Home Decor
23530,WALL ART ONLY ONE PERSON ,Furniture & Home Decor
23531,WALL ART BIG LOVE ,Furniture & Home Decor
23532,WALL ART WORK REST AND PLAY  ,Furniture & Home Decor
23533,WALL ART GARDEN HAVEN ,Furniture & Home Decor
23534,WALL ART STOP FOR TEA ,Kitchenware & Tableware
23535,WALL ART BICYCLE SAFETY,Furniture & Home Decor
23536,WALL ART VILLAGE SHOW ,Furniture & Home Decor
23537,WALL ART I LOVE LONDON ,Furniture & Home Decor
23538,WALL ART VINTAGE HEART,Furniture & Home Decor
23539,WALL ART LOVES' SECRET ,Furniture & Home Decor
23540,WALL ART THE MAGIC FOREST ,Furniture & Home Decor
23541,WALL ART CLASSIC PUDDINGS ,Furniture & Home Decor
23542,WALL ART 70'S ALPHABET ,Furniture & Home Decor
23543,WALL ART KEEP CALM ,Furniture & Home Decor
23544,WALL ART MID CENTURY MODERN ,Furniture & Home Decor
23545,WRAP RED VINTAGE DOILY,"Gifts, Toys & Party"
23546,WRAP PAISLEY PARK ,"Gifts, Toys & Party"
23547,WRAP FLOWER SHOP  ,Furniture & Home Decor
23548,WRAP MAGIC FOREST ,"Gifts, Toys & Party"
23549,WRAP BIRD GARDEN ,"Gifts, Toys & Party"
23550,WRAP ALPHABET POSTER  ,"Gifts, Toys & Party"
23551,PACK OF 12 PAISLEY PARK TISSUES ,Other
23552,BICYCLE PUNCTURE REPAIR KIT ,Other
23553,LANDMARK FRAME CAMDEN TOWN ,Furniture & Home Decor
23554,LANDMARK FRAME OXFORD STREET,Furniture & Home Decor
23555,LANDMARK FRAME NOTTING HILL ,Kitchenware & Tableware
23556,LANDMARK FRAME COVENT GARDEN ,Furniture & Home Decor
23557,LANDMARK FRAME BAKER STREET ,Furniture & Home Decor
23558,LANDMARK FRAME LONDON BRIDGE ,Furniture & Home Decor
23559,WOODLAND BUNNIES LOLLY MAKERS,Other
23560,SET OF 6 RIBBONS COUNTRY STYLE,"Gifts, Toys & Party"
23561,SET OF 6 RIBBONS PARTY,"Gifts, Toys & Party"
23562,SET OF 6 RIBBONS PERFECTLY PRETTY  ,"Gifts, Toys & Party"
23564,EGG CUP MILKMAID INGRID,Kitchenware & Tableware
23565,EGG CUP MILKMAID HELGA ,Kitchenware & Tableware
23566,EGG CUP MILKMAID HEIDI,Kitchenware & Tableware
23567,EGG CUP HENRIETTA HEN PINK,Kitchenware & Tableware
23568,EGG CUP HENRIETTA HEN CREAM ,Kitchenware & Tableware
23569,TRADTIONAL ALPHABET STAMP SET,Other
23570,TRADITIONAL PICK UP STICKS GAME ,"Gifts, Toys & Party"
23571,TRADITIONAL NAUGHTS & CROSSES,Other
23574,PACKING CHARGE,Other
23575,SNACK TRAY PAISLEY PARK,Kitchenware & Tableware
23576,SNACK TRAY RED VINTAGE DOILY,Kitchenware & Tableware
23578,SNACK TRAY RED GINGHAM,Kitchenware & Tableware
23579,SNACK TRAY I LOVE LONDON,Kitchenware & Tableware
23580,SNACK TRAY HAPPY FOREST  ,Kitchenware & Tableware
23581,JUMBO BAG PAISLEY PARK,"Gifts, Toys & Party"
23582,VINTAGE DOILY JUMBO BAG RED ,"Gifts, Toys & Party"
23583,LUNCH BAG PAISLEY PARK  ,"Gifts, Toys & Party"
23597,PAPER BUNTING PAISLEY PARK,Kitchenware & Tableware
23598,PAPER BUNTING VINTAGE PARTY,Kitchenware & Tableware
23660,HENRIETTA HEN MUG ,Kitchenware & Tableware
23661,MILK MAIDS MUG ,Kitchenware & Tableware
23681,LUNCH BAG RED VINTAGE DOILY,"Gifts, Toys & Party"
23691,WRAP KEEP CALM BIRTHDAY,"Gifts, Toys & Party"
23694,PAISLEY PARK CARD,"Gifts, Toys & Party"
23695,DOILY THANK YOU CARD,"Gifts, Toys & Party"
23697,A PRETTY THANK YOU CARD,"Gifts, Toys & Party"
35001G,HAND OPEN SHAPE GOLD,"Gifts, Toys & Party"
35004B,SET OF 3 BLACK FLYING DUCKS,Other
35004C,SET OF 3 COLOURED  FLYING DUCKS,Other
35004G,SET OF 3 GOLD FLYING DUCKS,Other
35095A,BLUE VICTORIAN FABRIC OVAL BOX,"Gifts, Toys & Party"
35095B,RED VICTORIAN FABRIC OVAL BOX,"Gifts, Toys & Party"
35241,ENAMEL BLUE RIM BISCUIT BIN,Food & Beverages
35265,COLOURFUL FLOWER FRUIT BOWL,Kitchenware & Tableware
35471D,SET OF 3 BIRD LIGHT PINK FEATHER ,Furniture & Home Decor
35598B,BLACK CHRISTMAS TREE 60CM,"Gifts, Toys & Party"
35598D,PINK/WHITE CHRISTMAS TREE 60CM,"Gifts, Toys & Party"
35599B,BLACK CHRISTMAS TREE 120CM,"Gifts, Toys & Party"
35599D,PINK AND WHITE CHRISTMAS TREE 120CM,"Gifts, Toys & Party"
35637A,IVORY STRING CURTAIN WITH POLE ,Other
35646,VINTAGE BEAD PINK EVENING BAG,"Gifts, Toys & Party"
35648,VINTAGE BEAD PINK PURSE ,Other
35651,VINTAGE BEAD PINK SCARF ,Other
35653,VINTAGE BEAD NOTEBOOK,Other
35809A,ENAMEL PINK TEA CONTAINER,Kitchenware & Tableware
35810A,ENAMEL PINK COFFEE CONTAINER,Kitchenware & Tableware
35810B,ENAMEL BLUE RIM COFFEE CONTAINER,Kitchenware & Tableware
35818P,"ACRYLIC JEWEL ICICLE, PINK",Other
35819B,"ACRYLIC HANGING JEWEL,BLUE",Other
35833P,4 PINK FLOCK CHRISTMAS BALLS,"Gifts, Toys & Party"
35911A,MULTICOLOUR RABBIT EGG WARMER,Other
35912B,WHITE/PINK CHICK DECORATION,Other
35913B,WHITE/PINK CHICK EASTER DECORATION,Other
35914,PINK CHICK EGG WARMER + EGG CUP,Kitchenware & Tableware
35915B,BLUE KNITTED HEN ,Other
35920,FOUR RABBIT EASTER DECORATIONS,Other
35921,EASTER BUNNY HANGING GARLAND,Other
35922,EASTER BUNNY WREATH,Other
35923,CANDY HEART HANGING DECORATION,Food & Beverages
35924,HANGING FAIRY CAKE DECORATION,Kitchenware & Tableware
35933,PINK STOCKING CHRISTMAS DECORATION,"Gifts, Toys & Party"
35953,FOLKART STAR CHRISTMAS DECORATIONS,"Gifts, Toys & Party"
35954,SMALL FOLKART STAR CHRISTMAS DEC,"Gifts, Toys & Party"
35961,FOLKART ZINC HEART CHRISTMAS DEC,Furniture & Home Decor
35964,FOLKART CLIP ON STARS,Other
35965,FOLKART HEART NAPKIN RINGS,Furniture & Home Decor
35967,FOLK ART METAL STAR T-LIGHT HOLDER,Furniture & Home Decor
35968,FOLK ART METAL HEART T-LIGHT HOLDER,Furniture & Home Decor
35970,ZINC FOLKART SLEIGH BELLS,Other
35971,ROSE FOLKART HEART DECORATIONS,Furniture & Home Decor
35972,DAISY FOLKART HEART DECORATION,Furniture & Home Decor
37327,ASSTD MULTICOLOUR CIRCLES MUG,Kitchenware & Tableware
37333,"RETRO ""TEA FOR ONE"" ",Kitchenware & Tableware
37340,MULTICOLOUR SPRING FLOWER MUG,Kitchenware & Tableware
37342,POLKADOT COFFEE CUP & SAUCER PINK,Kitchenware & Tableware
37370,RETRO COFFEE MUGS ASSORTED,Kitchenware & Tableware
37413,ICON MUG REVOLUTIONARY,Kitchenware & Tableware
37444A,YELLOW BREAKFAST CUP AND SAUCER,Kitchenware & Tableware
37446,MINI CAKE STAND WITH HANGING CAKES,Kitchenware & Tableware
37447,CERAMIC CAKE DESIGN SPOTTED PLATE,Kitchenware & Tableware
37448,CERAMIC CAKE DESIGN SPOTTED MUG,Kitchenware & Tableware
37449,CERAMIC CAKE STAND + HANGING CAKES,Kitchenware & Tableware
37450,CERAMIC CAKE BOWL + HANGING CAKES,Kitchenware & Tableware
37467,PIG MUG IN TWO COLOUR DESIGNS,Kitchenware & Tableware
37468,HARDMAN MUG 3 ASSORTED,Kitchenware & Tableware
37475,SET/4 COLOURFUL MIXING BOWLS,Kitchenware & Tableware
37479B,CUBIC MUG FLOCK BLUE ON BROWN,Kitchenware & Tableware
37479P,CUBIC MUG FLOCK PINK ON BROWN,Kitchenware & Tableware
37482P,CUBIC MUG PINK POLKADOT,Kitchenware & Tableware
37489A,YELLOW/PINK FLOWER DESIGN BIG MUG,Kitchenware & Tableware
37489B,BLUE/YELLOW FLOWER DESIGN BIG MUG,Kitchenware & Tableware
37489D,PINK/GREEN FLOWER DESIGN BIG MUG,Kitchenware & Tableware
37495,FAIRY CAKE BIRTHDAY CANDLE SET,Kitchenware & Tableware
37500,TEA TIME TEAPOT IN GIFT BOX,Kitchenware & Tableware
37501,TEA TIME TEA SET IN GIFT BOX,Kitchenware & Tableware
40001,WHITE BAMBOO RIBS LAMPSHADE,Other
40003,WHITE BAMBOO RIBS LAMPSHADE,Other
40016,CHINESE DRAGON PAPER LANTERNS,Other
44234,ASSORTED CIRCULAR MOBILE,Other
44235,ASSORTED COLOURED CIRCLE MOBILE ,Other
46000M,POLYESTER FILLER PAD 45x45cm,Other
46000R,POLYESTER FILLER PAD 45x30cm,Other
46000S,POLYESTER FILLER PAD 40x40cm,Other
46000U,POLYESTER FILLER PAD 30CMx30CM,Other
46118,FUNKY MONKEY CUSHION COVER,Furniture & Home Decor
46138B,BLUE CHENILLE SHAGGY CUSHION COVER ,Furniture & Home Decor
46775D,SUNSET COLOUR CHUNKY KNITTED THROW,Other
47021G,SET/6 BEAD COASTERS GAUZE BAG GOLD,"Gifts, Toys & Party"
47310M,SMALL POP BOX FUNKY MONKEY,"Gifts, Toys & Party"
47341B,BLUE TABLE RUN FLOWER,Furniture & Home Decor
47343A,FUSCHIA FLOWER PURSE WITH BEADS,Furniture & Home Decor
47348A,FUSCHIA VOILE POINTY SHOE DEC,Other
47367B,PAIR PADDED HANGERS PINK CHECK,Furniture & Home Decor
47420,ASSORTED COLOUR SUCTION CUP HOOK,Kitchenware & Tableware
47421,ASSORTED COLOUR LIZARD SUCTION HOOK,Furniture & Home Decor
47422,ASSORTED MONKEY SUCTION CUP HOOK,Kitchenware & Tableware
47469,ASSORTED SHAPES PHOTO CLIP SILVER ,Other
47471,RAINBOW PEGS PHOTO CLIP STRING,Other
47480,HANGING PHOTO CLIP ROPE LADDER,Other
47481,50CM METAL STRING WITH  7 CLIPS,Other
47503A,ASS FLORAL PRINT MULTI SCREWDRIVER,Other
47503H,ASS FLORAL PRINT SPIRIT LEVEL ,Other
47504H,ENGLISH ROSE SPIRIT LEVEL ,Other
47504K,ENGLISH ROSE GARDEN SECATEURS,Other
47518F,ICON PLACEMAT POP ART ELVIS,Other
47559B,TEA TIME OVEN GLOVE,Kitchenware & Tableware
47563A,RETRO LONGBOARD IRONING BOARD COVER,Other
47566,PARTY BUNTING,Kitchenware & Tableware
47566B,TEA TIME PARTY BUNTING,Kitchenware & Tableware
47567B,TEA TIME KITCHEN APRON,Kitchenware & Tableware
47570B,TEA TIME TABLE CLOTH,Kitchenware & Tableware
47574A,ENGLISH ROSE SCENTED HANGING FLOWER,Furniture & Home Decor
47578A,ENGLISH ROSE SMALL SCENTED FLOWER,Furniture & Home Decor
47580,TEA TIME DES TEA COSY,Kitchenware & Tableware
47585A,PINK FAIRY CAKE CUSHION COVER,Kitchenware & Tableware
47590A,BLUE HAPPY BIRTHDAY BUNTING,Kitchenware & Tableware
47590B,PINK HAPPY BIRTHDAY BUNTING,Kitchenware & Tableware
47591B,SCOTTIES CHILDRENS APRON,Other
47591D,PINK FAIRY CAKE CHILDRENS APRON,Kitchenware & Tableware
47593A,CAROUSEL PONIES BABY BIB,Other
47593B,SCOTTIE DOGS BABY BIB,Other
47594A,CAROUSEL DESIGN WASHBAG,Furniture & Home Decor
47594B,SCOTTIES DESIGN WASHBAG,Furniture & Home Decor
47599A,PINK PARTY BAGS,"Gifts, Toys & Party"
47599B,BLUE PARTY BAGS ,"Gifts, Toys & Party"
48111,DOORMAT 3 SMILEY CATS,Furniture & Home Decor
48116,DOORMAT MULTICOLOUR STRIPE,Furniture & Home Decor
48129,DOORMAT TOPIARY,Furniture & Home Decor
48138,DOORMAT UNION FLAG,Furniture & Home Decor
48173C,DOORMAT BLACK FLOCK ,Furniture & Home Decor
48184,DOORMAT ENGLISH ROSE ,Furniture & Home Decor
48185,DOORMAT FAIRY CAKE,Kitchenware & Tableware
48187,DOORMAT NEW ENGLAND,Furniture & Home Decor
48188,DOORMAT WELCOME PUPPIES,Furniture & Home Decor
48194,DOORMAT HEARTS,Furniture & Home Decor
51008,AFGHAN SLIPPER SOCK PAIR,Other
51014A,"FEATHER PEN,HOT PINK","Gifts, Toys & Party"
51014C,"FEATHER PEN,COAL BLACK","Gifts, Toys & Party"
51014L,"FEATHER PEN,LIGHT PINK",Furniture & Home Decor
51020A,SUMMER FUN DESIGN SHOWER CAP,Furniture & Home Decor
51020B,STRIPY DESIGN SHOWER CAP,Furniture & Home Decor
62018,SOMBRERO ,Other
62086A,PINK RETRO BIG FLOWER BAG,Furniture & Home Decor
70006,LOVE HEART POCKET WARMER,Furniture & Home Decor
70007,HI TEC ALPINE HAND WARMER,Other
71038,WHITE HANGING BEADS CANDLE HOLDER,Furniture & Home Decor
71053,WHITE METAL LANTERN,Other
71101E,STANDING FAIRY POLE SUPPORT ,Furniture & Home Decor
71270,PHOTO CLIP LINE,Other
71279,PINK GLASS CANDLEHOLDER,Kitchenware & Tableware
71403,"PINK/WHITE ""KEEP CLEAN"" BULLET BIN",Other
71406C,BLACK ORANGE SQUEEZER,Other
71459,HANGING JAM JAR T-LIGHT HOLDER,Kitchenware & Tableware
71477,COLOUR GLASS. STAR T-LIGHT HOLDER,Kitchenware & Tableware
72122,COFFEE SCENT PILLAR CANDLE,Kitchenware & Tableware
72127,COLUMBIAN CANDLE ROUND ,Furniture & Home Decor
72128,COLUMBIAN CANDLE ROUND,Furniture & Home Decor
72130,COLUMBIAN CANDLE ROUND,Furniture & Home Decor
72131,COLUMBIAN CANDLE RECTANGLE,Furniture & Home Decor
72132,COLUMBIAN CUBE CANDLE,Furniture & Home Decor
72133,COLUMBIAN CANDLE RECTANGLE,Furniture & Home Decor
72225C,LAVENDER SCENT CAKE CANDLE,Kitchenware & Tableware
72232,FENG SHUI PILLAR CANDLE,Furniture & Home Decor
72349B,SET/6 PURPLE BUTTERFLY T-LIGHTS,Furniture & Home Decor
72351A,SET/6 TURQUOISE BUTTERFLY T-LIGHTS,Furniture & Home Decor
72351B,SET/6 PINK  BUTTERFLY T-LIGHTS,Furniture & Home Decor
72586,SET OF 6 HALLOWEEN GHOST T-LIGHTS,Furniture & Home Decor
72598,SET/12 TAPER CANDLES,Furniture & Home Decor
72741,GRAND CHOCOLATECANDLE,Food & Beverages
72760B,VINTAGE CREAM 3 BASKET CAKE STAND,Kitchenware & Tableware
72780,BLACK SILOUETTE CANDLE PLATE,Kitchenware & Tableware
72799C,PINK PILLAR CANDLE SILVER FLOCK,Furniture & Home Decor
72799E,IVORY PILLAR CANDLE SILVER FLOCK,Furniture & Home Decor
72799F,IVORY PILLAR CANDLE GOLD FLOCK,Furniture & Home Decor
72800B, 4 PURPLE FLOCK DINNER CANDLES,Furniture & Home Decor
72800C,4 PINK DINNER CANDLE SILVER FLOCK,Furniture & Home Decor
72800D,4 BLUE DINNER CANDLES SILVER FLOCK,Furniture & Home Decor
72800E,4 IVORY DINNER CANDLES SILVER FLOCK,Furniture & Home Decor
72801C,4 ROSE PINK DINNER CANDLES,Furniture & Home Decor
72801D,4 SKY BLUE DINNER CANDLES,Furniture & Home Decor
72801G,4 BURGUNDY WINE DINNER CANDLES,Furniture & Home Decor
72802A,ROSE SCENT CANDLE IN JEWELLED BOX,Furniture & Home Decor
72802B,OCEAN SCENT CANDLE IN JEWELLED BOX,Furniture & Home Decor
72802C,VANILLA SCENT CANDLE JEWELLED BOX,Furniture & Home Decor
72803A,ROSE SCENT CANDLE JEWELLED DRAWER,Furniture & Home Decor
72807A,SET/3 ROSE CANDLE IN JEWELLED BOX,Furniture & Home Decor
72807B,SET/3 OCEAN SCENT CANDLE JEWEL BOX,Furniture & Home Decor
72807C,SET/3 VANILLA SCENTED CANDLE IN BOX,Furniture & Home Decor
72816,SET/3 CHRISTMAS DECOUPAGE CANDLES,Furniture & Home Decor
72817,SET OF 2 CHRISTMAS DECOUPAGE CANDLE,Furniture & Home Decor
72818,CHRISTMAS DECOUPAGE CANDLE,Furniture & Home Decor
72819,CUPID DESIGN SCENTED CANDLES,Kitchenware & Tableware
75011,BLUE DAISY MOBILE,Other
75049L,LARGE CIRCULAR MIRROR MOBILE,Furniture & Home Decor
75131,METAL TUBE CHIME ON BAMBOO,Other
77101A,UNION FLAG WINDSOCK,Other
78124,MAGAZINE RACK GEBRA ASSORTED ,Other
79000,MOROCCAN TEA GLASS,Kitchenware & Tableware
79030D,TUMBLER BAROQUE,Other
79030G,TUMBLER NEW ENGLAND,Other
79051A,SMOKEY GREY COLOUR D.O.F. GLASS,Kitchenware & Tableware
79063C,"RETRO PILL BOX KEY CHAIN,THE KING","Gifts, Toys & Party"
79063D,"RETRO PILL BOX , REVOLUTIONARY","Gifts, Toys & Party"
79066K,RETRO MOD TRAY,Kitchenware & Tableware
79067,CORONA MEXICAN TRAY,Kitchenware & Tableware
79071B,ENGLISH ROSE METAL WASTE BIN,Other
79144B,PAINTED LIGHTBULB STAR+ MOON,Furniture & Home Decor
79160,HEART SHAPE WIRELESS DOORBELL,Furniture & Home Decor
79163,BLACK CHAMPAGNE GLASS,Kitchenware & Tableware
79164,BLACK WINE GLASS,Kitchenware & Tableware
79190A,RETRO PLASTIC 70'S TRAY,Kitchenware & Tableware
79190B,RETRO PLASTIC POLKA TRAY,Kitchenware & Tableware
79190D,RETRO PLASTIC DAISY TRAY,Kitchenware & Tableware
79191B,RETRO PLASTIC POLKA TRAY,Kitchenware & Tableware
79191C,RETRO PLASTIC ELEPHANT TRAY,Kitchenware & Tableware
79302M,"ART LIGHTS,FUNK MONKEY",Furniture & Home Decor
79321,CHILLI LIGHTS,Furniture & Home Decor
79337,BLUE FLOCK GLASS CANDLEHOLDER,Kitchenware & Tableware
79403,FROSTED WHITE BASE ,Other
81950B,FLOWER BLUE CLOCK WITH SUCKER,Furniture & Home Decor
81952V,ROUND PURPLE CLOCK WITH SUCKER,Furniture & Home Decor
82001S,VINYL RECORD FRAME SILVER,Furniture & Home Decor
82011A,"BATHROOM SCALES, TROPICAL BEACH",Other
82011B,BATHROOM SCALES RUBBER DUCKS,Other
82011C,BATHROOM SCALES FOOTPRINTS IN SAND,Other
82482,WOODEN PICTURE FRAME WHITE FINISH,Furniture & Home Decor
82483,WOOD 2 DRAWER CABINET WHITE FINISH,Furniture & Home Decor
82484,WOOD BLACK BOARD ANT WHITE FINISH,Other
82486,WOOD S/3 CABINET ANT WHITE FINISH,Furniture & Home Decor
82494L,WOODEN FRAME ANTIQUE WHITE ,Furniture & Home Decor
82551,LAUNDRY 15C METAL SIGN,Furniture & Home Decor
82552,WASHROOM METAL SIGN,Furniture & Home Decor
82567,"AIRLINE LOUNGE,METAL SIGN",Furniture & Home Decor
82578,KITCHEN METAL SIGN,Kitchenware & Tableware
82580,BATHROOM METAL SIGN,Furniture & Home Decor
82581,TOILET METAL SIGN,Furniture & Home Decor
82582,AREA PATROLLED METAL SIGN,Furniture & Home Decor
82583,HOT BATHS METAL SIGN,Furniture & Home Decor
82599,FANNY'S REST STOPMETAL SIGN,Furniture & Home Decor
82600,NO SINGING METAL SIGN,Furniture & Home Decor
82613A,"METAL SIGN,CUPCAKE SINGLE HOOK",Kitchenware & Tableware
82613B,"METAL SIGN,CUPCAKE SINGLE HOOK",Kitchenware & Tableware
82613C,"METAL SIGN,CUPCAKE SINGLE HOOK",Kitchenware & Tableware
82613D,METAL SIGN CUPCAKE SINGLE HOOK,Kitchenware & Tableware
82616B,FRAPPUCINO SCARF KNITTING KIT,Kitchenware & Tableware
82616C,MIDNIGHT GLAMOUR SCARF KNITTING KIT,Kitchenware & Tableware
84006,MAGIC TREE -PAPER FLOWERS,Furniture & Home Decor
84012,MAGIC SHEEP WOOL GROWING FROM PAPER,Other
84029E,RED WOOLLY HOTTIE WHITE HEART.,Furniture & Home Decor
84029G,KNITTED UNION FLAG HOT WATER BOTTLE,Kitchenware & Tableware
84030E,ENGLISH ROSE HOT WATER BOTTLE,Kitchenware & Tableware
84031A,CHARLIE+LOLA RED HOT WATER BOTTLE ,Kitchenware & Tableware
84031B,CHARLIE LOLA BLUE HOT WATER BOTTLE ,Kitchenware & Tableware
84032A,CHARLIE+LOLA PINK HOT WATER BOTTLE,Kitchenware & Tableware
84032B,CHARLIE + LOLA RED HOT WATER BOTTLE,Kitchenware & Tableware
84050,PINK HEART SHAPE EGG FRYING PAN,Kitchenware & Tableware
84051,ASS COLOUR GLOWING TIARAS,Other
84077,WORLD WAR 2 GLIDERS ASSTD DESIGNS,Furniture & Home Decor
84078A,SET/4 WHITE RETRO STORAGE CUBES ,Other
84086C,PINK/PURPLE RETRO RADIO,Other
84192,ASSORTED COLOUR METAL CAT ,Other
84199,GLOW IN DARK DOLPHINS,Other
84212,"ASSORTED FLOWER COLOUR ""LEIS""",Furniture & Home Decor
84218,BOX/12 CHICK & EGG IN BASKET,"Gifts, Toys & Party"
84228,HEN HOUSE W CHICK STANDING,Furniture & Home Decor
84231,EASTER BUNNY WITH BASKET ON BACK,Other
84247E,PACK OF 12 CHRISTMAS FUN CARDS,"Gifts, Toys & Party"
84247G,"DECOUPAGE,GREETING CARD,",Kitchenware & Tableware
84247K,"FOLK ART GREETING CARD,pack/12",Kitchenware & Tableware
84247N,PACK/12 BLUE FOLKART CARDS,"Gifts, Toys & Party"
84249A,"GREETING CARD,SQUARE, DOUGHNUTS",Kitchenware & Tableware
84251B,"GREETING CARD, STICKY GORDON",Kitchenware & Tableware
84251G,"GREETING CARD, OVERCROWDED POOL.",Kitchenware & Tableware
84279B,CHERRY BLOSSOM DECORATIVE FLASK,Other
84279P,CHERRY BLOSSOM  DECORATIVE FLASK,Other
84313B,BLUE TV TRAY TABLE ,Kitchenware & Tableware
84313C,ORANGE TV TRAY TABLE ,Kitchenware & Tableware
84341B,SMALL PINK MAGIC CHRISTMAS TREE,"Gifts, Toys & Party"
84347,ROTATING SILVER ANGELS T-LIGHT HLDR,Kitchenware & Tableware
84352,SILVER CHRISTMAS TREE BAUBLE STAND ,Furniture & Home Decor
84356,POMPOM CURTAIN,Other
84358,FLOOR LAMP SHADE WOOD BASE,Other
84360,TABLE LAMP WHITE SHADE WOOD BASE,Furniture & Home Decor
84375,SET OF 20 KIDS COOKIE CUTTERS,Other
84378,SET OF 3 HEART COOKIE CUTTERS,Furniture & Home Decor
84380,SET OF 3 BUTTERFLY COOKIE CUTTERS,Other
84406B,CREAM CUPID HEARTS COAT HANGER,Kitchenware & Tableware
84429A,MEDIUM PINK BUDDHA HEAD ,Other
84452,METAL RABBIT LADDER EASTER ,Other
84457,SET/3 RABBITS FLOWER SKIPPPING ROPE,Furniture & Home Decor
84459A,PINK METAL CHICKEN HEART ,Furniture & Home Decor
84459B,YELLOW METAL CHICKEN HEART ,Furniture & Home Decor
84461,12 PINK HEN+CHICKS IN BASKET,Other
84466,TOP SECRET PEN SET,"Gifts, Toys & Party"
84507B,STRIPES DESIGN MONKEY DOLL,Furniture & Home Decor
84507C,BLUE CIRCLES DESIGN MONKEY DOLL,Furniture & Home Decor
84508A,CAMOUFLAGE DESIGN TEDDY,Furniture & Home Decor
84508B,STRIPES DESIGN TEDDY,Furniture & Home Decor
84508C,BLUE CIRCLES DESIGN TEDDY,Furniture & Home Decor
84509A,SET OF 4 ENGLISH ROSE PLACEMATS,Other
84509B,SET OF 4 FAIRY CAKE PLACEMATS,Kitchenware & Tableware
84509C,SET OF 4 POLKADOT PLACEMATS ,Other
84509G,SET OF 4 FAIRY CAKE PLACEMATS ,Kitchenware & Tableware
84510A,SET OF 4 ENGLISH ROSE COASTERS,Other
84510C,SET OF 4 POLKADOT COASTERS,Other
84519A,TOMATO CHARLIE+LOLA COASTER SET,Other
84519B,CARROT CHARLIE+LOLA COASTER SET,Other
84520B,PACK 20 ENGLISH ROSE PAPER NAPKINS,Other
84531A,PINK KNITTED EGG COSY,Other
84531B,BLUE KNITTED EGG COSY,Other
84535A,ENGLISH ROSE NOTEBOOK A6 SIZE,Other
84535B,FAIRY CAKES NOTEBOOK A6 SIZE,Kitchenware & Tableware
84536A,ENGLISH ROSE NOTEBOOK A7 SIZE,Other
84536B,FAIRY CAKES NOTEBOOK A7 SIZE,Kitchenware & Tableware
84558A,3D DOG PICTURE PLAYING CARDS,"Gifts, Toys & Party"
84559A,3D SHEET OF DOG STICKERS,"Gifts, Toys & Party"
84559B,3D SHEET OF CAT STICKERS,"Gifts, Toys & Party"
84563A,PINK & WHITE BREAKFAST TRAY,Kitchenware & Tableware
84563B,BLUE & WHITE BREAKFAST TRAY,Kitchenware & Tableware
84568,GIRLS ALPHABET IRON ON PATCHES ,Other
84569A,PACK 3 IRON ON DOG PATCHES,Other
84569B,PACK 3 FIRE ENGINE/CAR PATCHES,Other
84569D,PACK 6 HEART/ICE-CREAM PATCHES,Furniture & Home Decor
84580,MOUSE TOY WITH PINK T-SHIRT,"Gifts, Toys & Party"
84581,DOG TOY WITH PINK CROCHET SKIRT,"Gifts, Toys & Party"
84584,PINK GINGHAM CAT WITH SCARF,Other
84592,CROCHET ROSE PURSE WITH SUEDE BACK,Other
84596B,SMALL DOLLY MIX DESIGN ORANGE BOWL,Kitchenware & Tableware
84596E,SMALL LICORICE DES PINK BOWL,Kitchenware & Tableware
84596F,SMALL MARSHMALLOWS PINK BOWL,Kitchenware & Tableware
84596G,SMALL CHOCOLATES PINK BOWL,Food & Beverages
84596J,MIXED NUTS LIGHT GREEN BOWL,Kitchenware & Tableware
84596L,BISCUITS SMALL BOWL LIGHT BLUE,Food & Beverages
84597C,RETRO PINK BALL ASHTRAY ,Kitchenware & Tableware
84600,NEW BAROQUE JEWELLERY BOX ,"Gifts, Toys & Party"
84609,TALL ROCOCO CANDLE HOLDER,Furniture & Home Decor
84625A,PINK NEW BAROQUECANDLESTICK CANDLE,Furniture & Home Decor
84625C,BLUE NEW BAROQUE CANDLESTICK CANDLE,Furniture & Home Decor
84629,WHITE 3 FRAME BIRDS AND TREE ,Furniture & Home Decor
84631,FRUIT TREE AND BIRDS WALL PLAQUE,Furniture & Home Decor
84637,KITCHEN FLOWER POTS WALL PLAQUE,Kitchenware & Tableware
84638,SMALL KITCHEN FLOWER POTS PLAQUE,Kitchenware & Tableware
84658,WHITE STITCHED CUSHION COVER,Furniture & Home Decor
84659A,WHITE TRAVEL ALARM CLOCK,Furniture & Home Decor
84660A,WHITE STITCHED WALL CLOCK,Furniture & Home Decor
84660B,BLACK STITCHED WALL CLOCK,Furniture & Home Decor
84660C,PINK STITCHED WALL CLOCK,Furniture & Home Decor
84661A,WHITE SQUARE TABLE CLOCK,Furniture & Home Decor
84661B,BLACK SQUARE TABLE CLOCK,Furniture & Home Decor
84663A,GRASS HOPPER WOODEN WALL CLOCK ,Furniture & Home Decor
84665,SQUARE CHERRY BLOSSOM CABINET,Furniture & Home Decor
84673A,PINK FLY SWAT,Other
84673B,BLUE FLY SWAT,Other
84674,FLYING PIG WATERING CAN,Other
84678,CLASSICAL ROSE SMALL VASE,Furniture & Home Decor
84687,BEACH HUT SHELF W 3 DRAWERS,Furniture & Home Decor
84692,BOX OF 24 COCKTAIL PARASOLS,"Gifts, Toys & Party"
84706F,RED PEONY TABLE CLOCK,Furniture & Home Decor
84707A,SILVER JEWELLED MIRROR TRINKET TRAY,Kitchenware & Tableware
84707B,PINK JEWELLED MIRROR TRINKET TRAY,Kitchenware & Tableware
84708B,PINK JEWELLED PHOTO FRAME ,Furniture & Home Decor
84709B,PINK OVAL JEWELLED MIRROR,Furniture & Home Decor
84712B,PINK JEWELLED PHOTO FRAME,Furniture & Home Decor
84725,FREESTYLE CANVAS ART PICTURE,Other
84741C,CITRUS GARLAND FELT FLOWERS ,Furniture & Home Decor
84744,S/6 SEW ON CROCHET FLOWERS,Furniture & Home Decor
84748,FOLK FELT HANGING MULTICOL GARLAND,Other
84750B,BLACK SMALL GLASS CAKE STAND,Kitchenware & Tableware
84754,S/15 SILVER GLASS BAUBLES IN BAG,Kitchenware & Tableware
84755,COLOUR GLASS T-LIGHT HOLDER HANGING,Kitchenware & Tableware
84763,ZINC FINISH 15CM PLANTER POTS,Furniture & Home Decor
84766,SILVER ROCOCO CANDLE STICK,Furniture & Home Decor
84789,ENCHANTED BIRD PLANT CAGE,Furniture & Home Decor
84792,ENCHANTED BIRD COATHANGER 5 HOOK,Furniture & Home Decor
84795B,SUNSET CHECK HAMMOCK,Other
84796A,PINK HAWAIIAN PICNIC HAMPER FOR 2,Other
84796B,BLUE SAVANNAH PICNIC HAMPER FOR 2,Other
84800L,LARGE WHITE/PINK ROSE ART FLOWER,Furniture & Home Decor
84800M,MEDIUM WHITE/PINK ROSE ART FLOWER,Furniture & Home Decor
84800S,SMALL WHITE/PINK ROSE ART FLOWER,Furniture & Home Decor
84806A,PINK CANDYSTUFT ARTIFICIAL FLOWER,Food & Beverages
84806B,WHITE CANDYSTUFT ARTIFICIAL FLOWER,Food & Beverages
84813,SET OF 4 DIAMOND NAPKIN RINGS,Other
84816,DANISH ROSE BEDSIDE CABINET,Furniture & Home Decor
84817,DANISH ROSE DECORATIVE PLATE,Kitchenware & Tableware
84818,DANISH ROSE PHOTO FRAME,Furniture & Home Decor
84819,DANISH ROSE ROUND SEWING BOX,"Gifts, Toys & Party"
84820,DANISH ROSE TRINKET TRAYS,Kitchenware & Tableware
84821,DANISH ROSE DELUXE COASTER,Other
84823,DANISH ROSE FOLDING CHAIR,Furniture & Home Decor
84826,ASSTD DESIGN 3D PAPER STICKERS,Furniture & Home Decor
84827,ASS DES PHONE SPONGE CRAFT STICKER,"Gifts, Toys & Party"
84828,JUNGLE POPSICLES ICE LOLLY MOULDS,Other
84832,ZINC WILLIE WINKIE  CANDLE STICK,Furniture & Home Decor
84836,ZINC METAL HEART DECORATION,Furniture & Home Decor
84843,WHITE SOAP RACK WITH 2 BOTTLES,Kitchenware & Tableware
84846A,SCENTED CANDLE IN DIGITALIS TIN,Kitchenware & Tableware
84847,FLORAL BATHROOM SET,Other
84849A,HELLO SAILOR BLUE SOAP HOLDER,Furniture & Home Decor
84849B,FAIRY SOAP SOAP HOLDER,Furniture & Home Decor
84849D,HOT BATHS SOAP HOLDER,Furniture & Home Decor
84859A,SILVER DISCO HANDBAG,"Gifts, Toys & Party"
84859B,BLUE DISCO HANDBAG,"Gifts, Toys & Party"
84859C,PINK DISCO HANDBAG,"Gifts, Toys & Party"
84865,NEW BAROQUE BLACK PHOTO ALBUM,Other
84870B,BLUE GEISHA GIRL ,Other
84870C,GREEN GEISHA GIRL ,Other
84875B,GREEN SQUARE COMPACT MIRROR,Furniture & Home Decor
84876B,GREEN HEART COMPACT MIRROR,Furniture & Home Decor
84876D,BLUE HEART COMPACT MIRROR,Furniture & Home Decor
84877D,BLUE ROUND COMPACT MIRROR,Furniture & Home Decor
84879,ASSORTED COLOUR BIRD ORNAMENT,Other
84880,WHITE WIRE EGG HOLDER,Furniture & Home Decor
84882,GREEN WIRE STANDING CANDLE HOLDER,Furniture & Home Decor
84884A,ANT WHITE WIRE HEART SPIRAL,Furniture & Home Decor
84898F,YELLOW FLOWERS FELT HANDBAG KIT,Furniture & Home Decor
84906,PINK B'FLY C/COVER W BOBBLES,Other
84912A,PINK ROSE WASHBAG,"Gifts, Toys & Party"
84912B,GREEN ROSE WASHBAG,"Gifts, Toys & Party"
84913A,SOFT PINK ROSE TOWEL ,Other
84913B,MINT GREEN ROSE TOWEL,Other
84915,HAND TOWEL PINK FLOWER AND DAISY,Furniture & Home Decor
84916,HAND TOWEL PALE BLUE W FLOWERS,Furniture & Home Decor
84917,WHITE HAND TOWEL WITH BUTTERFLY,Other
84920,PINK FLOWER FABRIC PONY,Furniture & Home Decor
84924A,WAKE UP COCKEREL CALENDAR SIGN ,Furniture & Home Decor
84925D,LA PALMIERA WALL THERMOMETER,Furniture & Home Decor
84925F,PSYCHEDELIC WALL THERMOMETER,Furniture & Home Decor
84926A,WAKE UP COCKEREL TILE COASTER,Other
84926D,LA PALMIERA TILE COASTER,Other
84926E,FLOWERS TILE COASTER,Furniture & Home Decor
84926F,PSYCHEDELIC TILE COASTER,Other
84927A,WAKE UP COCKEREL TILE HOOK,Furniture & Home Decor
84927D,LA PALMIERA TILE HOOK,Furniture & Home Decor
84927E,FLOWERS TILE HOOK,Furniture & Home Decor
84927F,PSYCHEDELIC TILE HOOK,Furniture & Home Decor
84929,ASSTD FRUIT+FLOWERS FRIDGE MAGNETS,Furniture & Home Decor
84931A,PINK SCOTTIE DOG W FLOWER PATTERN,Furniture & Home Decor
84931B,BLUE SCOTTIE DOG W FLOWER PATTERN,Furniture & Home Decor
84944,SET OF 6 KASHMIR FOLKART BAUBLES,Other
84945,MULTI COLOUR SILVER T-LIGHT HOLDER,Furniture & Home Decor
84946,ANTIQUE SILVER T-LIGHT GLASS,Kitchenware & Tableware
84947,ANTIQUE SILVER TEA GLASS ENGRAVED,Kitchenware & Tableware
84949,SILVER HANGING T-LIGHT HOLDER,Furniture & Home Decor
84950,ASSORTED COLOUR T-LIGHT HOLDER,Furniture & Home Decor
84951A,SET OF 4 PISTACHIO LOVEBIRD COASTER,Other
84951B,SET OF 4 BLACK LOVEBIRD COASTERS,Other
84952B,BLACK LOVE BIRD T-LIGHT HOLDER,Furniture & Home Decor
84952C,MIRROR LOVE BIRD T-LIGHT HOLDER,Furniture & Home Decor
84968A,SET OF 16 VINTAGE ROSE CUTLERY,Kitchenware & Tableware
84968C,SET OF 16 VINTAGE PISTACHIO CUTLERY,Kitchenware & Tableware
84968D,SET OF 16 VINTAGE RED CUTLERY,Kitchenware & Tableware
84968E,SET OF 16 VINTAGE BLACK CUTLERY,Kitchenware & Tableware
84968F,SET OF 16 VINTAGE SKY BLUE CUTLERY,Kitchenware & Tableware
84969,BOX OF 6 ASSORTED COLOUR TEASPOONS,Kitchenware & Tableware
84970L,SINGLE HEART ZINC T-LIGHT HOLDER,Furniture & Home Decor
84970S,HANGING HEART ZINC T-LIGHT HOLDER,Furniture & Home Decor
84971S,SMALL HEART FLOWERS HOOK ,Furniture & Home Decor
84974,S/2 ZINC HEART DESIGN PLANTERS,Furniture & Home Decor
84976,RECTANGULAR SHAPED MIRROR,Furniture & Home Decor
84978,HANGING HEART JAR T-LIGHT HOLDER,Kitchenware & Tableware
84985A,SET OF 72 GREEN PAPER DOILIES,Other
84987,SET OF 36 TEATIME PAPER DOILIES,Kitchenware & Tableware
84988,SET OF 72 PINK HEART PAPER DOILIES,Furniture & Home Decor
84989A,75 GREEN FAIRY CAKE CASES,Kitchenware & Tableware
84991,60 TEATIME FAIRY CAKE CASES,Kitchenware & Tableware
84992,72 SWEETHEART FAIRY CAKE CASES,Food & Beverages
84993A,75 GREEN PETIT FOUR CASES,Other
84993B,75 BLACK PETIT FOUR CASES,Other
84997A,CHILDRENS CUTLERY POLKADOT GREEN ,Kitchenware & Tableware
84997B,CHILDRENS CUTLERY RETROSPOT RED ,Kitchenware & Tableware
84997C,CHILDRENS CUTLERY POLKADOT BLUE,Kitchenware & Tableware
84997D,CHILDRENS CUTLERY POLKADOT PINK,Kitchenware & Tableware
85014A,BLACK/BLUE POLKADOT UMBRELLA,Other
85014B,RED RETROSPOT UMBRELLA,Furniture & Home Decor
85015,SET OF 12  VINTAGE POSTCARD SET,"Gifts, Toys & Party"
85016,SET OF 6 VINTAGE NOTELETS KIT,Other
85017B,ENVELOPE 50 BLOSSOM IMAGES,Other
85017C,ENVELOPE 50 CURIOUS IMAGES,Other
85019A,ROMANTIC IMAGES NOTEBOOK SET,Other
85019B,BLOSSOM  IMAGES NOTEBOOK SET,Other
85019C,CURIOUS  IMAGES NOTEBOOK SET,Other
85020,ROUND PINK HEART MIRROR,Furniture & Home Decor
85023B,EAU DE NILE JEWELLED PHOTOFRAME,Furniture & Home Decor
85024B,EAU DE NILE JEWELLED PHOTOFRAME,Furniture & Home Decor
85025B,EAU DE NILE HEART SHAPE PHOTO FRAME,Furniture & Home Decor
85025C,PINK HEART SHAPE PHOTO FRAME,Furniture & Home Decor
85027L,FRENCH CHATEAU LARGE PLATTER ,Kitchenware & Tableware
85032A,ROMANTIC IMAGES GIFT WRAP SET,"Gifts, Toys & Party"
85032B,BLOSSOM IMAGES GIFT WRAP SET,"Gifts, Toys & Party"
85032C,CURIOUS IMAGES GIFT WRAP SET,"Gifts, Toys & Party"
85032D,YULETIDE IMAGES GIFT WRAP SET,"Gifts, Toys & Party"
85034A,3 GARDENIA MORRIS BOXED CANDLES,Furniture & Home Decor
85034B,3 WHITE CHOC MORRIS BOXED CANDLES,Furniture & Home Decor
85034C,3 ROSE MORRIS BOXED CANDLES,Furniture & Home Decor
85035A,GARDENIA 3 WICK MORRIS BOXED CANDLE,Furniture & Home Decor
85035B,CHOCOLATE 3 WICK MORRIS BOX CANDLE,Food & Beverages
85035C,ROSE 3 WICK MORRIS BOX CANDLE,Furniture & Home Decor
85036A,GARDENIA 1 WICK MORRIS BOXED CANDLE,Furniture & Home Decor
85036B,CHOCOLATE 1 WICK MORRIS BOX CANDLE,Food & Beverages
85036C,ROSE 1 WICK MORRIS BOXED CANDLE,Furniture & Home Decor
85038,6 CHOCOLATE LOVE HEART T-LIGHTS,Food & Beverages
85039A,SET/4 RED MINI ROSE CANDLE IN BOWL,Kitchenware & Tableware
85039B,S/4 IVORY MINI ROSE CANDLE IN BOWL,Kitchenware & Tableware
85039C,S/4 BLACK MINI ROSE CANDLE IN BOWL,Kitchenware & Tableware
85040A,S/4 PINK FLOWER CANDLES IN BOWL,Kitchenware & Tableware
85040B,SET/4 BLUE FLOWER CANDLES IN BOWL,Kitchenware & Tableware
85045,GREEN CHRISTMAS TREE STRING 20LIGHT,Furniture & Home Decor
85048,15CM CHRISTMAS GLASS BALL 20 LIGHTS,Kitchenware & Tableware
85049A,TRADITIONAL CHRISTMAS RIBBONS,"Gifts, Toys & Party"
85049B,LUSH GREENS RIBBONS,"Gifts, Toys & Party"
85049C,ROMANTIC PINKS RIBBONS ,"Gifts, Toys & Party"
85049D,BRIGHT BLUES RIBBONS ,"Gifts, Toys & Party"
85049E,SCANDINAVIAN REDS RIBBONS,"Gifts, Toys & Party"
85049F,BABY BOOM RIBBONS ,"Gifts, Toys & Party"
85049G,CHOCOLATE BOX RIBBONS ,Food & Beverages
85049H,URBAN BLACK RIBBONS ,"Gifts, Toys & Party"
85053,FRENCH ENAMEL CANDLEHOLDER,Furniture & Home Decor
85054,FRENCH ENAMEL POT W LID,Furniture & Home Decor
85055,FRENCH ENAMEL UTENSIL HOLDER,Furniture & Home Decor
85059,FRENCH ENAMEL WATER BASIN,Other
85061W,WHITE JEWELLED HEART DECORATION,Furniture & Home Decor
85062,PEARL CRYSTAL PUMPKIN T-LIGHT HLDR,Furniture & Home Decor
85064,CREAM SWEETHEART LETTER RACK,Food & Beverages
85066,CREAM SWEETHEART MINI CHEST,Food & Beverages
85071A,BLUE CHARLIE+LOLA PERSONAL DOORSIGN,Furniture & Home Decor
85071B,RED CHARLIE+LOLA PERSONAL DOORSIGN,Furniture & Home Decor
85071C,"CHARLIE+LOLA""EXTREMELY BUSY"" SIGN",Furniture & Home Decor
85071D,CHARLIE+LOLA MY ROOM DOOR SIGN,Furniture & Home Decor
85078,SCANDINAVIAN 3 HEARTS NAPKIN RING,Furniture & Home Decor
85088,CANDY SPOT HAND BAG,Food & Beverages
85093,CANDY SPOT EGG WARMER HARE,Food & Beverages
85094,CANDY SPOT EGG WARMER RABBIT,Food & Beverages
85095,THREE CANVAS LUGGAGE TAGS,Other
85096,HILDA CANDY SPOT RABBIT,Food & Beverages
85099B,JUMBO BAG RED RETROSPOT,Furniture & Home Decor
85099C,JUMBO  BAG BAROQUE BLACK WHITE,"Gifts, Toys & Party"
85099F,JUMBO BAG STRAWBERRY,"Gifts, Toys & Party"
85104,SILVER GLASS T-LIGHT SET,Kitchenware & Tableware
85106,CUT GLASS HEXAGON T-LIGHT HOLDER,Kitchenware & Tableware
85107,CUT GLASS T-LIGHT HOLDER OCTAGON,Kitchenware & Tableware
85111,SILVER GLITTER FLOWER VOTIVE HOLDER,Furniture & Home Decor
85114A,BLACK ENCHANTED FOREST PLACEMAT,Other
85114B,IVORY ENCHANTED FOREST PLACEMAT,Other
85114C,RED ENCHANTED FOREST PLACEMAT,Other
85116,BLACK CANDELABRA T-LIGHT HOLDER,Furniture & Home Decor
85123A,WHITE HANGING HEART T-LIGHT HOLDER,Furniture & Home Decor
85124B,BLUE JUICY FRUIT PHOTO FRAME,Furniture & Home Decor
85124C,GREEN JUICY FRUIT PHOTO FRAME,Furniture & Home Decor
85125,SMALL ROUND CUT GLASS CANDLESTICK,Kitchenware & Tableware
85127,SMALL SQUARE CUT GLASS CANDLESTICK,Kitchenware & Tableware
85129B,BEADED CRYSTAL HEART GREEN SMALL,Furniture & Home Decor
85129C,BEADED CRYSTAL HEART BLUE SMALL,Furniture & Home Decor
85129D,BEADED CRYSTAL HEART PINK SMALL,Furniture & Home Decor
85130A,BEADED PEARL HEART WHITE LARGE,Furniture & Home Decor
85130B,BEADED CRYSTAL HEART GREEN LARGE,Furniture & Home Decor
85130C,BEADED CRYSTAL HEART BLUE  LARGE,Furniture & Home Decor
85130D,BEADED CRYSTAL HEART PINK LARGE,Furniture & Home Decor
85131A,BEADED PEARL HEART WHITE ON STICK,Furniture & Home Decor
85131B,BEADED CRYSTAL HEART GREEN ON STICK,Furniture & Home Decor
85131C,BEADED CRYSTAL HEART BLUE ON STICK,Furniture & Home Decor
85131D,BEADED CRYSTAL HEART PINK ON STICK,Furniture & Home Decor
85132A,CHARLIE + LOLA BISCUITS TINS,Food & Beverages
85132B,CHARLIE AND LOLA TABLE TINS,Kitchenware & Tableware
85132C,CHARLIE AND LOLA FIGURES TINS,Kitchenware & Tableware
85135B,BLUE DRAGONFLY HELICOPTER,Other
85135C,RED DRAGONFLY HELICOPTER,Other
85136A,YELLOW SHARK HELICOPTER,Other
85136C,RED SHARK HELICOPTER,Other
85141,JARDIN ETCHED GLASS FRUITBOWL,Kitchenware & Tableware
85144,JARDIN ETCHED GLASS CHEESE DISH,Kitchenware & Tableware
85145,JARDIN ETCHED GLASS LARGE BELL JAR,Kitchenware & Tableware
85150,LADIES & GENTLEMEN METAL SIGN,Furniture & Home Decor
85152,HAND OVER THE CHOCOLATE   SIGN ,Food & Beverages
85159A,"BLACK TEA,COFFEE,SUGAR JARS",Kitchenware & Tableware
85159B,"WHITE TEA,COFFEE,SUGAR JARS",Kitchenware & Tableware
85160B,BLACK BIRD GARDEN DESIGN MUG,Kitchenware & Tableware
85163A,WHITE BAROQUE WALL CLOCK ,Furniture & Home Decor
85163B,BLACK BAROQUE WALL CLOCK ,Furniture & Home Decor
85169A,IVORY LOVE BIRD CANDLE,Furniture & Home Decor
85169B,BLACK LOVE BIRD CANDLE,Furniture & Home Decor
85169C,EAU DE NIL LOVE BIRD CANDLE,Furniture & Home Decor
85169D,PINK LOVE BIRD CANDLE,Furniture & Home Decor
85170B,SET/6 BLACK BIRD T-LIGHT CANDLES,Furniture & Home Decor
85170C,SET/6 EAU DE NIL BIRD T-LIGHTS,Furniture & Home Decor
85170D,SET/6 PINK BIRD T-LIGHT CANDLES,Furniture & Home Decor
85172,HYACINTH BULB T-LIGHT CANDLES,Furniture & Home Decor
85173,SET/6 FROG PRINCE T-LIGHT CANDLES,Furniture & Home Decor
85174,S/4 CACTI CANDLES,Furniture & Home Decor
85175,CACTI T-LIGHT CANDLES,Furniture & Home Decor
85176,SEWING SUSAN 21 NEEDLE SET,Other
85177,BASKET OF FLOWERS SEWING KIT,Furniture & Home Decor
85178,VICTORIAN SEWING KIT,Other
85179A,GREEN BITTY LIGHT CHAIN,Furniture & Home Decor
85180A,RED HEARTS LIGHT CHAIN ,Furniture & Home Decor
85180B,PINK HEARTS LIGHT CHAIN ,Furniture & Home Decor
85183A,CHARLIE & LOLA WASTEPAPER BIN BLUE,Other
85183B,CHARLIE & LOLA WASTEPAPER BIN FLORA,Other
85184C,S/4 VALENTINE DECOUPAGE HEART BOX,Kitchenware & Tableware
85185B,PINK HORSE SOCK PUPPET,Other
85186A,EASTER BUNNY GARLAND OF FLOWERS,Furniture & Home Decor
85186C,BUNNY EGG GARLAND,Other
85187,S/12 MINI RABBIT EASTER,Other
85188A,GREEN METAL SWINGING BUNNY,Other
85194L,HANGING SPRING FLOWER EGG LARGE,Furniture & Home Decor
85194S,HANGING SPRING FLOWER EGG SMALL,Furniture & Home Decor
85197,SET OF 12 MINI BUNNIES IN A BUCKET,Other
85199L,LARGE HANGING IVORY & RED WOOD BIRD,Other
85199S,SMALL HANGING IVORY/RED WOOD BIRD,Other
85200,BUNNY EGG BOX,"Gifts, Toys & Party"
85202,HANGING WOOD AND FELT HEART,Furniture & Home Decor
85203,HANGING WOOD AND FELT BUTTERFLY ,Other
85204,HANGING WOOD AND FELT FLOWER,Furniture & Home Decor
85205B,PINK FELT EASTER RABBIT GARLAND,Other
85206A,CREAM FELT EASTER EGG BASKET,Other
85208,SET/12 FUNKY FELT FLOWER PEG IN BAG,Furniture & Home Decor
85211,S/4 GROOVY CAT MAGNETS,Other
85212,MINI PAINTED GARDEN DECORATION ,Other
85213,MINI  ZINC GARDEN DECORATIONS ,Other
85214,TUB 24 PINK FLOWER PEGS,Furniture & Home Decor
85227,SET OF 6 3D KIT CARDS FOR KIDS,"Gifts, Toys & Party"
85230A,OPIUM SCENTED VOTIVE CANDLE,Furniture & Home Decor
85230B,CINNAMON SCENTED VOTIVE CANDLE,Furniture & Home Decor
85230E,STRAWBRY SCENTED VOTIVE CANDLE,Furniture & Home Decor
85230F,JASMINE VOTIVE CANDLE,Furniture & Home Decor
85230G,ORANGE VOTIVE CANDLE,Furniture & Home Decor
85231B,CINAMMON SET OF 9 T-LIGHTS,Furniture & Home Decor
85231G,ORANGE SCENTED SET/9 T-LIGHTS,Furniture & Home Decor
85232A,SET/3 POLKADOT STACKING TINS,Kitchenware & Tableware
85232B,SET OF 3 BABUSHKA STACKING TINS,Kitchenware & Tableware
85232D,SET/3 DECOUPAGE STACKING TINS,Kitchenware & Tableware
90014A,SILVER/MOP ORBIT NECKLACE,Other
90030B,RED KUKUI COCONUT SEED NECKLACE,Other
90057,DIAMANTE RING ASSORTED IN BOX.,"Gifts, Toys & Party"
90058B,CRYSTAL STUD EARRINGS ASSORTED COL ,Other
90082A,DIAMANTE BOW BROOCH GREEN COLOUR,Other
90082B,DIAMANTE BOW BROOCH RED COLOUR,Other
90086,CRYSTAL FROG PHONE CHARM,Other
90094,NECKLACE+BRACELET SET FRUIT SALAD ,Other
90099,NECKLACE+BRACELET SET BLUE HIBISCUS,Other
90114,SUMMER DAISIES BAG CHARM,"Gifts, Toys & Party"
90119,METALIC LEAVES BAG CHARMS,"Gifts, Toys & Party"
90145,SILVER HOOP EARRINGS WITH FLOWER,Furniture & Home Decor
90147,CHUNKY SILVER NECKLACE PASTEL FLOWE,Other
90160A,PURPLE BOUDICCA LARGE BRACELET,Other
90160C,TURQ+RED BOUDICCA LARGE BRACELET,Other
90161B,ANT COPPER TURQ BOUDICCA BRACELET,Other
90161C,ANT COPPER LIME BOUDICCA BRACELET,Other
90162B,ANT SILVER LIME GREEN BOUDICCA RING,Other
90184B,AMETHYST CHUNKY BEAD BRACELET W STR,Other
90198A,VINTAGE ROSE BEAD BRACELET RASPBERR,Other
90198B,VINTAGE ROSE BEAD BRACELET BLACK,Other
90199C,5 STRAND GLASS NECKLACE CRYSTAL,Kitchenware & Tableware
90200A,PURPLE SWEETHEART BRACELET,Food & Beverages
90200B,BLACK SWEETHEART BRACELET,Food & Beverages
90200D,PINK SWEETHEART BRACELET,Food & Beverages
90200E,GREEN SWEETHEART BRACELET,Food & Beverages
90201A,PURPLE ENAMEL FLOWER RING,Furniture & Home Decor
90201B,BLACK ENAMEL FLOWER RING,Furniture & Home Decor
90201C,RED ENAMEL FLOWER RING,Furniture & Home Decor
90209B,GREEN ENAMEL+GLASS HAIR COMB,Kitchenware & Tableware
90209C,PINK ENAMEL+GLASS HAIR COMB,Kitchenware & Tableware
90214A,"LETTER ""A"" BLING KEY RING",Other
90214K,"LETTER ""K"" BLING KEY RING",Other
BANK CHARGES,Bank Charges,Other
C2,CARRIAGE,Other
DOT,DOTCOM POSTAGE,Other
M,Manual,Other
POST,POSTAGE,Other
