Unnamed: 0.1,Unnamed: 0,用户名,点赞数,评论内容,评论时间,网址,视频标题,类别
3983,3987,Avenger贞德alter,0,这颗星.....能拿来种地,2021/6/27,https://www.bilibili.com/video/BV1uy4y1M7dB,骄傲！天问一号系列实拍影像发布,0
9924,9928,bili_90152681423,1,我国首次火星探测任务着陆火星圆满成功,2021/5/15,https://www.bilibili.com/video/BV1bU4y1t7Nm?from=search&seid=6566064178961068704,如约而至！我国首次火星探测任务着陆火星圆满成功,1
780,783,会长是阿宅,0,天问，颇具有浪漫主义与探索精神[鼓掌][鼓掌],2020/4/24,https://www.bilibili.com/video/BV19e411s7yT,火星，我们来了！中国首次火星探测任务命名“天问一号”,1
8548,8552,天才般的小当家,1,多少人的努力啊,2020/7/24,https://www.bilibili.com/video/BV1va4y1a7hp?from=search&seid=15075552549875695762,海南民众海边观看天问一号发射升空：连连惊叹 高喊“胖五加油”,1
5607,5611,了不起的盖世乐,0,一不留神就落了[doge]疯狂补课,2021/5/15,https://www.bilibili.com/video/BV1ev41157uU,火星上首次留下中国印迹！动画模拟天问一号着陆过程,0
5978,5982,barrey-001,1,看能不能见到好奇号,2021/5/16,https://www.bilibili.com/video/BV1R64y127qf,【火星中国时刻】天问一号：成功着陆，感觉良好！,0
3747,3751,小汪琰,0,中国nb,2020/7/23,https://www.bilibili.com/video/BV1Fk4y1m77L?p=1,目标火星！天问一号探测器在中国文昌航天发射场发射升空,1
2196,2200,jing666best,0,整个深空测控都是我们国家自己完成的吗,2020/7/26,https://www.bilibili.com/video/BV1df4y1R7GB,“天问一号”发射后200多天才能到达，三维带你提前登陆火星,1
10259,10263,摸猫尾巴做梦,0,[doge]能种地吗,2021/2/3,https://www.bilibili.com/video/BV1q5411J73D?from=search&seid=6566064178961068704,我们决定去火星的日子，比你想象得更早,1
4285,4289,蜻蜓隊長い,6,火星，我们来啦,2020/7/23,https://www.bilibili.com/video/BV1Sp4y1i7PR,全程回顾 | 天问一号！中国行星探测第一步,1
6979,6983,为而不争w,1,怎么办，不会火星文，好慌[狗子],2021/5/15,https://www.bilibili.com/video/BV1R64y127qf,【火星中国时刻】天问一号：成功着陆，感觉良好！,1
1827,1831,jjstranger,0,天何所沓？十二焉分？日月安属？列星安陈？,2020/4/24,https://www.bilibili.com/video/BV19e411s7yT,火星，我们来了！中国首次火星探测任务命名“天问一号”,1
10041,10045,文文的小迷妹yue,1,感动！想哭！,2021/4/12,https://www.bilibili.com/video/BV1q5411J73D?from=search&seid=6566064178961068704,我们决定去火星的日子，比你想象得更早,1
2376,2380,捉鸡警长,1,我已经想象到明年高考物理题了[妙啊],2020/7/23,https://www.bilibili.com/video/BV1df4y1R7GB,“天问一号”发射后200多天才能到达，三维带你提前登陆火星,0
3839,3843,芋泥啵啵粑粑,0,以后火星上会不会有很多这样的小车车，它们在上面生产各种东西，忙碌的工作，运东西给地球，运垃圾放火星上（哦，不！）,2021/6/28,https://www.bilibili.com/video/BV1uy4y1M7dB,骄傲！天问一号系列实拍影像发布,0
1246,1250,七辻屋ん,0,问天[热词系列_知识增加],2020/4/24,https://www.bilibili.com/video/BV19e411s7yT,火星，我们来了！中国首次火星探测任务命名“天问一号”,0
7504,7508,往里爬爬,1,懂了[嗑瓜子],2021/3/22,https://www.bilibili.com/video/BV1sK4y1J7tU,天问一号：高清火星影像震撼发布,1
6511,6515,智慧制高点,0,祝贺，牛逼,2021/5/15,https://www.bilibili.com/video/BV1R64y127qf,【火星中国时刻】天问一号：成功着陆，感觉良好！,1
5439,5443,阿巴阿巴阿巴阿巴啦啦,2,[热词系列_好耶],2021/2/12,https://www.bilibili.com/video/BV1rA411T7pN,震撼！“天问一号”探测器火星捕获过程影像发布,1
9596,9600,Ooo棉花糖ooO,1,这种星际通讯就要看量子通讯的发展了！,2021/5/15,https://www.bilibili.com/video/BV1bU4y1t7Nm?from=search&seid=6566064178961068704,如约而至！我国首次火星探测任务着陆火星圆满成功,0
5510,5514,陛下的袜子,0,太6了，一次性绕落巡,2021/5/15,https://www.bilibili.com/video/BV1ev41157uU,火星上首次留下中国印迹！动画模拟天问一号着陆过程,1
5330,5334,壳壳殿下,0,这就是火星吗，爱了爱了。[牛年],2021/2/12,https://www.bilibili.com/video/BV1rA411T7pN,震撼！“天问一号”探测器火星捕获过程影像发布,1
4531,4535,24K黄金滑稽,1545,我们的征途是星辰大海,2020/7/23,https://www.bilibili.com/video/BV1Sp4y1i7PR,全程回顾 | 天问一号！中国行星探测第一步,1
365,368,杨润铭,0,我就觉得这设计一般,2020/5/14,https://www.bilibili.com/video/BV19e411s7yT,火星，我们来了！中国首次火星探测任务命名“天问一号”,0
10363,10367,LM一莫言,73,各位们努力呀以后为国争光！早日让我们的宇航员在火星上插上国旗！[鼓掌],2021/2/2,https://www.bilibili.com/video/BV1q5411J73D?from=search&seid=6566064178961068704,我们决定去火星的日子，比你想象得更早,1
147,150,木棉子zi,0,这个画外音好像《流浪地球》中开头和最后的画外音啊,2020/7/23,https://www.bilibili.com/video/BV19e411s7yT,火星，我们来了！中国首次火星探测任务命名“天问一号”,0
1668,1672,Rabbit酒精灯,11,哇塞成功见证历史，到时候各科又有新题材考试了[微笑][doge],2020/4/24,https://www.bilibili.com/video/BV19e411s7yT,火星，我们来了！中国首次火星探测任务命名“天问一号”,1
9463,9467,醋拌柠檬TVT,2,年少有为,2021/5/15,https://www.bilibili.com/video/BV1QN411o7rR?from=search&seid=6566064178961068704,登陆火星为什么最难？看天问一号如何闯过着陆火星的“恐怖9分钟”,0
7650,7654,-萝卜没坑-,0,火星能不能种菜呢？[思考],2021/3/4,https://www.bilibili.com/video/BV1sK4y1J7tU,天问一号：高清火星影像震撼发布,1
7788,7792,大虎啸啸,0,让人热泪盈眶,2021/3/4,https://www.bilibili.com/video/BV1sK4y1J7tU,天问一号：高清火星影像震撼发布,1
3456,3460,悠哉日常大大大王,5,芜湖~飞飞飞飞飞飞飞飞~~~[墨镜],2020/7/23,https://www.bilibili.com/video/BV1Fk4y1m77L?p=1,目标火星！天问一号探测器在中国文昌航天发射场发射升空,1
3271,3275,雁羽灵,0,芜湖，起飞[大笑],2020/7/23,https://www.bilibili.com/video/BV1Fk4y1m77L?p=1,目标火星！天问一号探测器在中国文昌航天发射场发射升空,1
4940,4944,王乐观WLG,0,靓仔到了[脱单doge],2021/5/15,https://www.bilibili.com/video/BV1D64y1C7qU,火星你好！2分钟回顾天问一号“奔火”全过程,1
6230,6234,村春上樹,0,90后才能看懂的文字[辣眼睛],2021/5/15,https://www.bilibili.com/video/BV1R64y127qf,【火星中国时刻】天问一号：成功着陆，感觉良好！,0
9247,9251,郁江晓帆,0,成功的话就可以领先三哥一大步了，不过我们大学也可以大规模分析已有火星岩石数据对比。,2020/7/17,https://www.bilibili.com/video/BV1za4y1a7UT,“天问一号”即将发射，高清实拍+模拟动画带你提前登陆火星！,1
8469,8473,瘦瘦的大A,0,不知道你们近距离感受过双发战斗机的轰鸣声不，我能体会到海南人民当时的感受，这个航天火箭发动机的动静比战斗机大10倍百倍啊,2020/7/24,https://www.bilibili.com/video/BV1va4y1a7hp?from=search&seid=15075552549875695762,海南民众海边观看天问一号发射升空：连连惊叹 高喊“胖五加油”,0
3926,3930,她们都叫我佐伊,0,这不是过气网红吗？[doge][doge][doge],2021/6/27,https://www.bilibili.com/video/BV1uy4y1M7dB,骄傲！天问一号系列实拍影像发布,0
8873,8877,du要努力上交大,0,已经发射了！,2020/7/23,https://www.bilibili.com/video/BV1za4y1a7UT,“天问一号”即将发射，高清实拍+模拟动画带你提前登陆火星！,0
8080,8084,龙君崎,0,我们向所有未知的方向探索，只为我们的后辈走的更远。,2021/5/16,https://www.bilibili.com/video/BV1Qf4y1a7Lb,泪目！天问一号成功落火，航天人热泪盈眶紧紧相拥！,1
78,79,Roxanne-leigh,0,天问，召来！,2020/7/24,https://www.bilibili.com/video/BV19e411s7yT,火星，我们来了！中国首次火星探测任务命名“天问一号”,1
7088,7092,octtopus,1,震撼人心！,2021/5/15,https://www.bilibili.com/video/BV1R64y127qf,【火星中国时刻】天问一号：成功着陆，感觉良好！,1
2247,2251,bili_97533968966,0,直接一个火箭降落在火星上,2020/7/24,https://www.bilibili.com/video/BV1df4y1R7GB,“天问一号”发射后200多天才能到达，三维带你提前登陆火星,1
9673,9677,辣条管饱嗷,0,没有视频？,2021/5/15,https://www.bilibili.com/video/BV1bU4y1t7Nm?from=search&seid=6566064178961068704,如约而至！我国首次火星探测任务着陆火星圆满成功,0
10326,10330,故渊泽,1,如果奇迹有颜色，那么一定是中国红????,2021/2/2,https://www.bilibili.com/video/BV1q5411J73D?from=search&seid=6566064178961068704,我们决定去火星的日子，比你想象得更早,1
7451,7455,藤原川,1,这个歌，呜呜呜想他,2021/5/15,https://www.bilibili.com/video/BV1sK4y1J7tU,天问一号：高清火星影像震撼发布,1
2279,2283,银色山泉TvT,0,六个半月以后我回来看,2020/7/24,https://www.bilibili.com/video/BV1df4y1R7GB,“天问一号”发射后200多天才能到达，三维带你提前登陆火星,1
8123,8127,ywynsy,208,加工资高高的没意见，比给戏子日薪208万强，有作用，,2021/5/15,https://www.bilibili.com/video/BV1Qf4y1a7Lb,泪目！天问一号成功落火，航天人热泪盈眶紧紧相拥！,-1
3897,3901,初阳露珠,0,这玩意跑的挺快啊[doge],2021/6/27,https://www.bilibili.com/video/BV1uy4y1M7dB,骄傲！天问一号系列实拍影像发布,1
7177,7181,暗de凋零,0,祝贺,2021/5/15,https://www.bilibili.com/video/BV1R64y127qf,【火星中国时刻】天问一号：成功着陆，感觉良好！,1
9813,9817,奔雷手郭全有,0,牛逼,2021/5/15,https://www.bilibili.com/video/BV1bU4y1t7Nm?from=search&seid=6566064178961068704,如约而至！我国首次火星探测任务着陆火星圆满成功,1
3631,3635,乔洞洞,0,中国航天加油！！！????????????,2020/7/23,https://www.bilibili.com/video/BV1Fk4y1m77L?p=1,目标火星！天问一号探测器在中国文昌航天发射场发射升空,1
8954,8958,LemonDuck柠檬鸭,0,ksp:我没存在感[大哭],2020/7/21,https://www.bilibili.com/video/BV1za4y1a7UT,“天问一号”即将发射，高清实拍+模拟动画带你提前登陆火星！,0
6272,6276,今天二条,1,想去种菜盖??的报名，我这里只需一万每人,2021/5/15,https://www.bilibili.com/video/BV1R64y127qf,【火星中国时刻】天问一号：成功着陆，感觉良好！,0
392,395,卿抛露,0,[吃瓜]以后人类真的会住上其他星球吗，,2020/5/5,https://www.bilibili.com/video/BV19e411s7yT,火星，我们来了！中国首次火星探测任务命名“天问一号”,0
3191,3195,北风ヘ,0,算了算了，想想明年高考作文怎么写吧。[doge],2020/7/23,https://www.bilibili.com/video/BV1Fk4y1m77L?p=1,目标火星！天问一号探测器在中国文昌航天发射场发射升空,0
16,16,蜜雪冰城棺方肖战,6,天问天问，天天问，在飞了在飞了，催啥嘛。,2020/12/29,https://www.bilibili.com/video/BV19e411s7yT,火星，我们来了！中国首次火星探测任务命名“天问一号”,1
4200,4204,复兴第一,0,我们的目标是，整个宇宙都有我们种花家，播种机、喷农药机和饺子,2020/7/23,https://www.bilibili.com/video/BV1Sp4y1i7PR,全程回顾 | 天问一号！中国行星探测第一步,1
2672,2676,凉-星,54,哇，咕咕星牌面啊[星星眼],2020/7/23,https://www.bilibili.com/video/BV1df4y1R7GB,“天问一号”发射后200多天才能到达，三维带你提前登陆火星,1
6164,6168,書墨年華,0,恭喜我们中华文明回家,2021/5/15,https://www.bilibili.com/video/BV1R64y127qf,【火星中国时刻】天问一号：成功着陆，感觉良好！,1
3493,3497,Kirk_Echo,0,冲！！！,2020/7/23,https://www.bilibili.com/video/BV1Fk4y1m77L?p=1,目标火星！天问一号探测器在中国文昌航天发射场发射升空,1
7394,7398,哒哒么的么么哒,1,一起来种菜呀[滑稽][滑稽][滑稽],2021/5/15,https://www.bilibili.com/video/BV1R64y127qf,【火星中国时刻】天问一号：成功着陆，感觉良好！,0
4839,4843,Sublime19,1,[打call][打call][打call],2021/5/15,https://www.bilibili.com/video/BV1D64y1C7qU,火星你好！2分钟回顾天问一号“奔火”全过程,0
593,596,奶酪鼠,1,这名字好霸气,2020/4/25,https://www.bilibili.com/video/BV19e411s7yT,火星，我们来了！中国首次火星探测任务命名“天问一号”,1
9669,9673,是蓝色w,1,话说这个是什么时候发射的,2021/5/15,https://www.bilibili.com/video/BV1bU4y1t7Nm?from=search&seid=6566064178961068704,如约而至！我国首次火星探测任务着陆火星圆满成功,0
5827,5831,日落KK,25,昨晚就一直在等消息了。。果然啊。哈哈哈哈哈，中国加油,2021/5/15,https://www.bilibili.com/video/BV1ev41157uU,火星上首次留下中国印迹！动画模拟天问一号着陆过程,1
7961,7965,大周帝,66,月球种不了菜，我就不信火星还种不了[doge][doge][歪嘴],2021/5/15,https://www.bilibili.com/video/BV1No4y1m7vS,第一视角模拟天问一号登陆火星（中国航天科技集团五院、八院联合制作）,0
5887,5891,夜月禅星Ver_陆战型,0,月亮不能种菜，火星行吗？,2021/5/17,https://www.bilibili.com/video/BV1R64y127qf,【火星中国时刻】天问一号：成功着陆，感觉良好！,0
2355,2359,刘飞飞2333,0,美国早就登月了，中国落后了,2020/7/23,https://www.bilibili.com/video/BV1df4y1R7GB,“天问一号”发射后200多天才能到达，三维带你提前登陆火星,-1
6036,6040,二仙桥DA爷,0,牛逼啊[吃瓜],2021/5/15,https://www.bilibili.com/video/BV1R64y127qf,【火星中国时刻】天问一号：成功着陆，感觉良好！,1
4798,4802,春径雪,0,探测器伸出jiojio降落火星表面的那一瞬，觉得可爱又兴奋！[打call][打call],2021/5/15,https://www.bilibili.com/video/BV1D64y1C7qU,火星你好！2分钟回顾天问一号“奔火”全过程,1
8976,8980,_秉烛_,0,望一切顺利,2020/7/20,https://www.bilibili.com/video/BV1za4y1a7UT,“天问一号”即将发射，高清实拍+模拟动画带你提前登陆火星！,1
4592,4596,翻翻记,0,祝贺祝贺[呲牙][呲牙][呲牙],2021/5/15,https://www.bilibili.com/video/BV1D64y1C7qU,火星你好！2分钟回顾天问一号“奔火”全过程,1
163,166,肥宅了咸鱼,0,，，，,2020/7/23,https://www.bilibili.com/video/BV19e411s7yT,火星，我们来了！中国首次火星探测任务命名“天问一号”,0
9614,9618,rRAlex,0,去找找机遇号吧[吃瓜],2021/5/15,https://www.bilibili.com/video/BV1bU4y1t7Nm?from=search&seid=6566064178961068704,如约而至！我国首次火星探测任务着陆火星圆满成功,1
9793,9797,住进时光里的尘埃,0,发来贺电！[惊喜],2021/5/15,https://www.bilibili.com/video/BV1bU4y1t7Nm?from=search&seid=6566064178961068704,如约而至！我国首次火星探测任务着陆火星圆满成功,1
10148,10152,东方昭愿,0,嗯嗯,2021/2/4,https://www.bilibili.com/video/BV1q5411J73D?from=search&seid=6566064178961068704,我们决定去火星的日子，比你想象得更早,0
7380,7384,油炸咸汤圆,0,ohhhhhhhhhhhhhhhhhhhhhh!,2021/5/15,https://www.bilibili.com/video/BV1R64y127qf,【火星中国时刻】天问一号：成功着陆，感觉良好！,0
6356,6360,天才一株野山参,0,昨晚看新闻说四天之内随机着陆，一早醒来就看到成功消息，这效率…！！[打call][热词系列_吹爆],2021/5/15,https://www.bilibili.com/video/BV1R64y127qf,【火星中国时刻】天问一号：成功着陆，感觉良好！,1
5542,5546,超淦的云乐,0,[爱心],2021/5/15,https://www.bilibili.com/video/BV1ev41157uU,火星上首次留下中国印迹！动画模拟天问一号着陆过程,1
6007,6011,无糖可乐c,0,bbc刚发的报道，整的跟奔丧似的，笑死我了[喜极而泣],2021/5/15,https://www.bilibili.com/video/BV1R64y127qf,【火星中国时刻】天问一号：成功着陆，感觉良好！,1
7993,7997,温酒待得佳人归,0,加工资！！！！！！！,2021/5/18,https://www.bilibili.com/video/BV1Qf4y1a7Lb,泪目！天问一号成功落火，航天人热泪盈眶紧紧相拥！,0
7638,7642,魔法企鹅小圆,0,这BGM太棒了！远瞭火星，星火燎原！[tv_点赞],2021/3/4,https://www.bilibili.com/video/BV1sK4y1J7tU,天问一号：高清火星影像震撼发布,1
6793,6797,就是不吃柠檬,0,荧惑守心,2021/5/15,https://www.bilibili.com/video/BV1R64y127qf,【火星中国时刻】天问一号：成功着陆，感觉良好！,0
7758,7762,pcxgame,0,BGM好评！,2021/3/4,https://www.bilibili.com/video/BV1sK4y1J7tU,天问一号：高清火星影像震撼发布,0
4837,4841,Dragon丶龍龘,0,靓仔终于找到停车位了,2021/5/15,https://www.bilibili.com/video/BV1D64y1C7qU,火星你好！2分钟回顾天问一号“奔火”全过程,0
2293,2297,抵錦書,0,这和玩太空模拟器的感觉好像[喜极而泣]参与感爆棚,2020/7/24,https://www.bilibili.com/video/BV1df4y1R7GB,“天问一号”发射后200多天才能到达，三维带你提前登陆火星,0
6548,6552,胖胖火柴人-,1,中国人来我家了[doge],2021/5/15,https://www.bilibili.com/video/BV1R64y127qf,【火星中国时刻】天问一号：成功着陆，感觉良好！,0
7898,7902,哈米波酱,0,好耶！,2021/3/4,https://www.bilibili.com/video/BV1sK4y1J7tU,天问一号：高清火星影像震撼发布,1
4481,4485,yaowoooo,14,火箭上的摄影师没有及时回传画面么？摄影师没有??了,2020/7/23,https://www.bilibili.com/video/BV1Sp4y1i7PR,全程回顾 | 天问一号！中国行星探测第一步,0
3716,3720,橙依,0,中国航天加油！[加油],2020/7/23,https://www.bilibili.com/video/BV1Fk4y1m77L?p=1,目标火星！天问一号探测器在中国文昌航天发射场发射升空,1
6140,6144,Lil8aceMak1r,0,这位老兄家真遇到事了，各位大佬去看看吧，拉他一手谢谢了我求求大家帮帮我吧，一系列费用要十几万，我已经不知道怎么办了我妈妈是在上班路上开电动车车摔跤，公司和交警都说不算工伤，医保又没有，怎么办啊。,2021/5/15,https://www.bilibili.com/video/BV1R64y127qf,【火星中国时刻】天问一号：成功着陆，感觉良好！,0
1549,1553,阿-囧,1,好！????????,2020/4/24,https://www.bilibili.com/video/BV19e411s7yT,火星，我们来了！中国首次火星探测任务命名“天问一号”,1
2044,2048,根号不是艮号,0,[支持][支持][支持],2020/4/24,https://www.bilibili.com/video/BV19e411s7yT,火星，我们来了！中国首次火星探测任务命名“天问一号”,1
767,770,特殊的时代,0,同志们，成功了我们再回来吧！,2020/4/24,https://www.bilibili.com/video/BV19e411s7yT,火星，我们来了！中国首次火星探测任务命名“天问一号”,1
5693,5697,寒山ぺ,1,[热词系列_妙啊][热词系列_妙啊][热词系列_妙啊][热词系列_妙啊][热词系列_妙啊][热词系列_妙啊][热词系列_妙啊][热词系列_妙啊][热词系列_妙啊][热词系列_妙啊][热词系列_妙啊],2021/5/15,https://www.bilibili.com/video/BV1ev41157uU,火星上首次留下中国印迹！动画模拟天问一号着陆过程,1
7870,7874,林南竹,45,得想个法子把它绿了,2021/3/4,https://www.bilibili.com/video/BV1sK4y1J7tU,天问一号：高清火星影像震撼发布,0
7857,7861,风雨光神,0,我tm吹爆！！！,2021/3/4,https://www.bilibili.com/video/BV1sK4y1J7tU,天问一号：高清火星影像震撼发布,0
3302,3306,硬-币不够啦,2,抛开整流罩了,2020/7/23,https://www.bilibili.com/video/BV1Fk4y1m77L?p=1,目标火星！天问一号探测器在中国文昌航天发射场发射升空,1
4517,4521,84老干部,0,祖国万岁！！[打call][打call],2020/7/23,https://www.bilibili.com/video/BV1Sp4y1i7PR,全程回顾 | 天问一号！中国行星探测第一步,1
9424,9428,苏梓叶i,1,高考又有的考了，问：减速时间[doge],2021/5/15,https://www.bilibili.com/video/BV1QN411o7rR?from=search&seid=6566064178961068704,登陆火星为什么最难？看天问一号如何闯过着陆火星的“恐怖9分钟”,0
3292,3296,踢开天堂的门,0,不在现场，很厉[热词系列_害],2020/7/23,https://www.bilibili.com/video/BV1Fk4y1m77L?p=1,目标火星！天问一号探测器在中国文昌航天发射场发射升空,1
1403,1407,佳佳不是渣渣,0,总师确定了嘛,2020/4/24,https://www.bilibili.com/video/BV19e411s7yT,火星，我们来了！中国首次火星探测任务命名“天问一号”,0
1382,1386,こはつかよこ,0,天问？不是楚晚宁的神武吗[笑哭][笑哭],2020/4/24,https://www.bilibili.com/video/BV19e411s7yT,火星，我们来了！中国首次火星探测任务命名“天问一号”,0
6928,6932,你我不再遥远,1,所以，火星可以种地吗？,2021/5/15,https://www.bilibili.com/video/BV1R64y127qf,【火星中国时刻】天问一号：成功着陆，感觉良好！,0
5671,5675,新手村的狗剩,0,[妙啊]以后阔以带玉兔去串门,2021/5/15,https://www.bilibili.com/video/BV1ev41157uU,火星上首次留下中国印迹！动画模拟天问一号着陆过程,1
1638,1642,剑之奥义,0,秦始皇的佩剑，天下第一剑天问。,2020/4/24,https://www.bilibili.com/video/BV19e411s7yT,火星，我们来了！中国首次火星探测任务命名“天问一号”,0
6907,6911,宇智波-带娃,0,自古以来…,2021/5/15,https://www.bilibili.com/video/BV1R64y127qf,【火星中国时刻】天问一号：成功着陆，感觉良好！,1
6406,6410,夜风_Nightwind,1,话说为什么没有直播，登陆视频都莫得[无语]好失落,2021/5/15,https://www.bilibili.com/video/BV1R64y127qf,【火星中国时刻】天问一号：成功着陆，感觉良好！,-1
1179,1183,RealArthurWong,0,南宫问天表示很赞[doge],2020/4/24,https://www.bilibili.com/video/BV19e411s7yT,火星，我们来了！中国首次火星探测任务命名“天问一号”,1
5448,5452,我才不会滚键盘,0,哇，能依稀看见火星大气,2021/2/12,https://www.bilibili.com/video/BV1rA411T7pN,震撼！“天问一号”探测器火星捕获过程影像发布,1
5078,5082,说一句晚安都不行,0,天问一号yyds[打call][打call][打call],2021/5/15,https://www.bilibili.com/video/BV1D64y1C7qU,火星你好！2分钟回顾天问一号“奔火”全过程,1
5175,5179,海岸线的淤泥,1,那如果飞过头了，还有数据传回来吗[吃瓜],2021/5/24,https://www.bilibili.com/video/BV1qo4y1m7GT,【面对面】天问一号自带“黑匣子” ？专为着陆失败做准备,0
689,692,轨道控制基地,1,楼主，你有救了！！,2020/4/24,https://www.bilibili.com/video/BV19e411s7yT,火星，我们来了！中国首次火星探测任务命名“天问一号”,0
9192,9196,虚无主义的荒诞,0,终于！！！！天问一号冲啊啊啊！！！！！！,2020/7/17,https://www.bilibili.com/video/BV1za4y1a7UT,“天问一号”即将发射，高清实拍+模拟动画带你提前登陆火星！,1
6525,6529,スイカプロジェクトR,0,河南人民发来贺电,2021/5/15,https://www.bilibili.com/video/BV1R64y127qf,【火星中国时刻】天问一号：成功着陆，感觉良好！,1
10194,10198,努力的小王同学bilibala,1,不能超过110kg，想到了云天明,2021/2/3,https://www.bilibili.com/video/BV1q5411J73D?from=search&seid=6566064178961068704,我们决定去火星的日子，比你想象得更早,0
6488,6492,程若素今天咕咕了吗,0,欢迎光临,2021/5/15,https://www.bilibili.com/video/BV1R64y127qf,【火星中国时刻】天问一号：成功着陆，感觉良好！,1
7154,7158,准二向箔,0,我已激动不能自已[笑哭][大哭]，太棒了，我们的航天科技终于不再大落后于美国了，终于能看自己家拍摄的火星照片了[抓狂][哭泣],2021/5/15,https://www.bilibili.com/video/BV1R64y127qf,【火星中国时刻】天问一号：成功着陆，感觉良好！,1
8743,8747,你我互虐千百遍,0,点赞[打call][打call][打call],2020/7/23,https://www.bilibili.com/video/BV1va4y1a7hp?from=search&seid=15075552549875695762,海南民众海边观看天问一号发射升空：连连惊叹 高喊“胖五加油”,1
6610,6614,Cyril-Wayne,0,文艺复兴,2021/5/15,https://www.bilibili.com/video/BV1R64y127qf,【火星中国时刻】天问一号：成功着陆，感觉良好！,0
9056,9060,______-____-__,0,中国航天的钱还是太少了，我觉得可以再适当提高一点，建议对巨型企业征收重税,2020/7/18,https://www.bilibili.com/video/BV1za4y1a7UT,“天问一号”即将发射，高清实拍+模拟动画带你提前登陆火星！,-1
4349,4353,0鬼雪0,1,厉害了我的国，就是浙大山大问题没人管,2020/7/23,https://www.bilibili.com/video/BV1Sp4y1i7PR,全程回顾 | 天问一号！中国行星探测第一步,0
1884,1888,想改个名字丶十三香,0,南宫问天。。,2020/4/24,https://www.bilibili.com/video/BV19e411s7yT,火星，我们来了！中国首次火星探测任务命名“天问一号”,0
8970,8974,如果我是川哥,1,激动的泪流满面,2020/7/20,https://www.bilibili.com/video/BV1za4y1a7UT,“天问一号”即将发射，高清实拍+模拟动画带你提前登陆火星！,0
2494,2498,长征九号遥一,0,上火星的难度对美国来说其实不大，世界成功率低下是有原因的，因为俄罗斯人太锲而不舍了。。。,2020/7/23,https://www.bilibili.com/video/BV1df4y1R7GB,“天问一号”发射后200多天才能到达，三维带你提前登陆火星,0
5947,5951,等待的刺猬00001,1,祖国牛逼,2021/5/16,https://www.bilibili.com/video/BV1R64y127qf,【火星中国时刻】天问一号：成功着陆，感觉良好！,1
3036,3040,追逐我的未來,0,前进，请继续前进。,2020/7/23,https://www.bilibili.com/video/BV1Fk4y1m77L?p=1,目标火星！天问一号探测器在中国文昌航天发射场发射升空,1
5777,5781,huhuyanhuyan,0,好厉害～！！,2021/5/15,https://www.bilibili.com/video/BV1ev41157uU,火星上首次留下中国印迹！动画模拟天问一号着陆过程,1
845,848,星野日向233,0,全体起立！,2020/4/24,https://www.bilibili.com/video/BV19e411s7yT,火星，我们来了！中国首次火星探测任务命名“天问一号”,1
7967,7971,梦回仙缘2020,1,赶紧的！占位！,2021/5/15,https://www.bilibili.com/video/BV1No4y1m7vS,第一视角模拟天问一号登陆火星（中国航天科技集团五院、八院联合制作）,0
8806,8810,哎呦的山鬼,4,先烈，看，那是咱们的大火箭[打call],2020/7/23,https://www.bilibili.com/video/BV1va4y1a7hp?from=search&seid=15075552549875695762,海南民众海边观看天问一号发射升空：连连惊叹 高喊“胖五加油”,1
7340,7344,揪住猫尾巴,0,喂，我到了，一切安好，请大家放心！（不难认吧[脱单doge]）,2021/5/15,https://www.bilibili.com/video/BV1R64y127qf,【火星中国时刻】天问一号：成功着陆，感觉良好！,1
9353,9357,游戏小吧王,0,现在就等传回视频与照片了，油管那些老外跟绿娃等不及了,2021/5/16,https://www.bilibili.com/video/BV1QN411o7rR?from=search&seid=6566064178961068704,登陆火星为什么最难？看天问一号如何闯过着陆火星的“恐怖9分钟”,1
8608,8612,酸辣粉不要辣,0,就很科幻,2020/7/24,https://www.bilibili.com/video/BV1va4y1a7hp?from=search&seid=15075552549875695762,海南民众海边观看天问一号发射升空：连连惊叹 高喊“胖五加油”,0
7137,7141,银花酱,0,这么快就学会当地话了？,2021/5/15,https://www.bilibili.com/video/BV1R64y127qf,【火星中国时刻】天问一号：成功着陆，感觉良好！,1
2964,2968,笑笑小兵,1,免子的星辰大海梦！！！[鼓掌],2020/7/23,https://www.bilibili.com/video/BV1Fk4y1m77L?p=1,目标火星！天问一号探测器在中国文昌航天发射场发射升空,1
2529,2533,藤原千花的败北,0,太酷了,2020/7/23,https://www.bilibili.com/video/BV1df4y1R7GB,“天问一号”发射后200多天才能到达，三维带你提前登陆火星,1
5772,5776,Rex-_,0,恭喜天天问圆满成功[打call],2021/5/15,https://www.bilibili.com/video/BV1ev41157uU,火星上首次留下中国印迹！动画模拟天问一号着陆过程,1
1048,1051,花月琴裳舞蝴蝶,1,默默的点了赞,2020/4/24,https://www.bilibili.com/video/BV19e411s7yT,火星，我们来了！中国首次火星探测任务命名“天问一号”,1
7045,7049,莜莜莜酱,0,不发喜糖？,2021/5/15,https://www.bilibili.com/video/BV1R64y127qf,【火星中国时刻】天问一号：成功着陆，感觉良好！,0
1960,1964,地铁上的七月,0,屈原系列上线[偷笑],2020/4/24,https://www.bilibili.com/video/BV19e411s7yT,火星，我们来了！中国首次火星探测任务命名“天问一号”,1
2530,2534,Alice-Crisitina,0,[热词系列_知识增加]带着梦想和信心探索这无尽的星辰大海！,2020/7/23,https://www.bilibili.com/video/BV1df4y1R7GB,“天问一号”发射后200多天才能到达，三维带你提前登陆火星,0
8429,8433,纯真的九尾狐,0,[酸了][酸了][酸了][酸了][酸了]在上海只能看转播,2020/7/24,https://www.bilibili.com/video/BV1va4y1a7hp?from=search&seid=15075552549875695762,海南民众海边观看天问一号发射升空：连连惊叹 高喊“胖五加油”,0
4917,4921,你好丶久违的爱,1,沙发观看[星星眼],2021/5/15,https://www.bilibili.com/video/BV1D64y1C7qU,火星你好！2分钟回顾天问一号“奔火”全过程,0
5901,5905,qsxftgbji10,2,请问天问一号获得的数据是否会像嫦娥工程那样公开呢？,2021/5/16,https://www.bilibili.com/video/BV1R64y127qf,【火星中国时刻】天问一号：成功着陆，感觉良好！,0
8286,8290,赵露思的男友,1,芜湖网友现场加油，某破站b友在线羡慕[吃瓜],2020/7/31,https://www.bilibili.com/video/BV1va4y1a7hp?from=search&seid=15075552549875695762,海南民众海边观看天问一号发射升空：连连惊叹 高喊“胖五加油”,0
4259,4263,沢米尔,0,去往宇宙探索是很不错的想法，我们的地球缺少物资和能源，重点是能源，而地球上或许有其他好能源，但是我们应该很难开采或者很难利用，所以能源是重中之重，如果能够发现新能源的话，那么我们的环境或许就能一定程度的加以改善了或许。。。,2020/7/23,https://www.bilibili.com/video/BV1Sp4y1i7PR,全程回顾 | 天问一号！中国行星探测第一步,1
5656,5660,胖C看光光,0,就当作是我的生日礼物吧[doge],2021/5/15,https://www.bilibili.com/video/BV1ev41157uU,火星上首次留下中国印迹！动画模拟天问一号着陆过程,1
6097,6101,随处可栖??,0,牛逼！,2021/5/15,https://www.bilibili.com/video/BV1R64y127qf,【火星中国时刻】天问一号：成功着陆，感觉良好！,1
5907,5911,虹蓝梅柒,1,五星红旗迎风飘扬～（你们接歌词）,2021/5/16,https://www.bilibili.com/video/BV1R64y127qf,【火星中国时刻】天问一号：成功着陆，感觉良好！,1
7373,7377,椌星,0,天问成功着陆荧惑星[打call],2021/5/15,https://www.bilibili.com/video/BV1R64y127qf,【火星中国时刻】天问一号：成功着陆，感觉良好！,0
2978,2982,玩个机,0,为什么放这个视频手机振动器会跟着震动,2020/7/23,https://www.bilibili.com/video/BV1Fk4y1m77L?p=1,目标火星！天问一号探测器在中国文昌航天发射场发射升空,0
9201,9205,求求你了让我中一次,0,直播过程可以像spaceX一样吗？毕竟首次去火星,2020/7/17,https://www.bilibili.com/video/BV1za4y1a7UT,“天问一号”即将发射，高清实拍+模拟动画带你提前登陆火星！,0
9655,9659,爱菲华徳aiffiword,0,祖国万岁！！！加油,2021/5/15,https://www.bilibili.com/video/BV1bU4y1t7Nm?from=search&seid=6566064178961068704,如约而至！我国首次火星探测任务着陆火星圆满成功,1
6721,6725,H中士,0,第一次就能成，这是好的。,2021/5/15,https://www.bilibili.com/video/BV1R64y127qf,【火星中国时刻】天问一号：成功着陆，感觉良好！,1
7842,7846,界界胃炎,1,那个鳄祖咋搞[嗑瓜子][滑稽][doge][doge][doge][doge][doge],2021/3/4,https://www.bilibili.com/video/BV1sK4y1J7tU,天问一号：高清火星影像震撼发布,0
8264,8268,嵩雪籽,1,尾气污染抓走[doge][滑稽][滑稽],2020/8/17,https://www.bilibili.com/video/BV1va4y1a7hp?from=search&seid=15075552549875695762,海南民众海边观看天问一号发射升空：连连惊叹 高喊“胖五加油”,-1
9101,9105,江-北米,0,什么？NASA？呵，前车之鉴罢了，我们中航局首颗火星车直接软着陆，保护球？不存在的[2233娘_耶][2233娘_大笑],2020/7/18,https://www.bilibili.com/video/BV1za4y1a7UT,“天问一号”即将发射，高清实拍+模拟动画带你提前登陆火星！,-1
3138,3142,西山青羽,0,胖五真漂亮嘿,2020/7/23,https://www.bilibili.com/video/BV1Fk4y1m77L?p=1,目标火星！天问一号探测器在中国文昌航天发射场发射升空,1
8325,8329,Jonah何,0,大学有机会去文昌玩一次,2020/7/25,https://www.bilibili.com/video/BV1va4y1a7hp?from=search&seid=15075552549875695762,海南民众海边观看天问一号发射升空：连连惊叹 高喊“胖五加油”,0
10308,10312,倚剑听风就是雨,0,靓仔终于到了？,2021/2/2,https://www.bilibili.com/video/BV1q5411J73D?from=search&seid=6566064178961068704,我们决定去火星的日子，比你想象得更早,0
1826,1830,我还没死掉呢,36,中国必须坚持发展航空航天，这也是为了避免人类文明内卷，地球的生产力资源是有限的，但是宇宙是无线的。,2020/4/24,https://www.bilibili.com/video/BV19e411s7yT,火星，我们来了！中国首次火星探测任务命名“天问一号”,1
5548,5552,CNjg1,0,好耶,2021/5/15,https://www.bilibili.com/video/BV1ev41157uU,火星上首次留下中国印迹！动画模拟天问一号着陆过程,1
560,563,春日END,0,c位出道，大赞,2020/4/25,https://www.bilibili.com/video/BV19e411s7yT,火星，我们来了！中国首次火星探测任务命名“天问一号”,1
9144,9148,守望之海HD,0,希望御用摄影给点力[tv_冷漠],2020/7/18,https://www.bilibili.com/video/BV1za4y1a7UT,“天问一号”即将发射，高清实拍+模拟动画带你提前登陆火星！,-1
8435,8439,想被毛绒绒治愈,0,像新海诚的画面似得，蓝天白云碧海中，向着天空发射的一枚火箭。,2020/7/24,https://www.bilibili.com/video/BV1va4y1a7hp?from=search&seid=15075552549875695762,海南民众海边观看天问一号发射升空：连连惊叹 高喊“胖五加油”,0
5435,5439,摸摸迦桑,0,好,2021/2/12,https://www.bilibili.com/video/BV1rA411T7pN,震撼！“天问一号”探测器火星捕获过程影像发布,1
4437,4441,森理萤一-K1,0,发射啦？谁说的晚上八点[无语],2020/7/23,https://www.bilibili.com/video/BV1Sp4y1i7PR,全程回顾 | 天问一号！中国行星探测第一步,0
1442,1446,Heil寒霜航空,1,以前有部电影里有问天一号[热词系列_知识增加],2020/4/24,https://www.bilibili.com/video/BV19e411s7yT,火星，我们来了！中国首次火星探测任务命名“天问一号”,0
8453,8457,单车上的流浪猫,0,卧槽，卧槽这年轻火箭,2020/7/24,https://www.bilibili.com/video/BV1va4y1a7hp?from=search&seid=15075552549875695762,海南民众海边观看天问一号发射升空：连连惊叹 高喊“胖五加油”,0
4406,4410,-不过四级不昵称-,0,现在视频都可以让手机震动了[惊讶],2020/7/23,https://www.bilibili.com/video/BV1Sp4y1i7PR,全程回顾 | 天问一号！中国行星探测第一步,0
9895,9899,Syoubunn,0,[大哭][大哭][大哭][大哭][大哭][大哭][大哭][大哭][大哭][大哭][大哭][大哭][大哭][大哭][大哭][大哭][大哭][大哭][大哭][大哭],2021/5/15,https://www.bilibili.com/video/BV1bU4y1t7Nm?from=search&seid=6566064178961068704,如约而至！我国首次火星探测任务着陆火星圆满成功,1
1689,1693,飞翔的摩托,0,????十几年前就创造出了火星文，看来早有预谋[doge],2020/4/24,https://www.bilibili.com/video/BV19e411s7yT,火星，我们来了！中国首次火星探测任务命名“天问一号”,0
10241,10245,o0o0o0o036,0,有句话叫“比登天还难”，但如果没人想过上天那怎么会有这句话。,2021/2/3,https://www.bilibili.com/video/BV1q5411J73D?from=search&seid=6566064178961068704,我们决定去火星的日子，比你想象得更早,0
10167,10171,断弦续雨,0,为什么看不了视频,2021/2/3,https://www.bilibili.com/video/BV1q5411J73D?from=search&seid=6566064178961068704,我们决定去火星的日子，比你想象得更早,0
5962,5966,女娲造人的边角料,1,嘿！美国佬！火星不是你们的！,2021/5/16,https://www.bilibili.com/video/BV1R64y127qf,【火星中国时刻】天问一号：成功着陆，感觉良好！,0
2496,2500,橘子只剩半条命,1,这星闻不能引起小学生的注意了？？？？,2020/7/23,https://www.bilibili.com/video/BV1df4y1R7GB,“天问一号”发射后200多天才能到达，三维带你提前登陆火星,-1
8516,8520,CCCP-西伯利亚制造,0,喔~!!!,2020/7/24,https://www.bilibili.com/video/BV1va4y1a7hp?from=search&seid=15075552549875695762,海南民众海边观看天问一号发射升空：连连惊叹 高喊“胖五加油”,0
340,343,无痕风过,0,古籍为证，三六东郡，荧惑守心,2020/6/1,https://www.bilibili.com/video/BV19e411s7yT,火星，我们来了！中国首次火星探测任务命名“天问一号”,1
2408,2412,小琪琪琪没钱,0,激动[星星眼][星星眼],2020/7/23,https://www.bilibili.com/video/BV1df4y1R7GB,“天问一号”发射后200多天才能到达，三维带你提前登陆火星,1
8677,8681,580585567,0,奔向星辰大海,2020/7/23,https://www.bilibili.com/video/BV1va4y1a7hp?from=search&seid=15075552549875695762,海南民众海边观看天问一号发射升空：连连惊叹 高喊“胖五加油”,1
5782,5786,头头牛皮,0,火星到底能不能种土豆[doge][doge],2021/5/15,https://www.bilibili.com/video/BV1ev41157uU,火星上首次留下中国印迹！动画模拟天问一号着陆过程,0
4576,4580,小佀呀呀呀,0,我们的征途是星辰大海[爱心],2021/5/15,https://www.bilibili.com/video/BV1D64y1C7qU,火星你好！2分钟回顾天问一号“奔火”全过程,1
3725,3729,心染_,0,芜湖，起飞！！！,2020/7/23,https://www.bilibili.com/video/BV1Fk4y1m77L?p=1,目标火星！天问一号探测器在中国文昌航天发射场发射升空,1
2785,2789,小小世界一个人儿,0,[黑洞]v[黑洞],2020/7/23,https://www.bilibili.com/video/BV1Fk4y1m77L?p=1,目标火星！天问一号探测器在中国文昌航天发射场发射升空,0
1012,1015,东营精神病医院高主任,0,考研、公考、事业编热点，建议全文背诵,2020/4/24,https://www.bilibili.com/video/BV19e411s7yT,火星，我们来了！中国首次火星探测任务命名“天问一号”,0
5280,5284,紫轩轩辕,0,[打call]星辰大海，我们来了！,2021/2/12,https://www.bilibili.com/video/BV1rA411T7pN,震撼！“天问一号”探测器火星捕获过程影像发布,1
4895,4899,Ghost破灭,0,哦哦哦哦哦！,2021/5/15,https://www.bilibili.com/video/BV1D64y1C7qU,火星你好！2分钟回顾天问一号“奔火”全过程,0
7121,7125,小小只的卷,0,我竟然看懂了[热词系列_知识增加],2021/5/15,https://www.bilibili.com/video/BV1R64y127qf,【火星中国时刻】天问一号：成功着陆，感觉良好！,1
6549,6553,NVWUMOFA,0,??(????0`??)??,2021/5/15,https://www.bilibili.com/video/BV1R64y127qf,【火星中国时刻】天问一号：成功着陆，感觉良好！,0
4037,4041,软炸派蒙,1,但愿有生之年能够目睹人类登录火星[星星眼],2021/6/27,https://www.bilibili.com/video/BV1uy4y1M7dB,骄傲！天问一号系列实拍影像发布,1
148,151,无聊的琉森,0,加油！！,2020/7/23,https://www.bilibili.com/video/BV19e411s7yT,火星，我们来了！中国首次火星探测任务命名“天问一号”,1
285,288,朱琰先辈,0,火星上的兄弟我们来啦[doge],2020/7/17,https://www.bilibili.com/video/BV19e411s7yT,火星，我们来了！中国首次火星探测任务命名“天问一号”,1
10020,10024,仇全若宇,2,赶紧跑去火星日本人要排放了,2021/4/29,https://www.bilibili.com/video/BV1q5411J73D?from=search&seid=6566064178961068704,我们决定去火星的日子，比你想象得更早,0
8729,8733,寻芳之,0,这是胖五么？不是天问一号么,2020/7/23,https://www.bilibili.com/video/BV1va4y1a7hp?from=search&seid=15075552549875695762,海南民众海边观看天问一号发射升空：连连惊叹 高喊“胖五加油”,0
6770,6774,离离颜落,0,向全体航天人致敬,2021/5/15,https://www.bilibili.com/video/BV1R64y127qf,【火星中国时刻】天问一号：成功着陆，感觉良好！,1
4443,4447,给我画只羊吧233,1,[鼓掌]偏于地球一隅那么久，宇宙那么大，咱得去看看，现在有自己的火星探测器了，想想都有点小激动，又是见证了历史的一刻。,2020/7/23,https://www.bilibili.com/video/BV1Sp4y1i7PR,全程回顾 | 天问一号！中国行星探测第一步,1
7446,7450,愿闻其翔哈哈哈123,3,2021年，火星机械神教正式成立。,2021/5/15,https://www.bilibili.com/video/BV1sK4y1J7tU,天问一号：高清火星影像震撼发布,-1
236,239,Kevin1366,3,评论区现场征集..有人想去现场的吗...订票订晚了，龙楼镇的酒店没了，订在文昌高隆湾，不过反正也看的见，预计在桥头公园观景台看。有人要一起的吗私信我（酒店可以住两个人，想找个伴，顺便也能摊一摊房费[笑哭]）,2020/7/18,https://www.bilibili.com/video/BV19e411s7yT,火星，我们来了！中国首次火星探测任务命名“天问一号”,0
9951,9955,奶棒人丶,2,太强了！,2021/5/15,https://www.bilibili.com/video/BV1bU4y1t7Nm?from=search&seid=6566064178961068704,如约而至！我国首次火星探测任务着陆火星圆满成功,1
7123,7127,凯德-那是真的-六号,0,所以啥时候看看火星能不能种菜,2021/5/15,https://www.bilibili.com/video/BV1R64y127qf,【火星中国时刻】天问一号：成功着陆，感觉良好！,1
8675,8679,第七密度末期种子,1,跟秘密太空计划的技术差远了,2020/7/23,https://www.bilibili.com/video/BV1va4y1a7hp?from=search&seid=15075552549875695762,海南民众海边观看天问一号发射升空：连连惊叹 高喊“胖五加油”,-1
3083,3087,玮央,0,冲冲冲,2020/7/23,https://www.bilibili.com/video/BV1Fk4y1m77L?p=1,目标火星！天问一号探测器在中国文昌航天发射场发射升空,1
632,635,-米洛酱-,2,刷萤火一号的有意思吗[捂脸],2020/4/25,https://www.bilibili.com/video/BV19e411s7yT,火星，我们来了！中国首次火星探测任务命名“天问一号”,0
6813,6817,宅志刚,0,众神渐渐归位,2021/5/15,https://www.bilibili.com/video/BV1R64y127qf,【火星中国时刻】天问一号：成功着陆，感觉良好！,1
2493,2497,我家在金茂,0,这个模拟不准确，并不是出地球引力场才加速去火星，而是长五一步到位，直接推到火星,2020/7/23,https://www.bilibili.com/video/BV1df4y1R7GB,“天问一号”发射后200多天才能到达，三维带你提前登陆火星,0
2665,2669,bili_32137751595,2,天文？[吃瓜][滑稽]你鸡腿没了,2020/7/23,https://www.bilibili.com/video/BV1df4y1R7GB,“天问一号”发射后200多天才能到达，三维带你提前登陆火星,0
8816,8820,-朝乾夕惕-,2,海边拍的那个真像流浪地球,2020/7/23,https://www.bilibili.com/video/BV1va4y1a7hp?from=search&seid=15075552549875695762,海南民众海边观看天问一号发射升空：连连惊叹 高喊“胖五加油”,0
8744,8748,雒平,0,[哦呼][星星眼][再见][鼓掌][大笑],2020/7/23,https://www.bilibili.com/video/BV1va4y1a7hp?from=search&seid=15075552549875695762,海南民众海边观看天问一号发射升空：连连惊叹 高喊“胖五加油”,0
8793,8797,霸王龙很从容,1,什么时候把我也整上去啊？[doge],2020/7/23,https://www.bilibili.com/video/BV1va4y1a7hp?from=search&seid=15075552549875695762,海南民众海边观看天问一号发射升空：连连惊叹 高喊“胖五加油”,0
4211,4215,今天你变强了嘛,0,泪目。。。。,2020/7/23,https://www.bilibili.com/video/BV1Sp4y1i7PR,全程回顾 | 天问一号！中国行星探测第一步,0
3874,3878,C_Nolan,0,看不够看不够[doge],2021/6/27,https://www.bilibili.com/video/BV1uy4y1M7dB,骄傲！天问一号系列实拍影像发布,0
2817,2821,YYP-小平,0,好[支持][打call],2020/7/23,https://www.bilibili.com/video/BV1Fk4y1m77L?p=1,目标火星！天问一号探测器在中国文昌航天发射场发射升空,1
8585,8589,郁闷的瓢虫,0,文明6的科技胜利[doge],2020/7/24,https://www.bilibili.com/video/BV1va4y1a7hp?from=search&seid=15075552549875695762,海南民众海边观看天问一号发射升空：连连惊叹 高喊“胖五加油”,0
10188,10192,欣无攸,0,提高研究人员待遇方为重中之重,2021/2/3,https://www.bilibili.com/video/BV1q5411J73D?from=search&seid=6566064178961068704,我们决定去火星的日子，比你想象得更早,0
7426,7430,爱蹦爱跳的小朋友,0,前排,2021/5/15,https://www.bilibili.com/video/BV1R64y127qf,【火星中国时刻】天问一号：成功着陆，感觉良好！,0
9975,9979,皮大侠在此,0,好耶[嗑瓜子],2021/5/15,https://www.bilibili.com/video/BV1bU4y1t7Nm?from=search&seid=6566064178961068704,如约而至！我国首次火星探测任务着陆火星圆满成功,1
8796,8800,猫霸天下,2,羡慕啊,2020/7/23,https://www.bilibili.com/video/BV1va4y1a7hp?from=search&seid=15075552549875695762,海南民众海边观看天问一号发射升空：连连惊叹 高喊“胖五加油”,0
9551,9555,try_鹏,0,好智能呀,2021/5/15,https://www.bilibili.com/video/BV1QN411o7rR?from=search&seid=6566064178961068704,登陆火星为什么最难？看天问一号如何闯过着陆火星的“恐怖9分钟”,0
1735,1739,胖台i,0,中国牛,2020/4/24,https://www.bilibili.com/video/BV19e411s7yT,火星，我们来了！中国首次火星探测任务命名“天问一号”,1
7397,7401,铳王幽灵,1,牛牛牛牛！！！！！！！！！！！！！！！！,2021/5/15,https://www.bilibili.com/video/BV1R64y127qf,【火星中国时刻】天问一号：成功着陆，感觉良好！,1
4255,4259,Lee.曾希先生,0,呜呼！,2020/7/23,https://www.bilibili.com/video/BV1Sp4y1i7PR,全程回顾 | 天问一号！中国行星探测第一步,1
8605,8609,深圳大老王,0,天气真好，香！！,2020/7/24,https://www.bilibili.com/video/BV1va4y1a7hp?from=search&seid=15075552549875695762,海南民众海边观看天问一号发射升空：连连惊叹 高喊“胖五加油”,0
2475,2479,喜欢撒三岁,0,加油,2020/7/23,https://www.bilibili.com/video/BV1df4y1R7GB,“天问一号”发射后200多天才能到达，三维带你提前登陆火星,1
10364,10368,毅文_,3390,天问，天天问到了吗靓仔[doge],2021/2/2,https://www.bilibili.com/video/BV1q5411J73D?from=search&seid=6566064178961068704,我们决定去火星的日子，比你想象得更早,0
3713,3717,Dargon-XR,0,一路顺风！,2020/7/23,https://www.bilibili.com/video/BV1Fk4y1m77L?p=1,目标火星！天问一号探测器在中国文昌航天发射场发射升空,1
9323,9327,chen丶xi,1,终于来了，等好久了！,2020/7/17,https://www.bilibili.com/video/BV1za4y1a7UT,“天问一号”即将发射，高清实拍+模拟动画带你提前登陆火星！,1
1804,1808,达达尼让,0,这个揽星九天就很有意思，这8大行星挨个探索,2020/4/24,https://www.bilibili.com/video/BV19e411s7yT,火星，我们来了！中国首次火星探测任务命名“天问一号”,1
707,710,再燃三分钟,1,今年高考作文真的是。。。。??????,2020/4/24,https://www.bilibili.com/video/BV19e411s7yT,火星，我们来了！中国首次火星探测任务命名“天问一号”,0
9543,9547,Snowstorm丶,0,那个白色的是啥?,2021/5/15,https://www.bilibili.com/video/BV1QN411o7rR?from=search&seid=6566064178961068704,登陆火星为什么最难？看天问一号如何闯过着陆火星的“恐怖9分钟”,0
5189,5193,G桂林,2,我凌晨醒来在CCTV13频道看过了，还想催一下你们赶快发呢，我好转载。,2021/5/24,https://www.bilibili.com/video/BV1qo4y1m7GT,【面对面】天问一号自带“黑匣子” ？专为着陆失败做准备,1
5472,5476,彩虹冲刺2,0,我想中国是第一个一次性发射到火星和一次性登录火星成功的国家,2021/5/16,https://www.bilibili.com/video/BV1ev41157uU,火星上首次留下中国印迹！动画模拟天问一号着陆过程,0
72,72,曾家人丫,0,我的祖国[打call],2020/7/24,https://www.bilibili.com/video/BV19e411s7yT,火星，我们来了！中国首次火星探测任务命名“天问一号”,1
7843,7847,想养猫の薛定谔,0,小鱼干，嫂子喊你吃外卖了,2021/3/4,https://www.bilibili.com/video/BV1sK4y1J7tU,天问一号：高清火星影像震撼发布,0
5101,5105,徽州来使,2,不容易，压力肯定很大，国际竞争这么激烈！我辈楷模,2021/6/18,https://www.bilibili.com/video/BV1qo4y1m7GT,【面对面】天问一号自带“黑匣子” ？专为着陆失败做准备,1
6764,6768,领克汽车,233,╰汰帥孓！恭囍宬ェか登陸！灬[星星眼],2021/5/15,https://www.bilibili.com/video/BV1R64y127qf,【火星中国时刻】天问一号：成功着陆，感觉良好！,0
1125,1129,地球人zwz,1,不平凡的一年[doge],2020/4/24,https://www.bilibili.com/video/BV19e411s7yT,火星，我们来了！中国首次火星探测任务命名“天问一号”,1
1241,1245,Herschel狐狸,1,完了完了，歼星舰要来了[doge][doge],2020/4/24,https://www.bilibili.com/video/BV19e411s7yT,火星，我们来了！中国首次火星探测任务命名“天问一号”,1
8570,8574,夜听语花微醉,2,酸了[酸了][酸了],2020/7/24,https://www.bilibili.com/video/BV1va4y1a7hp?from=search&seid=15075552549875695762,海南民众海边观看天问一号发射升空：连连惊叹 高喊“胖五加油”,0
2349,2353,艺术就是海星帕特里克,0,到了火星，有确切的降落地点吗[热词系列_知识增加]（等一个大佬）,2020/7/23,https://www.bilibili.com/video/BV1df4y1R7GB,“天问一号”发射后200多天才能到达，三维带你提前登陆火星,1
6602,6606,柠了檬呗,0,我只能说牛逼,2021/5/15,https://www.bilibili.com/video/BV1R64y127qf,【火星中国时刻】天问一号：成功着陆，感觉良好！,1
6780,6784,-学习就完事了-,0,[doge]90后的青春，非主流之火星文,2021/5/15,https://www.bilibili.com/video/BV1R64y127qf,【火星中国时刻】天问一号：成功着陆，感觉良好！,1
4358,4362,西楼夜听雨,0,公知？不要慌。就像当年美帝航母在海峡，现在只能在菲律宾以东。只要公知的吐槽范围在缩小。当笑话看就行,2020/7/23,https://www.bilibili.com/video/BV1Sp4y1i7PR,全程回顾 | 天问一号！中国行星探测第一步,0
1343,1347,林尼-琳妮特,6,萤火一号不是首次吗？？？,2020/4/24,https://www.bilibili.com/video/BV19e411s7yT,火星，我们来了！中国首次火星探测任务命名“天问一号”,0
10368,10372,Mango-Man,1,马斯克哭晕在厕所,2021/2/2,https://www.bilibili.com/video/BV1q5411J73D?from=search&seid=6566064178961068704,我们决定去火星的日子，比你想象得更早,0
9011,9015,羽天听声,0,带个车顺便带个卫星？,2020/7/19,https://www.bilibili.com/video/BV1za4y1a7UT,“天问一号”即将发射，高清实拍+模拟动画带你提前登陆火星！,0
9940,9944,是师弟不是师妹,8,给中继卫星（巡视器）也起个名字吧,2021/5/15,https://www.bilibili.com/video/BV1bU4y1t7Nm?from=search&seid=6566064178961068704,如约而至！我国首次火星探测任务着陆火星圆满成功,0
6652,6656,七品芝麻呱,2,在武汉，昨天电闪雷鸣狂风暴雨，总觉热第二天要有大事发生，果不其然[OK]。,2021/5/15,https://www.bilibili.com/video/BV1R64y127qf,【火星中国时刻】天问一号：成功着陆，感觉良好！,0
1100,1104,伊璧,2,行星探测任务[喜欢]什么时候登天王星[偷笑],2020/4/24,https://www.bilibili.com/video/BV19e411s7yT,火星，我们来了！中国首次火星探测任务命名“天问一号”,0
7327,7331,跑路中请稍候,1,喂，我已经到了，一切安好，请大家放心[OK][OK],2021/5/15,https://www.bilibili.com/video/BV1R64y127qf,【火星中国时刻】天问一号：成功着陆，感觉良好！,1
7622,7626,祈喋,0,NASA太高兴了，经费又能提高了。,2021/3/5,https://www.bilibili.com/video/BV1sK4y1J7tU,天问一号：高清火星影像震撼发布,0
987,990,bz江小暗,0,2333！！！！[滑稽][滑稽],2020/4/24,https://www.bilibili.com/video/BV19e411s7yT,火星，我们来了！中国首次火星探测任务命名“天问一号”,0
2852,2856,苏格拉底没底R,0,这次会种菜吗[抠鼻],2020/7/23,https://www.bilibili.com/video/BV1Fk4y1m77L?p=1,目标火星！天问一号探测器在中国文昌航天发射场发射升空,0
630,633,龢光同塵,1,高考的小伙伴注意了[妙啊],2020/4/25,https://www.bilibili.com/video/BV19e411s7yT,火星，我们来了！中国首次火星探测任务命名“天问一号”,0
1249,1253,天问NULL,1,[热词系列_知识增加][热词系列_知识增加],2020/4/24,https://www.bilibili.com/video/BV19e411s7yT,火星，我们来了！中国首次火星探测任务命名“天问一号”,0
3179,3183,抢洛天依的小笼包,0,这也太猝不及防了,2020/7/23,https://www.bilibili.com/video/BV1Fk4y1m77L?p=1,目标火星！天问一号探测器在中国文昌航天发射场发射升空,0
482,485,最温柔的星辰,0,成为与星辰并肩的伟大文明，中国行！,2020/4/27,https://www.bilibili.com/video/BV19e411s7yT,火星，我们来了！中国首次火星探测任务命名“天问一号”,1
3040,3044,在下张张,1,手机在震,2020/7/23,https://www.bilibili.com/video/BV1Fk4y1m77L?p=1,目标火星！天问一号探测器在中国文昌航天发射场发射升空,0
5010,5014,风螟水月,0,恭喜祝融号成功着陆火星！！！,2021/5/15,https://www.bilibili.com/video/BV1D64y1C7qU,火星你好！2分钟回顾天问一号“奔火”全过程,1
9060,9064,快乐好少年,3,万一美国的失败了，然后咱们的天问一号降落到毅力号的头上，在他头上打个洞，发现这玩意儿他妈是地球的[doge],2020/7/18,https://www.bilibili.com/video/BV1za4y1a7UT,“天问一号”即将发射，高清实拍+模拟动画带你提前登陆火星！,-1
7000,7004,还真想到了,1,在那边要吃好休息好，大家都牵挂着你呢,2021/5/15,https://www.bilibili.com/video/BV1R64y127qf,【火星中国时刻】天问一号：成功着陆，感觉良好！,1
3273,3277,塔尔船长,0,这一飞9个月？,2020/7/23,https://www.bilibili.com/video/BV1Fk4y1m77L?p=1,目标火星！天问一号探测器在中国文昌航天发射场发射升空,0
7227,7231,无何有之名,1,把bgm也交了,2021/5/15,https://www.bilibili.com/video/BV1R64y127qf,【火星中国时刻】天问一号：成功着陆，感觉良好！,0
3683,3687,秋央央,1,[打call],2020/7/23,https://www.bilibili.com/video/BV1Fk4y1m77L?p=1,目标火星！天问一号探测器在中国文昌航天发射场发射升空,1
6674,6678,riyueyu,0,爷青回,2021/5/15,https://www.bilibili.com/video/BV1R64y127qf,【火星中国时刻】天问一号：成功着陆，感觉良好！,0
6807,6811,迷惘丶寻觅,2,放个动画片啥意思,2021/5/15,https://www.bilibili.com/video/BV1R64y127qf,【火星中国时刻】天问一号：成功着陆，感觉良好！,-1
10107,10111,夜色深浓,0,我们的目标，是星辰大海！！！！！[奋斗][奋斗][奋斗][奋斗][奋斗][热词系列_奥力给],2021/2/9,https://www.bilibili.com/video/BV1q5411J73D?from=search&seid=6566064178961068704,我们决定去火星的日子，比你想象得更早,0
1316,1320,时间女孩时崎狂三,0,天文荧惑，唯我中国[打call][打call][打call],2020/4/24,https://www.bilibili.com/video/BV19e411s7yT,火星，我们来了！中国首次火星探测任务命名“天问一号”,1
3225,3229,_荒野白嫖客_,0,我去是早8点吗？我还以为是晚8点没看直播[大哭][大哭],2020/7/23,https://www.bilibili.com/video/BV1Fk4y1m77L?p=1,目标火星！天问一号探测器在中国文昌航天发射场发射升空,0
1072,1075,Aya大人,2,一名不知名的火星人路过并你点了个赞,2020/4/24,https://www.bilibili.com/video/BV19e411s7yT,火星，我们来了！中国首次火星探测任务命名“天问一号”,1
4815,4819,保留的秘密,1,飞几年啊,2021/5/15,https://www.bilibili.com/video/BV1D64y1C7qU,火星你好！2分钟回顾天问一号“奔火”全过程,0
8778,8782,喵小怪V,8,[惊喜]我去玩会太阳帝国,2020/7/23,https://www.bilibili.com/video/BV1va4y1a7hp?from=search&seid=15075552549875695762,海南民众海边观看天问一号发射升空：连连惊叹 高喊“胖五加油”,0
5752,5756,河大黑O,0,太激动了[打call]，恭喜恭喜！,2021/5/15,https://www.bilibili.com/video/BV1ev41157uU,火星上首次留下中国印迹！动画模拟天问一号着陆过程,1
9494,9498,YL79,0,看看我们的科研人员都是一群小年轻，真是大有希望,2021/5/15,https://www.bilibili.com/video/BV1QN411o7rR?from=search&seid=6566064178961068704,登陆火星为什么最难？看天问一号如何闯过着陆火星的“恐怖9分钟”,0
4616,4620,十多个vsdzvb,0,这bgm真有意思,2021/5/15,https://www.bilibili.com/video/BV1D64y1C7qU,火星你好！2分钟回顾天问一号“奔火”全过程,0
3097,3101,AZ徐彳亍丶,2,我的心是天问一号！,2020/7/23,https://www.bilibili.com/video/BV1Fk4y1m77L?p=1,目标火星！天问一号探测器在中国文昌航天发射场发射升空,1
6869,6873,马铃薯勇者,0,[支持],2021/5/15,https://www.bilibili.com/video/BV1R64y127qf,【火星中国时刻】天问一号：成功着陆，感觉良好！,1
1300,1304,语言学概论2019版,0,我比较好奇这个标识是谁的作品？[思考][思考],2020/4/24,https://www.bilibili.com/video/BV19e411s7yT,火星，我们来了！中国首次火星探测任务命名“天问一号”,0
7285,7289,温柔的火焰GA,0,[支持],2021/5/15,https://www.bilibili.com/video/BV1R64y127qf,【火星中国时刻】天问一号：成功着陆，感觉良好！,0
6284,6288,夏薰听蝉,1,芜湖热乎,2021/5/15,https://www.bilibili.com/video/BV1R64y127qf,【火星中国时刻】天问一号：成功着陆，感觉良好！,1
5495,5499,BF-T800,0,强[支持],2021/5/15,https://www.bilibili.com/video/BV1ev41157uU,火星上首次留下中国印迹！动画模拟天问一号着陆过程,1
5291,5295,玩个毛线啊,0,居然这么亮，空空荡荡的跟月球差不多。,2021/2/12,https://www.bilibili.com/video/BV1rA411T7pN,震撼！“天问一号”探测器火星捕获过程影像发布,0
1798,1802,Shielder-卡Q,0,见证历史,2020/4/24,https://www.bilibili.com/video/BV19e411s7yT,火星，我们来了！中国首次火星探测任务命名“天问一号”,1
5203,5207,一颗糖的早晨,148,我还是想问一句，啥时候能知道可不可以种菜[妙啊],2021/5/24,https://www.bilibili.com/video/BV1qo4y1m7GT,【面对面】天问一号自带“黑匣子” ？专为着陆失败做准备,0
8227,8231,土星的带鱼,133,这星辰大海如您所愿！！！,2021/5/15,https://www.bilibili.com/video/BV1Qf4y1a7Lb,泪目！天问一号成功落火，航天人热泪盈眶紧紧相拥！,1
5047,5051,大唐明月北冥雪,0,ohhhhhhhhhhhh,2021/5/15,https://www.bilibili.com/video/BV1D64y1C7qU,火星你好！2分钟回顾天问一号“奔火”全过程,0
6441,6445,天神在上星河溺我,0,火星文入门去哪里学[doge],2021/5/15,https://www.bilibili.com/video/BV1R64y127qf,【火星中国时刻】天问一号：成功着陆，感觉良好！,0
8105,8109,kinsin1,0,致敬！辛苦啦，再接再厉！,2021/5/16,https://www.bilibili.com/video/BV1Qf4y1a7Lb,泪目！天问一号成功落火，航天人热泪盈眶紧紧相拥！,1
2359,2363,Leon夜幕,0,上去采样后怎么回来？好牛皮，中国加油,2020/7/23,https://www.bilibili.com/video/BV1df4y1R7GB,“天问一号”发射后200多天才能到达，三维带你提前登陆火星,0
9736,9740,闲时一点,0,牛皮,2021/5/15,https://www.bilibili.com/video/BV1bU4y1t7Nm?from=search&seid=6566064178961068704,如约而至！我国首次火星探测任务着陆火星圆满成功,1
3654,3658,带盐银,2,一飞冲天，到火星各地，新的任务，新的挑战……[doge][doge][doge][doge][doge],2020/7/23,https://www.bilibili.com/video/BV1Fk4y1m77L?p=1,目标火星！天问一号探测器在中国文昌航天发射场发射升空,1
7052,7056,木子里心,0,[热词系列_芜湖起飞],2021/5/15,https://www.bilibili.com/video/BV1R64y127qf,【火星中国时刻】天问一号：成功着陆，感觉良好！,1
1286,1290,FTQVQ,0,BGM是《Victory》,2020/4/24,https://www.bilibili.com/video/BV19e411s7yT,火星，我们来了！中国首次火星探测任务命名“天问一号”,0
10217,10221,do子玉,0,这也是在向我们的祖先致敬！因为，那是我们的信仰！,2021/2/3,https://www.bilibili.com/video/BV1q5411J73D?from=search&seid=6566064178961068704,我们决定去火星的日子，比你想象得更早,0
4445,4449,壳壳殿下,1,手机都在震。[OK],2020/7/23,https://www.bilibili.com/video/BV1Sp4y1i7PR,全程回顾 | 天问一号！中国行星探测第一步,0
2137,2141,大象先生的不二小姐,0,穿越星河去拥抱你，莫名好感动[大哭],2021/2/2,https://www.bilibili.com/video/BV1df4y1R7GB,“天问一号”发射后200多天才能到达，三维带你提前登陆火星,1
6787,6791,云阁素材,0,啥时候直播呢,2021/5/15,https://www.bilibili.com/video/BV1R64y127qf,【火星中国时刻】天问一号：成功着陆，感觉良好！,1
10121,10125,风萧萧兮若兮,1,计划怕不是五十年前就开始研究了[doge]我们的什么成就都是在完成计划的，而计划是一百二十年前一百年前八十年前就开始研究计划的，一代代人一面探索实现前人的计划一面继续研究制定百年之后的计划[2021],2021/2/7,https://www.bilibili.com/video/BV1q5411J73D?from=search&seid=6566064178961068704,我们决定去火星的日子，比你想象得更早,0
8834,8838,巅峰上单,2576,诶唷，卧槽，这火箭，卧槽,2020/7/23,https://www.bilibili.com/video/BV1va4y1a7hp?from=search&seid=15075552549875695762,海南民众海边观看天问一号发射升空：连连惊叹 高喊“胖五加油”,0
9311,9315,chen丶xi,0,我们的目标是星辰大海！,2020/7/17,https://www.bilibili.com/video/BV1za4y1a7UT,“天问一号”即将发射，高清实拍+模拟动画带你提前登陆火星！,1
6894,6898,就要减肥的小胖子,0,这个标题，鲜花舍开始皮起来了,2021/5/15,https://www.bilibili.com/video/BV1R64y127qf,【火星中国时刻】天问一号：成功着陆，感觉良好！,1
8898,8902,GW536464646,1,加油啊！,2020/7/23,https://www.bilibili.com/video/BV1za4y1a7UT,“天问一号”即将发射，高清实拍+模拟动画带你提前登陆火星！,1
8564,8568,monsterfish299,0,高科技窜天猴,2020/7/24,https://www.bilibili.com/video/BV1va4y1a7hp?from=search&seid=15075552549875695762,海南民众海边观看天问一号发射升空：连连惊叹 高喊“胖五加油”,0
7151,7155,舞蝶翩飞,1,你已经长大了，需要自己“悬停避障”了[吃瓜][doge],2021/5/15,https://www.bilibili.com/video/BV1R64y127qf,【火星中国时刻】天问一号：成功着陆，感觉良好！,1
963,966,uni_wuwa,0,揽星九天也太好听了吧！！！,2020/4/24,https://www.bilibili.com/video/BV19e411s7yT,火星，我们来了！中国首次火星探测任务命名“天问一号”,0
6012,6016,bili_5406492448,0,牛逼,2021/5/15,https://www.bilibili.com/video/BV1R64y127qf,【火星中国时刻】天问一号：成功着陆，感觉良好！,1
4882,4886,月-下-三-兄-贵,0,我们生活在大地上，但我们的梦想超越天空[打call][打call][打call],2021/5/15,https://www.bilibili.com/video/BV1D64y1C7qU,火星你好！2分钟回顾天问一号“奔火”全过程,0
140,143,优昙华梦,0,找外星人了??,2020/7/23,https://www.bilibili.com/video/BV19e411s7yT,火星，我们来了！中国首次火星探测任务命名“天问一号”,0
9378,9382,龘龗う,0,怎么还有人问这谁拍的？？？这动画看不出来吗？[呆][呆],2021/5/16,https://www.bilibili.com/video/BV1QN411o7rR?from=search&seid=6566064178961068704,登陆火星为什么最难？看天问一号如何闯过着陆火星的“恐怖9分钟”,0
6936,6940,杨翼萌我爱你,1,感谢大家满意我拍的视频，闭气功练的不到家，就憋了一个小时,2021/5/15,https://www.bilibili.com/video/BV1R64y127qf,【火星中国时刻】天问一号：成功着陆，感觉良好！,0
6542,6546,月之逐风者,0,记得别开恶化规程[doge],2021/5/15,https://www.bilibili.com/video/BV1R64y127qf,【火星中国时刻】天问一号：成功着陆，感觉良好！,0
5243,5247,抽刀断笔之像由心生,0,配上国产音乐就好了,2021/2/12,https://www.bilibili.com/video/BV1rA411T7pN,震撼！“天问一号”探测器火星捕获过程影像发布,0
4431,4435,LYK____,1,天问必胜！[打call][打call][打call][打call],2020/7/23,https://www.bilibili.com/video/BV1Sp4y1i7PR,全程回顾 | 天问一号！中国行星探测第一步,1
406,409,paganinirock,0,当时一看到新闻，眼泪马上出来了。中国加油啊！,2020/5/2,https://www.bilibili.com/video/BV19e411s7yT,火星，我们来了！中国首次火星探测任务命名“天问一号”,1
8212,8216,酒心泡沫,4143,仔细看背后，总师的床就在办公室[热词系列_泪目],2021/5/15,https://www.bilibili.com/video/BV1Qf4y1a7Lb,泪目！天问一号成功落火，航天人热泪盈眶紧紧相拥！,1
8694,8698,晶日户口本一张纸,0,发射成功达成科技胜利！,2020/7/23,https://www.bilibili.com/video/BV1va4y1a7hp?from=search&seid=15075552549875695762,海南民众海边观看天问一号发射升空：连连惊叹 高喊“胖五加油”,0
8957,8961,路大帅,0,用我们90后的话说，这叫“狂拽炫酷吊炸天”[胜利],2020/7/21,https://www.bilibili.com/video/BV1za4y1a7UT,“天问一号”即将发射，高清实拍+模拟动画带你提前登陆火星！,1
8234,8238,孟祥贺sunshine,1,前排抢到了,2021/5/15,https://www.bilibili.com/video/BV1Qf4y1a7Lb,泪目！天问一号成功落火，航天人热泪盈眶紧紧相拥！,0
4399,4403,吃便当的沙皇战车,0,火星有海哦,2020/7/23,https://www.bilibili.com/video/BV1Sp4y1i7PR,全程回顾 | 天问一号！中国行星探测第一步,0
5252,5256,mikumikuzhang,0,能把BGM去掉吗？[囧],2021/2/12,https://www.bilibili.com/video/BV1rA411T7pN,震撼！“天问一号”探测器火星捕获过程影像发布,0
11,11,三工鸟鸣,1,好名字！,2021/2/3,https://www.bilibili.com/video/BV19e411s7yT,火星，我们来了！中国首次火星探测任务命名“天问一号”,1
4760,4764,岑方,0,共工号出动[doge],2021/5/15,https://www.bilibili.com/video/BV1D64y1C7qU,火星你好！2分钟回顾天问一号“奔火”全过程,0
1177,1181,青鹜yu,0,哇！！！！！,2020/4/24,https://www.bilibili.com/video/BV19e411s7yT,火星，我们来了！中国首次火星探测任务命名“天问一号”,0
2863,2867,n小李子,1,火星人你好啊！,2020/7/23,https://www.bilibili.com/video/BV1Fk4y1m77L?p=1,目标火星！天问一号探测器在中国文昌航天发射场发射升空,0
6471,6475,久笙笙_,0,视频里的画面是真实的还是模拟的哇,2021/5/15,https://www.bilibili.com/video/BV1R64y127qf,【火星中国时刻】天问一号：成功着陆，感觉良好！,0
6228,6232,城羚,0,这视频才有高级感啊,2021/5/15,https://www.bilibili.com/video/BV1R64y127qf,【火星中国时刻】天问一号：成功着陆，感觉良好！,0
2989,2993,一颗星星崽仔,0,????,2020/7/23,https://www.bilibili.com/video/BV1Fk4y1m77L?p=1,目标火星！天问一号探测器在中国文昌航天发射场发射升空,0
7117,7121,区区人生,0,星辰大海第一步，中国加油,2021/5/15,https://www.bilibili.com/video/BV1R64y127qf,【火星中国时刻】天问一号：成功着陆，感觉良好！,1
7010,7014,王柯南,1,[热词系列_排面],2021/5/15,https://www.bilibili.com/video/BV1R64y127qf,【火星中国时刻】天问一号：成功着陆，感觉良好！,0
8884,8888,李白号青莲居士,0,火星自古以来就是中国不可分割的……邻居，抱歉走错了[doge],2020/7/23,https://www.bilibili.com/video/BV1za4y1a7UT,“天问一号”即将发射，高清实拍+模拟动画带你提前登陆火星！,0
1440,1444,arms27,0,中国在宇宙探测到另一个太阳行星，在太阳附近有一个蓝色星球可以居住那里的人还在处于原始状态,2020/4/24,https://www.bilibili.com/video/BV19e411s7yT,火星，我们来了！中国首次火星探测任务命名“天问一号”,1
10116,10120,快乐鸡肉卷,0,探日的卫星叫夸父吧，求求了[打call],2021/2/7,https://www.bilibili.com/video/BV1q5411J73D?from=search&seid=6566064178961068704,我们决定去火星的日子，比你想象得更早,1
2875,2879,Mars-かせい,0,种土豆[doge],2020/7/23,https://www.bilibili.com/video/BV1Fk4y1m77L?p=1,目标火星！天问一号探测器在中国文昌航天发射场发射升空,0
9445,9449,李邢本人,0,种点儿草莓樱桃，夏天过去吃,2021/5/15,https://www.bilibili.com/video/BV1QN411o7rR?from=search&seid=6566064178961068704,登陆火星为什么最难？看天问一号如何闯过着陆火星的“恐怖9分钟”,1
9125,9129,live_bilibili,1,神兵小将？,2020/7/18,https://www.bilibili.com/video/BV1za4y1a7UT,“天问一号”即将发射，高清实拍+模拟动画带你提前登陆火星！,0
7232,7236,死与新生,0,我怎么感觉好像是古文字,2021/5/15,https://www.bilibili.com/video/BV1R64y127qf,【火星中国时刻】天问一号：成功着陆，感觉良好！,1
3726,3730,沧浪P,1,中国航天加油[奋斗],2020/7/23,https://www.bilibili.com/video/BV1Fk4y1m77L?p=1,目标火星！天问一号探测器在中国文昌航天发射场发射升空,1
2772,2776,我本知秋3,0,手机都振的不行,2020/7/23,https://www.bilibili.com/video/BV1Fk4y1m77L?p=1,目标火星！天问一号探测器在中国文昌航天发射场发射升空,0
454,457,猛兽之瞳,0,和火星关联不大，不如嫦娥啊。。,2020/4/28,https://www.bilibili.com/video/BV19e411s7yT,火星，我们来了！中国首次火星探测任务命名“天问一号”,-1
8189,8193,穆子晴,6,哈哈哈哈，叉腰仰天长笑中,2021/5/15,https://www.bilibili.com/video/BV1Qf4y1a7Lb,泪目！天问一号成功落火，航天人热泪盈眶紧紧相拥！,1
1367,1371,Mg42射手,0,为啥不继续用萤火啊？萤火二号也不错啊,2020/4/24,https://www.bilibili.com/video/BV19e411s7yT,火星，我们来了！中国首次火星探测任务命名“天问一号”,-1
3712,3716,NeMo-1,0,天问V5,2020/7/23,https://www.bilibili.com/video/BV1Fk4y1m77L?p=1,目标火星！天问一号探测器在中国文昌航天发射场发射升空,1
10225,10229,Merakilla,0,看到结尾要探日的我：[惊讶][惊讶][惊讶][惊讶][惊讶][惊讶],2021/2/3,https://www.bilibili.com/video/BV1q5411J73D?from=search&seid=6566064178961068704,我们决定去火星的日子，比你想象得更早,1
1388,1392,大嘴巴羊羊,1,觉得我们汉字就是这么有魅力，取一个名字都取得这么好听[热词系列_爱了爱了],2020/4/24,https://www.bilibili.com/video/BV19e411s7yT,火星，我们来了！中国首次火星探测任务命名“天问一号”,1
1000,1003,1WOW,1,加油！今年到明年会一直关注！真的很不容易，我们的第一次失败了，这一次我们要成功才行，但难度压力也很大啊，毕竟是一次性绕巡落，如若成功，创造历史，如若不成，也请大家不要给航天人太大压力。,2020/4/24,https://www.bilibili.com/video/BV19e411s7yT,火星，我们来了！中国首次火星探测任务命名“天问一号”,1
7761,7765,怀之,0,那白色的条条是啥呀,2021/3/4,https://www.bilibili.com/video/BV1sK4y1J7tU,天问一号：高清火星影像震撼发布,0
3553,3557,宇恒格尔斯,0,火星明年二月见,2020/7/23,https://www.bilibili.com/video/BV1Fk4y1m77L?p=1,目标火星！天问一号探测器在中国文昌航天发射场发射升空,0
4114,4118,一生就靠浪嘞个浪,0,中国航天加油！,2021/6/27,https://www.bilibili.com/video/BV1uy4y1M7dB,骄傲！天问一号系列实拍影像发布,1
1667,1671,达克尼斯最棒了,0,祖国强大！,2020/4/24,https://www.bilibili.com/video/BV19e411s7yT,火星，我们来了！中国首次火星探测任务命名“天问一号”,1
3173,3177,此名字没法显示,1,我们的征程是星辰大海！[微笑][微笑][打call][打call],2020/7/23,https://www.bilibili.com/video/BV1Fk4y1m77L?p=1,目标火星！天问一号探测器在中国文昌航天发射场发射升空,1
9753,9757,金一碗,1,太牛啦！！！！！！！！！！！,2021/5/15,https://www.bilibili.com/video/BV1bU4y1t7Nm?from=search&seid=6566064178961068704,如约而至！我国首次火星探测任务着陆火星圆满成功,0
488,491,美团骑手海军,0,能不能在我还或者的时候能去到火星看一眼,2020/4/26,https://www.bilibili.com/video/BV19e411s7yT,火星，我们来了！中国首次火星探测任务命名“天问一号”,0
3230,3234,灰猫就是灰猫,0,冲鸭！！！！！,2020/7/23,https://www.bilibili.com/video/BV1Fk4y1m77L?p=1,目标火星！天问一号探测器在中国文昌航天发射场发射升空,1
3828,3832,月重南楼,0,战忽局表示工作越来越难开展了,2021/6/28,https://www.bilibili.com/video/BV1uy4y1M7dB,骄傲！天问一号系列实拍影像发布,0
8982,8986,夏天薇安,0,我们的征途是星辰大海,2020/7/20,https://www.bilibili.com/video/BV1za4y1a7UT,“天问一号”即将发射，高清实拍+模拟动画带你提前登陆火星！,1
5208,5212,Await丶You,0,吓死我了，第一眼看到这段话以为登陆失败了,2021/5/24,https://www.bilibili.com/video/BV1qo4y1m7GT,【面对面】天问一号自带“黑匣子” ？专为着陆失败做准备,1
7848,7852,虾鸭梨蒜鸡藕,0,胡萝卜：只瞧不起俺咋地？,2021/3/4,https://www.bilibili.com/video/BV1sK4y1J7tU,天问一号：高清火星影像震撼发布,0
5704,5708,从未中奖233,0,所以什么时候传照片回来？,2021/5/15,https://www.bilibili.com/video/BV1ev41157uU,火星上首次留下中国印迹！动画模拟天问一号着陆过程,0
10008,10012,斯莱特林李小白,5,成功着陆！——2021.5.15,2021/5/15,https://www.bilibili.com/video/BV1q5411J73D?from=search&seid=6566064178961068704,我们决定去火星的日子，比你想象得更早,1
8133,8137,信言不美_美言不信,16,辛苦那么多年，终于梦想成真，一切努力没有白费，当然感动落泪。,2021/5/15,https://www.bilibili.com/video/BV1Qf4y1a7Lb,泪目！天问一号成功落火，航天人热泪盈眶紧紧相拥！,1
703,706,肖梓杰2018,1,问天一号[doge],2020/4/24,https://www.bilibili.com/video/BV19e411s7yT,火星，我们来了！中国首次火星探测任务命名“天问一号”,1
5105,5109,亿岁岁yss,2,我太喜欢这位采访的主持人了，问的有水平，也认真听嘉宾说话内容[热词系列_吹爆],2021/6/6,https://www.bilibili.com/video/BV1qo4y1m7GT,【面对面】天问一号自带“黑匣子” ？专为着陆失败做准备,1
9234,9238,雪原勇者35,0,这个火箭推力是多少？,2020/7/17,https://www.bilibili.com/video/BV1za4y1a7UT,“天问一号”即将发射，高清实拍+模拟动画带你提前登陆火星！,0
3291,3295,WhatIf-,0,飞,2020/7/23,https://www.bilibili.com/video/BV1Fk4y1m77L?p=1,目标火星！天问一号探测器在中国文昌航天发射场发射升空,1
8125,8129,馆哥,0,nb！！！,2021/5/15,https://www.bilibili.com/video/BV1Qf4y1a7Lb,泪目！天问一号成功落火，航天人热泪盈眶紧紧相拥！,1
9999,10003,BL又当又立,3,火星你好。别的也快了,2021/5/15,https://www.bilibili.com/video/BV1q5411J73D?from=search&seid=6566064178961068704,我们决定去火星的日子，比你想象得更早,0
9367,9371,寻梦,0,设计上有没有考虑，万一落地翻车了，能通过操作翻转回来吗？,2021/5/16,https://www.bilibili.com/video/BV1QN411o7rR?from=search&seid=6566064178961068704,登陆火星为什么最难？看天问一号如何闯过着陆火星的“恐怖9分钟”,0
4909,4913,bili_27152390082,9,有些人可以回家了[滑稽],2021/5/15,https://www.bilibili.com/video/BV1D64y1C7qU,火星你好！2分钟回顾天问一号“奔火”全过程,0
4440,4444,Bayern_K,0,直播呢？？？,2020/7/23,https://www.bilibili.com/video/BV1Sp4y1i7PR,全程回顾 | 天问一号！中国行星探测第一步,0
986,989,学废了A,0,我们的目标是：让人类登日第一人、人类登日返地第一人、人类登日返地又登日第一人、川·人类之光·太阳之子·普老师达成人类登日返地再登日又返地再登日第一人。[doge][热词系列_爱了爱了],2020/4/24,https://www.bilibili.com/video/BV19e411s7yT,火星，我们来了！中国首次火星探测任务命名“天问一号”,1
9589,9593,yu海棠,0,火星乌托邦，我们来啦[打call][打call][打call],2021/5/15,https://www.bilibili.com/video/BV1bU4y1t7Nm?from=search&seid=6566064178961068704,如约而至！我国首次火星探测任务着陆火星圆满成功,1
9408,9412,原谅帽华南大区CEO,0,我要这币有何用？,2021/5/15,https://www.bilibili.com/video/BV1QN411o7rR?from=search&seid=6566064178961068704,登陆火星为什么最难？看天问一号如何闯过着陆火星的“恐怖9分钟”,0
7705,7709,如此则甚好,3,此时，一位靓仔……发来了靓照[吃瓜],2021/3/4,https://www.bilibili.com/video/BV1sK4y1J7tU,天问一号：高清火星影像震撼发布,0
6257,6261,非法字符5,1,祝福国家！祝福世界！[委屈][奋斗],2021/5/15,https://www.bilibili.com/video/BV1R64y127qf,【火星中国时刻】天问一号：成功着陆，感觉良好！,1
6089,6093,念桥上下,0,这个悬停稳定器就是反导系统的核心技术，好像叫PKMV,2021/5/15,https://www.bilibili.com/video/BV1R64y127qf,【火星中国时刻】天问一号：成功着陆，感觉良好！,0
5238,5242,张铁男95,0,来了老弟,2021/2/13,https://www.bilibili.com/video/BV1rA411T7pN,震撼！“天问一号”探测器火星捕获过程影像发布,0
1198,1202,天堂海-,0,中国文化，博大精深啊。,2020/4/24,https://www.bilibili.com/video/BV19e411s7yT,火星，我们来了！中国首次火星探测任务命名“天问一号”,1
9416,9420,圣黑斯廷斯,0,登陆太阳[tv_鬼脸],2021/5/15,https://www.bilibili.com/video/BV1QN411o7rR?from=search&seid=6566064178961068704,登陆火星为什么最难？看天问一号如何闯过着陆火星的“恐怖9分钟”,1
7519,7523,Taylor-aok,0,荧惑,2021/3/19,https://www.bilibili.com/video/BV1sK4y1J7tU,天问一号：高清火星影像震撼发布,0
6812,6816,南京传媒学院,0,我们的征途是星辰大海！你好火星，我们来了！[加油][打call]#祝融##天问一号#,2021/5/15,https://www.bilibili.com/video/BV1R64y127qf,【火星中国时刻】天问一号：成功着陆，感觉良好！,1
8320,8324,躺死在小天的怀里,0,羡慕呀！现场一定很壮观[哦呼][哦呼],2020/7/26,https://www.bilibili.com/video/BV1va4y1a7hp?from=search&seid=15075552549875695762,海南民众海边观看天问一号发射升空：连连惊叹 高喊“胖五加油”,0
7175,7179,存够硬币去白嫖,0,[打call][打call][打call][打call][打call],2021/5/15,https://www.bilibili.com/video/BV1R64y127qf,【火星中国时刻】天问一号：成功着陆，感觉良好！,1
4470,4474,Sullivan217,0,漂亮,2020/7/23,https://www.bilibili.com/video/BV1Sp4y1i7PR,全程回顾 | 天问一号！中国行星探测第一步,1
891,894,JPL喷气推进实验室,0,士不可以不弘毅，任重而道远。仁以为己任，不亦重乎？死而后已，不亦远乎？,2020/4/24,https://www.bilibili.com/video/BV19e411s7yT,火星，我们来了！中国首次火星探测任务命名“天问一号”,0
1969,1973,Nickname丶灬,0,伟大的中华民族！！！,2020/4/24,https://www.bilibili.com/video/BV19e411s7yT,火星，我们来了！中国首次火星探测任务命名“天问一号”,1
5757,5761,uuu大大,0,太伟大了[给心心],2021/5/15,https://www.bilibili.com/video/BV1ev41157uU,火星上首次留下中国印迹！动画模拟天问一号着陆过程,1
6527,6531,宇宙中的暗物质,0,荧惑就是荧惑，永远的祝融#天文#,2021/5/15,https://www.bilibili.com/video/BV1R64y127qf,【火星中国时刻】天问一号：成功着陆，感觉良好！,0
6294,6298,火星土著居民,1,我家大门常打开，多派几个小天问过来,2021/5/15,https://www.bilibili.com/video/BV1R64y127qf,【火星中国时刻】天问一号：成功着陆，感觉良好！,0
7595,7599,第个世家,0,来自楚地的天问，来自楚地的领袖,2021/3/5,https://www.bilibili.com/video/BV1sK4y1J7tU,天问一号：高清火星影像震撼发布,0
3249,3253,EndlosefulJa,0,我们的征途是星辰大海,2020/7/23,https://www.bilibili.com/video/BV1Fk4y1m77L?p=1,目标火星！天问一号探测器在中国文昌航天发射场发射升空,1
6570,6574,罗辑的铁锹,0,到了！[打call],2021/5/15,https://www.bilibili.com/video/BV1R64y127qf,【火星中国时刻】天问一号：成功着陆，感觉良好！,1
6638,6642,法外狂飙张三,2,废话少说，投币代表我的态度[打call][打call][打call],2021/5/15,https://www.bilibili.com/video/BV1R64y127qf,【火星中国时刻】天问一号：成功着陆，感觉良好！,0
7351,7355,All灬Sora,0,喂，我到了，一切安好，叫大家放心[doge],2021/5/15,https://www.bilibili.com/video/BV1R64y127qf,【火星中国时刻】天问一号：成功着陆，感觉良好！,0
9522,9526,浮榮何足珍,0,科学家才是国家的明星,2021/5/15,https://www.bilibili.com/video/BV1QN411o7rR?from=search&seid=6566064178961068704,登陆火星为什么最难？看天问一号如何闯过着陆火星的“恐怖9分钟”,1
7473,7477,爱吃爱玩的老马,0,别嫌难听，3个up团队就出这么个破玩意儿？,2021/5/12,https://www.bilibili.com/video/BV1sK4y1J7tU,天问一号：高清火星影像震撼发布,0
9557,9561,六个硬币的昵称已占用,1,祝贺祝贺,2021/5/15,https://www.bilibili.com/video/BV1QN411o7rR?from=search&seid=6566064178961068704,登陆火星为什么最难？看天问一号如何闯过着陆火星的“恐怖9分钟”,1
9078,9082,刘大酷侠,0,有直播吗,2020/7/18,https://www.bilibili.com/video/BV1za4y1a7UT,“天问一号”即将发射，高清实拍+模拟动画带你提前登陆火星！,0
1239,1243,好无聊叭叭叭,0,感觉随便拿个古诗名都是量身打造的,2020/4/24,https://www.bilibili.com/video/BV19e411s7yT,火星，我们来了！中国首次火星探测任务命名“天问一号”,0
2289,2293,想掉10斤肉,0,有生之年去火星上看一看有希望了,2020/7/24,https://www.bilibili.com/video/BV1df4y1R7GB,“天问一号”发射后200多天才能到达，三维带你提前登陆火星,0
2740,2744,Kris_hukr,21,咕咕星排面[热词系列_梦幻联动],2020/7/23,https://www.bilibili.com/video/BV1df4y1R7GB,“天问一号”发射后200多天才能到达，三维带你提前登陆火星,0
8467,8471,海的那邊是,0,我数学老师在现,2020/7/24,https://www.bilibili.com/video/BV1va4y1a7hp?from=search&seid=15075552549875695762,海南民众海边观看天问一号发射升空：连连惊叹 高喊“胖五加油”,0
4585,4589,老少边穷,0,期待传回影像,2021/5/15,https://www.bilibili.com/video/BV1D64y1C7qU,火星你好！2分钟回顾天问一号“奔火”全过程,0
1229,1233,战术人型AK-12,0,其实我以前想过可能会被命名成祝融来的,2020/4/24,https://www.bilibili.com/video/BV19e411s7yT,火星，我们来了！中国首次火星探测任务命名“天问一号”,0
6980,6984,幻惑,0,啥时候整个无人机上去飞一下？,2021/5/15,https://www.bilibili.com/video/BV1R64y127qf,【火星中国时刻】天问一号：成功着陆，感觉良好！,1
5178,5182,平成宅叔,1,还留了一手,2021/5/24,https://www.bilibili.com/video/BV1qo4y1m7GT,【面对面】天问一号自带“黑匣子” ？专为着陆失败做准备,0
4293,4297,在尽头相遇,5,火星：感谢地球老铁送的一发火箭，6666[妙啊],2020/7/23,https://www.bilibili.com/video/BV1Sp4y1i7PR,全程回顾 | 天问一号！中国行星探测第一步,0
1058,1061,努力奋斗小阿洁,2,中国加油！祝一切顺利！,2020/4/24,https://www.bilibili.com/video/BV19e411s7yT,火星，我们来了！中国首次火星探测任务命名“天问一号”,1
6262,6266,醉美kiss,0,我要在这可喜可贺的日子里，留下我的脚印。祝贺我们的祝融成功登陆火星，太帅了，太棒了。??????-20210515,2021/5/15,https://www.bilibili.com/video/BV1R64y127qf,【火星中国时刻】天问一号：成功着陆，感觉良好！,1
281,284,骞尊魔王,0,向太阳系扩张,2020/7/17,https://www.bilibili.com/video/BV19e411s7yT,火星，我们来了！中国首次火星探测任务命名“天问一号”,1
968,971,唉嘿是什么意思啊,0,中华人民共和国火星星系,2020/4/24,https://www.bilibili.com/video/BV19e411s7yT,火星，我们来了！中国首次火星探测任务命名“天问一号”,1
3953,3957,润唇糕,0,我头杵进沙子里了，谁能帮忙拔一下[大哭],2021/6/27,https://www.bilibili.com/video/BV1uy4y1M7dB,骄傲！天问一号系列实拍影像发布,0
1939,1943,zzzz丶LV,1,要开始接触火星人了吗[doge],2020/4/24,https://www.bilibili.com/video/BV19e411s7yT,火星，我们来了！中国首次火星探测任务命名“天问一号”,0
8784,8788,田所浩二24岁是学生,10,时代得分+5[doge],2020/7/23,https://www.bilibili.com/video/BV1va4y1a7hp?from=search&seid=15075552549875695762,海南民众海边观看天问一号发射升空：连连惊叹 高喊“胖五加油”,0
1274,1278,GEM灰灰,0,我们的征途是星辰大海！,2020/4/24,https://www.bilibili.com/video/BV19e411s7yT,火星，我们来了！中国首次火星探测任务命名“天问一号”,1
619,622,亦中子,0,加油！,2020/4/25,https://www.bilibili.com/video/BV19e411s7yT,火星，我们来了！中国首次火星探测任务命名“天问一号”,1
8827,8831,永远抓不住的夏天,166,大威天龙！[doge],2020/7/23,https://www.bilibili.com/video/BV1va4y1a7hp?from=search&seid=15075552549875695762,海南民众海边观看天问一号发射升空：连连惊叹 高喊“胖五加油”,0
1742,1746,伴生の茳楓,1,刚刚第一眼出现完形崩溃，看着这个“问”，硬是愣了半天反应过来[无语],2020/4/24,https://www.bilibili.com/video/BV19e411s7yT,火星，我们来了！中国首次火星探测任务命名“天问一号”,0
1390,1394,米耀催婚协会,0,中国要成为世界第二个探测火星的国家？如果真的是，哇[偷笑],2020/4/24,https://www.bilibili.com/video/BV19e411s7yT,火星，我们来了！中国首次火星探测任务命名“天问一号”,1
2203,2207,书辰sakura,1,就叫赤兔号多好听,2020/7/25,https://www.bilibili.com/video/BV1df4y1R7GB,“天问一号”发射后200多天才能到达，三维带你提前登陆火星,-1
3568,3572,吃shi的黑哲,0,??,2020/7/23,https://www.bilibili.com/video/BV1Fk4y1m77L?p=1,目标火星！天问一号探测器在中国文昌航天发射场发射升空,0
6116,6120,薛定谔的怪盗k,0,万岁！,2021/5/15,https://www.bilibili.com/video/BV1R64y127qf,【火星中国时刻】天问一号：成功着陆，感觉良好！,1
10349,10353,多彩人生灬地不熟,73,火星可以种菜吗？[W-哈哈],2021/2/2,https://www.bilibili.com/video/BV1q5411J73D?from=search&seid=6566064178961068704,我们决定去火星的日子，比你想象得更早,1
6052,6056,名字没想好iii,0,高三生，今天语文课上也是老师放了这几段视频给我们看，看的时候全班热血沸腾，看完后掌声响起，真的，那样的感觉，让人热泪盈眶[热词系列_吹爆][热词系列_吹爆],2021/5/15,https://www.bilibili.com/video/BV1R64y127qf,【火星中国时刻】天问一号：成功着陆，感觉良好！,0
3178,3182,楼主踢你出去,1,此时此刻建国同志长舒了一口气靠在白宫办公座椅上泪流满面，内心默默问一句我做得对吗祖国母亲[呲牙][呲牙][呲牙],2020/7/23,https://www.bilibili.com/video/BV1Fk4y1m77L?p=1,目标火星！天问一号探测器在中国文昌航天发射场发射升空,1
3192,3196,轩癹,1,长五加油！天问加油！催更长九[doge],2020/7/23,https://www.bilibili.com/video/BV1Fk4y1m77L?p=1,目标火星！天问一号探测器在中国文昌航天发射场发射升空,1
6099,6103,平身不见陈近南,2,火星人我来啦,2021/5/15,https://www.bilibili.com/video/BV1R64y127qf,【火星中国时刻】天问一号：成功着陆，感觉良好！,1
7029,7033,莫得钱莫得自由,0,牛逼,2021/5/15,https://www.bilibili.com/video/BV1R64y127qf,【火星中国时刻】天问一号：成功着陆，感觉良好！,1
575,578,走二仙桥的男人,0,看你这么努力的做视频给你两个币[OK],2020/4/25,https://www.bilibili.com/video/BV19e411s7yT,火星，我们来了！中国首次火星探测任务命名“天问一号”,0
6656,6660,秋问,0,在百年以前，来自蓝星的兔子向火星发射了首枚探测器，按照联合国最新公约每颗着陆探测器周边一百万平方公里属于设备国所有，时至今日兔子不仅在火星完成了火星移民而且绿化了五分之二火星，兔子向联合国递交了主权确认书，自古以来直至今日[妙啊],2021/5/15,https://www.bilibili.com/video/BV1R64y127qf,【火星中国时刻】天问一号：成功着陆，感觉良好！,1
7115,7119,斌B仔,0,可以种土豆吗,2021/5/15,https://www.bilibili.com/video/BV1R64y127qf,【火星中国时刻】天问一号：成功着陆，感觉良好！,1
9140,9144,该-用-户-不-存-在,0,我怀疑中二院偷工减料，在1.11－1.16时直接把我爱发明片头给剪了上去[doge],2020/7/18,https://www.bilibili.com/video/BV1za4y1a7UT,“天问一号”即将发射，高清实拍+模拟动画带你提前登陆火星！,0
6276,6280,叫我航叔叔,0,好可爱的国旗，红的我热血澎湃,2021/5/15,https://www.bilibili.com/video/BV1R64y127qf,【火星中国时刻】天问一号：成功着陆，感觉良好！,1
9329,9333,月光漫步者G,0,年轻人科学家真多棒棒的,2021/6/11,https://www.bilibili.com/video/BV1QN411o7rR?from=search&seid=6566064178961068704,登陆火星为什么最难？看天问一号如何闯过着陆火星的“恐怖9分钟”,1
5897,5901,歌伴随行de好司机,0,什么时候能看到传回的图像或视频[星星眼],2021/5/16,https://www.bilibili.com/video/BV1R64y127qf,【火星中国时刻】天问一号：成功着陆，感觉良好！,0
5724,5728,七月型不笑猫,0,真TM帅啊！,2021/5/15,https://www.bilibili.com/video/BV1ev41157uU,火星上首次留下中国印迹！动画模拟天问一号着陆过程,1
269,272,懵逼的伊藤君,0,快了快了[doge],2020/7/17,https://www.bilibili.com/video/BV19e411s7yT,火星，我们来了！中国首次火星探测任务命名“天问一号”,0
629,632,多谢哔哩哥,1,人的泪点真的很奇怪，我为火星与天问哭得一塌糊涂[大哭]五千年的回响是中国人刻在骨血里的浪漫！,2020/4/25,https://www.bilibili.com/video/BV19e411s7yT,火星，我们来了！中国首次火星探测任务命名“天问一号”,1
3081,3085,俗人邓儿,0,以后发射，能不能整个空中视角，把大海，陆地，火箭都拍进去那种。[tv_坏笑],2020/7/23,https://www.bilibili.com/video/BV1Fk4y1m77L?p=1,目标火星！天问一号探测器在中国文昌航天发射场发射升空,0
3466,3470,巷陌泠,1,野直播好卡[酸了][酸了],2020/7/23,https://www.bilibili.com/video/BV1Fk4y1m77L?p=1,目标火星！天问一号探测器在中国文昌航天发射场发射升空,-1
6430,6434,叶尘剑道独尊,0,好[打call][打call][打call],2021/5/15,https://www.bilibili.com/video/BV1R64y127qf,【火星中国时刻】天问一号：成功着陆，感觉良好！,1
9667,9671,simonsmile,0,发点正版火星文回来！,2021/5/15,https://www.bilibili.com/video/BV1bU4y1t7Nm?from=search&seid=6566064178961068704,如约而至！我国首次火星探测任务着陆火星圆满成功,1
7062,7066,佚名9019,1,火星我们真的来了！这是中国航天的新起点，终有一天我们会有银河系舰队，恭喜[打call][打call][打call][打call][打call],2021/5/15,https://www.bilibili.com/video/BV1R64y127qf,【火星中国时刻】天问一号：成功着陆，感觉良好！,1
10096,10100,求喵,0,毛子真不靠谱,2021/2/10,https://www.bilibili.com/video/BV1q5411J73D?from=search&seid=6566064178961068704,我们决定去火星的日子，比你想象得更早,0
5543,5547,G7RILY,1,火星种菜，指日可待,2021/5/15,https://www.bilibili.com/video/BV1ev41157uU,火星上首次留下中国印迹！动画模拟天问一号着陆过程,0
4356,4360,TheDau道德,0,和休斯敦大使馆可能会有关系吗？,2020/7/23,https://www.bilibili.com/video/BV1Sp4y1i7PR,全程回顾 | 天问一号！中国行星探测第一步,0
2113,2117,alptop,4,搞定收工，我已下车，感觉良好,2021/5/15,https://www.bilibili.com/video/BV1df4y1R7GB,“天问一号”发射后200多天才能到达，三维带你提前登陆火星,0
8219,8223,尘九先生,9,多少的付出成就了这一刻啊！,2021/5/15,https://www.bilibili.com/video/BV1Qf4y1a7Lb,泪目！天问一号成功落火，航天人热泪盈眶紧紧相拥！,0
3216,3220,EA-18G,0,[打call],2020/7/23,https://www.bilibili.com/video/BV1Fk4y1m77L?p=1,目标火星！天问一号探测器在中国文昌航天发射场发射升空,1
3814,3818,Shibaです,1,[打call][打call][打call],2020/7/23,https://www.bilibili.com/video/BV1Fk4y1m77L?p=1,目标火星！天问一号探测器在中国文昌航天发射场发射升空,1
8321,8325,桃大爷01,0,在火星种田,2020/7/25,https://www.bilibili.com/video/BV1va4y1a7hp?from=search&seid=15075552549875695762,海南民众海边观看天问一号发射升空：连连惊叹 高喊“胖五加油”,0
8918,8922,谁共凭栏意,0,很科幻啊！,2020/7/22,https://www.bilibili.com/video/BV1za4y1a7UT,“天问一号”即将发射，高清实拍+模拟动画带你提前登陆火星！,0
2278,2282,Huge丶man,5,祝愿成功，中国????必胜！,2020/7/24,https://www.bilibili.com/video/BV1df4y1R7GB,“天问一号”发射后200多天才能到达，三维带你提前登陆火星,1
4599,4603,随便起个耶,0,为什么看到视频，我头皮发麻全身起鸡皮疙瘩，最后不自觉的就流泪了呢？[呲牙][呲牙],2021/5/15,https://www.bilibili.com/video/BV1D64y1C7qU,火星你好！2分钟回顾天问一号“奔火”全过程,1
13,13,桂圆莲子银耳粥,5,嫦娥回来了来看咱的天问靓仔[吃瓜],2021/1/3,https://www.bilibili.com/video/BV19e411s7yT,火星，我们来了！中国首次火星探测任务命名“天问一号”,1
9578,9582,陪唠嗑,0,种土豆去啦,2021/5/16,https://www.bilibili.com/video/BV1bU4y1t7Nm?from=search&seid=6566064178961068704,如约而至！我国首次火星探测任务着陆火星圆满成功,1
1525,1529,miss戴酱,0,高高的飞起来啊,2020/4/24,https://www.bilibili.com/video/BV19e411s7yT,火星，我们来了！中国首次火星探测任务命名“天问一号”,1
2365,2369,新兵煌,0,荧惑！荧惑！,2020/7/23,https://www.bilibili.com/video/BV1df4y1R7GB,“天问一号”发射后200多天才能到达，三维带你提前登陆火星,0
4648,4652,87697264923_bili,242,这……BGM就跟我小时候听卡带机电池乏电了一样[喜极而泣],2021/5/15,https://www.bilibili.com/video/BV1D64y1C7qU,火星你好！2分钟回顾天问一号“奔火”全过程,0
374,377,冬日香炉,0,荧惑之星，古之向往,2020/5/10,https://www.bilibili.com/video/BV19e411s7yT,火星，我们来了！中国首次火星探测任务命名“天问一号”,1
8845,8849,广寒宫要闻,0,五爷,2020/8/25,https://www.bilibili.com/video/BV1za4y1a7UT,“天问一号”即将发射，高清实拍+模拟动画带你提前登陆火星！,0
6477,6481,火伊布哒,0,为啥不飞到毅力号头上？给他来一肘子[doge],2021/5/15,https://www.bilibili.com/video/BV1R64y127qf,【火星中国时刻】天问一号：成功着陆，感觉良好！,0
525,528,木槿坊,0,我们赶上了自古以来的大事件[doge],2020/4/26,https://www.bilibili.com/video/BV19e411s7yT,火星，我们来了！中国首次火星探测任务命名“天问一号”,1
6895,6899,涼風十月,0,谢邀，人在火星，刚刚着陆[doge],2021/5/15,https://www.bilibili.com/video/BV1R64y127qf,【火星中国时刻】天问一号：成功着陆，感觉良好！,1
3591,3595,楠易真,0,飞飞飞[热词系列_吹爆],2020/7/23,https://www.bilibili.com/video/BV1Fk4y1m77L?p=1,目标火星！天问一号探测器在中国文昌航天发射场发射升空,1
7904,7908,老牛居,0,我们的足迹远到火星，但不能忘了自己从哪里来。大赞BGM,2021/3/4,https://www.bilibili.com/video/BV1sK4y1J7tU,天问一号：高清火星影像震撼发布,1
2958,2962,NegativeOffer,2,起飞～哎～飞,2020/7/23,https://www.bilibili.com/video/BV1Fk4y1m77L?p=1,目标火星！天问一号探测器在中国文昌航天发射场发射升空,1
529,532,梦在丝发间,0,星辰大海,2020/4/26,https://www.bilibili.com/video/BV19e411s7yT,火星，我们来了！中国首次火星探测任务命名“天问一号”,1
3714,3718,万事俱备只欠诸葛亮,1,好,2020/7/23,https://www.bilibili.com/video/BV1Fk4y1m77L?p=1,目标火星！天问一号探测器在中国文昌航天发射场发射升空,1
4732,4736,喵小吱,6,一个字“稳”,2021/5/15,https://www.bilibili.com/video/BV1D64y1C7qU,火星你好！2分钟回顾天问一号“奔火”全过程,1
1394,1398,大姐夫2,0,天文是哪家提名的啊？谁获奖？,2020/4/24,https://www.bilibili.com/video/BV19e411s7yT,火星，我们来了！中国首次火星探测任务命名“天问一号”,0
5631,5635,二次元的三五六奇点果,0,中国航天[打call],2021/5/15,https://www.bilibili.com/video/BV1ev41157uU,火星上首次留下中国印迹！动画模拟天问一号着陆过程,1
6563,6567,第一菜菜子,0,想看超长视频[打call][打call]当然能24小时直播走路就更好了[妙啊],2021/5/15,https://www.bilibili.com/video/BV1R64y127qf,【火星中国时刻】天问一号：成功着陆，感觉良好！,1
4703,4707,静池浩淼,0,短短的两分钟，凝聚的是几代人的努力和付出，致敬,2021/5/15,https://www.bilibili.com/video/BV1D64y1C7qU,火星你好！2分钟回顾天问一号“奔火”全过程,1
1712,1716,SAY斩风,0,人类的最终目标就是探索这个浩瀚无垠的星际宇宙!,2020/4/24,https://www.bilibili.com/video/BV19e411s7yT,火星，我们来了！中国首次火星探测任务命名“天问一号”,1
10125,10129,-负熵为食-,0,[微笑],2021/2/6,https://www.bilibili.com/video/BV1q5411J73D?from=search&seid=6566064178961068704,我们决定去火星的日子，比你想象得更早,0
955,958,鬼刀劫,0,火星救援[滑稽],2020/4/24,https://www.bilibili.com/video/BV19e411s7yT,火星，我们来了！中国首次火星探测任务命名“天问一号”,0
6675,6679,两百多斤的孩子,3,火星人：欢迎光～～～临！[doge],2021/5/15,https://www.bilibili.com/video/BV1R64y127qf,【火星中国时刻】天问一号：成功着陆，感觉良好！,0
3453,3457,快乐地肥宅,0,不是明天嘛？,2020/7/23,https://www.bilibili.com/video/BV1Fk4y1m77L?p=1,目标火星！天问一号探测器在中国文昌航天发射场发射升空,0
8595,8599,红发翩翩少年,0,不带几个青蛙过去殖民说不过去啊,2020/7/24,https://www.bilibili.com/video/BV1va4y1a7hp?from=search&seid=15075552549875695762,海南民众海边观看天问一号发射升空：连连惊叹 高喊“胖五加油”,0
2071,2075,bilign16802,12,名称应该是来自屈原的天问吧？,2020/4/24,https://www.bilibili.com/video/BV19e411s7yT,火星，我们来了！中国首次火星探测任务命名“天问一号”,1
10109,10113,百給丸,0,好耶[热词系列_知识增加],2021/2/9,https://www.bilibili.com/video/BV1q5411J73D?from=search&seid=6566064178961068704,我们决定去火星的日子，比你想象得更早,1
158,161,红糖茶C56,1,火星自古以来就是中国……地球旁边的邻居[蛆音娘_滑稽],2020/7/23,https://www.bilibili.com/video/BV19e411s7yT,火星，我们来了！中国首次火星探测任务命名“天问一号”,1
7005,7009,哇嘎嘎蹦擦擦,7,自动化探测反应机制悬停避障这也太厉害了吧[支持],2021/5/15,https://www.bilibili.com/video/BV1R64y127qf,【火星中国时刻】天问一号：成功着陆，感觉良好！,1
352,355,樱木紫莹,1,@揽星九天,2020/5/24,https://www.bilibili.com/video/BV19e411s7yT,火星，我们来了！中国首次火星探测任务命名“天问一号”,0
6078,6082,放下手机多看看世界,0,火星人：爸爸快看，飞碟，是飞碟,2021/5/15,https://www.bilibili.com/video/BV1R64y127qf,【火星中国时刻】天问一号：成功着陆，感觉良好！,0
6236,6240,长风呢,1,火星文，6666，90后编辑[呲牙],2021/5/15,https://www.bilibili.com/video/BV1R64y127qf,【火星中国时刻】天问一号：成功着陆，感觉良好！,0
2920,2924,霸道工头阿山,0,黑暗森林～噢～噢,2020/7/23,https://www.bilibili.com/video/BV1Fk4y1m77L?p=1,目标火星！天问一号探测器在中国文昌航天发射场发射升空,0
8503,8507,修改昵称花了6煤硬币,1,卧槽,2020/7/24,https://www.bilibili.com/video/BV1va4y1a7hp?from=search&seid=15075552549875695762,海南民众海边观看天问一号发射升空：连连惊叹 高喊“胖五加油”,0
4644,4648,夜独花,0,BGM都已经泣不成声了,2021/5/15,https://www.bilibili.com/video/BV1D64y1C7qU,火星你好！2分钟回顾天问一号“奔火”全过程,0
661,664,我觉得很6的,0,天问这个名字既优雅又大气！,2020/4/24,https://www.bilibili.com/video/BV19e411s7yT,火星，我们来了！中国首次火星探测任务命名“天问一号”,1
7057,7061,乙二醇,0,刚起床刷到个兴奋一天的好消息,2021/5/15,https://www.bilibili.com/video/BV1R64y127qf,【火星中国时刻】天问一号：成功着陆，感觉良好！,1
3665,3669,咆啸或弹幕,0,芜湖~起飞,2020/7/23,https://www.bilibili.com/video/BV1Fk4y1m77L?p=1,目标火星！天问一号探测器在中国文昌航天发射场发射升空,1
7979,7983,zeo5641,0,我们也做到了，追赶永无止境,2021/5/15,https://www.bilibili.com/video/BV1No4y1m7vS,第一视角模拟天问一号登陆火星（中国航天科技集团五院、八院联合制作）,1
306,309,吾妻洛天依和焰灵姬,0,已经7月份了,2020/7/8,https://www.bilibili.com/video/BV19e411s7yT,火星，我们来了！中国首次火星探测任务命名“天问一号”,0
4790,4794,小庚庚,0,恭喜天问一号成功登录，你好火星！,2021/5/15,https://www.bilibili.com/video/BV1D64y1C7qU,火星你好！2分钟回顾天问一号“奔火”全过程,1
2356,2360,无人深空X,0,“荧惑”我们来了！,2020/7/23,https://www.bilibili.com/video/BV1df4y1R7GB,“天问一号”发射后200多天才能到达，三维带你提前登陆火星,0
1927,1931,可爱兔飞飞的猫丞丞,0,天问？天问！,2020/4/24,https://www.bilibili.com/video/BV19e411s7yT,火星，我们来了！中国首次火星探测任务命名“天问一号”,1
10283,10287,l静学日本语,0,我要问火星能种什么？太阳能种什[滑稽][滑稽][滑稽]？,2021/2/3,https://www.bilibili.com/video/BV1q5411J73D?from=search&seid=6566064178961068704,我们决定去火星的日子，比你想象得更早,1
3427,3431,36249670430_bili,1,我来点个赞，祝祖国强盛,2020/7/23,https://www.bilibili.com/video/BV1Fk4y1m77L?p=1,目标火星！天问一号探测器在中国文昌航天发射场发射升空,1
3638,3642,熟练的吃瓜群众,0,中国航天加油[打call],2020/7/23,https://www.bilibili.com/video/BV1Fk4y1m77L?p=1,目标火星！天问一号探测器在中国文昌航天发射场发射升空,1
1266,1270,MarkMQX,1,轨道师傅，尝试切火星中路[doge],2020/4/24,https://www.bilibili.com/video/BV19e411s7yT,火星，我们来了！中国首次火星探测任务命名“天问一号”,1
1560,1564,Tupac_0323,0,火星人前来考古,2020/4/24,https://www.bilibili.com/video/BV19e411s7yT,火星，我们来了！中国首次火星探测任务命名“天问一号”,0
7179,7183,沃兹基夏汴德,0,老葬爱家族了[吃瓜],2021/5/15,https://www.bilibili.com/video/BV1R64y127qf,【火星中国时刻】天问一号：成功着陆，感觉良好！,-1
4109,4113,小熊135792468,0,这种东西都能抢到沙发的吗,2021/6/27,https://www.bilibili.com/video/BV1uy4y1M7dB,骄傲！天问一号系列实拍影像发布,0
7867,7871,青空蓝雨,0,不要紧张那坑是我踩的[doge],2021/3/4,https://www.bilibili.com/video/BV1sK4y1J7tU,天问一号：高清火星影像震撼发布,0
4904,4908,亡命狂徒大拐哥,0,[热词系列_热乎],2021/5/15,https://www.bilibili.com/video/BV1D64y1C7qU,火星你好！2分钟回顾天问一号“奔火”全过程,1
7294,7298,萧褚楠,0,中国冲冲冲,2021/5/15,https://www.bilibili.com/video/BV1R64y127qf,【火星中国时刻】天问一号：成功着陆，感觉良好！,1
514,517,孤山方舟,0,收藏了，等以后要考的时候再翻出来,2020/4/26,https://www.bilibili.com/video/BV19e411s7yT,火星，我们来了！中国首次火星探测任务命名“天问一号”,0
894,897,巷子深处恣意生长,0,天问一号，这名字太霸气了。火星我们来啦！,2020/4/24,https://www.bilibili.com/video/BV19e411s7yT,火星，我们来了！中国首次火星探测任务命名“天问一号”,1
8601,8605,Cooper1701,0,芜湖，起飞～～[大笑],2020/7/24,https://www.bilibili.com/video/BV1va4y1a7hp?from=search&seid=15075552549875695762,海南民众海边观看天问一号发射升空：连连惊叹 高喊“胖五加油”,0
21,21,123acceleration,0,人家印度早飞上去了[微笑],2020/8/28,https://www.bilibili.com/video/BV19e411s7yT,火星，我们来了！中国首次火星探测任务命名“天问一号”,0
899,902,扇扑流光,0,热泪盈眶[大哭],2020/4/24,https://www.bilibili.com/video/BV19e411s7yT,火星，我们来了！中国首次火星探测任务命名“天问一号”,1
207,210,亚硝酸苦,0,支持,2020/7/23,https://www.bilibili.com/video/BV19e411s7yT,火星，我们来了！中国首次火星探测任务命名“天问一号”,1
458,461,吃货一枚已鉴定完毕,0,[妙啊],2020/4/28,https://www.bilibili.com/video/BV19e411s7yT,火星，我们来了！中国首次火星探测任务命名“天问一号”,0
2430,2434,清坡门大官人,0,以后成功了。来考古。,2020/7/23,https://www.bilibili.com/video/BV1df4y1R7GB,“天问一号”发射后200多天才能到达，三维带你提前登陆火星,0
8442,8446,喧嚣尽头_,0,在现场，欢迎来看我的失焦版本[妙啊],2020/7/24,https://www.bilibili.com/video/BV1va4y1a7hp?from=search&seid=15075552549875695762,海南民众海边观看天问一号发射升空：连连惊叹 高喊“胖五加油”,0
3389,3393,C瓜菌消炎杀菌,0,[支持][支持][支持][支持][打call][打call][打call][打call],2020/7/23,https://www.bilibili.com/video/BV1Fk4y1m77L?p=1,目标火星！天问一号探测器在中国文昌航天发射场发射升空,1
3911,3915,倾诗丶,4,再不传点什么画面回来都快忘了这个靓仔[doge],2021/6/27,https://www.bilibili.com/video/BV1uy4y1M7dB,骄傲！天问一号系列实拍影像发布,0
5383,5387,在线捕捉秀儿,1,火星，我们来啦！,2021/2/12,https://www.bilibili.com/video/BV1rA411T7pN,震撼！“天问一号”探测器火星捕获过程影像发布,0
552,555,bili_78540513700,0,名字起的真好！,2020/4/25,https://www.bilibili.com/video/BV19e411s7yT,火星，我们来了！中国首次火星探测任务命名“天问一号”,1
3144,3148,老香茄,0,我们的目标是星辰大海！,2020/7/23,https://www.bilibili.com/video/BV1Fk4y1m77L?p=1,目标火星！天问一号探测器在中国文昌航天发射场发射升空,1
6917,6921,站起来_不准跪_,0,家里有敌人啊,2021/5/15,https://www.bilibili.com/video/BV1R64y127qf,【火星中国时刻】天问一号：成功着陆，感觉良好！,0
2056,2060,紫炫星云,0,66666,2020/4/24,https://www.bilibili.com/video/BV19e411s7yT,火星，我们来了！中国首次火星探测任务命名“天问一号”,1
1925,1929,天平座果果,0,羡慕这些起名小能手！,2020/4/24,https://www.bilibili.com/video/BV19e411s7yT,火星，我们来了！中国首次火星探测任务命名“天问一号”,1
634,637,顾影の自怜,0,“天问”名字好帅,2020/4/25,https://www.bilibili.com/video/BV19e411s7yT,火星，我们来了！中国首次火星探测任务命名“天问一号”,1
6082,6086,夜风雪空,0,两马赫弹伞，这么牛的吗[哦呼],2021/5/15,https://www.bilibili.com/video/BV1R64y127qf,【火星中国时刻】天问一号：成功着陆，感觉良好！,1
8508,8512,小曰可爱多,0,像不像秒五里面的场景[妙啊],2020/7/24,https://www.bilibili.com/video/BV1va4y1a7hp?from=search&seid=15075552549875695762,海南民众海边观看天问一号发射升空：连连惊叹 高喊“胖五加油”,0
9623,9627,穆木苏二,0,真的吗？我不信！除非你送我上去看看！,2021/5/15,https://www.bilibili.com/video/BV1bU4y1t7Nm?from=search&seid=6566064178961068704,如约而至！我国首次火星探测任务着陆火星圆满成功,0
10047,10051,没电来充一下,0,火星能种菜吗？种的火龙果是不是特好吃[洛天依_吃包群众],2021/2/24,https://www.bilibili.com/video/BV1q5411J73D?from=search&seid=6566064178961068704,我们决定去火星的日子，比你想象得更早,1
8619,8623,大西瓜瓜娃,0,实名羡慕！！,2020/7/24,https://www.bilibili.com/video/BV1va4y1a7hp?from=search&seid=15075552549875695762,海南民众海边观看天问一号发射升空：连连惊叹 高喊“胖五加油”,0
105,107,天蓝蓝啦,0,2020.7.23[doge][doge][doge],2020/7/23,https://www.bilibili.com/video/BV19e411s7yT,火星，我们来了！中国首次火星探测任务命名“天问一号”,0
3041,3045,别这样好吗我怕,0,谢谢各位的祝福，明天就可以见到我的族人了[doge],2020/7/23,https://www.bilibili.com/video/BV1Fk4y1m77L?p=1,目标火星！天问一号探测器在中国文昌航天发射场发射升空,0
1709,1713,ldhlqr,0,机械神教狂喜[妙啊],2020/4/24,https://www.bilibili.com/video/BV19e411s7yT,火星，我们来了！中国首次火星探测任务命名“天问一号”,-1
89,91,废虾别来烦我,1,我活了那么久才发现央视新闻在b站有注册,2020/7/23,https://www.bilibili.com/video/BV19e411s7yT,火星，我们来了！中国首次火星探测任务命名“天问一号”,0
7014,7018,o_O演龙O_o,0,快去月球，开局[脱单doge],2021/5/15,https://www.bilibili.com/video/BV1R64y127qf,【火星中国时刻】天问一号：成功着陆，感觉良好！,1
3174,3178,落凫山飞鱼,0,为什么没有官方直播？,2020/7/23,https://www.bilibili.com/video/BV1Fk4y1m77L?p=1,目标火星！天问一号探测器在中国文昌航天发射场发射升空,0
917,920,折纸大湿Official,0,那个……萤火一号才是首个火星探测任务吧[tv_黑人问号],2020/4/24,https://www.bilibili.com/video/BV19e411s7yT,火星，我们来了！中国首次火星探测任务命名“天问一号”,0
7833,7837,白衣乄墨染,0,火星。。。能种地吗[doge],2021/3/4,https://www.bilibili.com/video/BV1sK4y1J7tU,天问一号：高清火星影像震撼发布,1
6732,6736,当然是喵喵喵啦,0,[热词系列_好耶],2021/5/15,https://www.bilibili.com/video/BV1R64y127qf,【火星中国时刻】天问一号：成功着陆，感觉良好！,-1
1949,1953,风中竹舞,0,芜湖~起飞[tv_可爱],2020/4/24,https://www.bilibili.com/video/BV19e411s7yT,火星，我们来了！中国首次火星探测任务命名“天问一号”,1
6368,6372,Aragaki,0,祝融带菜种子了吗[吃瓜],2021/5/15,https://www.bilibili.com/video/BV1R64y127qf,【火星中国时刻】天问一号：成功着陆，感觉良好！,0
1,1,-请不要在意我的名字-,0,天问一号已经着落,2021/5/15,https://www.bilibili.com/video/BV19e411s7yT,火星，我们来了！中国首次火星探测任务命名“天问一号”,1
8032,8036,甜水面儿,0,如果有奇迹那必定是中国红！[嗑瓜子],2021/5/16,https://www.bilibili.com/video/BV1Qf4y1a7Lb,泪目！天问一号成功落火，航天人热泪盈眶紧紧相拥！,1
6047,6051,杏林岐黄,0,真·火星文,2021/5/15,https://www.bilibili.com/video/BV1R64y127qf,【火星中国时刻】天问一号：成功着陆，感觉良好！,0
2720,2724,SWhy12,0,祖传动画[doge],2020/7/23,https://www.bilibili.com/video/BV1df4y1R7GB,“天问一号”发射后200多天才能到达，三维带你提前登陆火星,0
8783,8787,武极帝君,0,好！！！！,2020/7/23,https://www.bilibili.com/video/BV1va4y1a7hp?from=search&seid=15075552549875695762,海南民众海边观看天问一号发射升空：连连惊叹 高喊“胖五加油”,0
10185,10189,圆溜溜的豆豆,1,俄罗斯真是垃圾,2021/2/3,https://www.bilibili.com/video/BV1q5411J73D?from=search&seid=6566064178961068704,我们决定去火星的日子，比你想象得更早,-1
3117,3121,永存之生命,0,飞向宇宙[打call][打call][打call],2020/7/23,https://www.bilibili.com/video/BV1Fk4y1m77L?p=1,目标火星！天问一号探测器在中国文昌航天发射场发射升空,1
9826,9830,霸笔aini,0,开发火星,2021/5/15,https://www.bilibili.com/video/BV1bU4y1t7Nm?from=search&seid=6566064178961068704,如约而至！我国首次火星探测任务着陆火星圆满成功,1
3762,3766,Toucan_Cheney,0,什么时候进入转移？紧张,2020/7/23,https://www.bilibili.com/video/BV1Fk4y1m77L?p=1,目标火星！天问一号探测器在中国文昌航天发射场发射升空,0
213,216,稽行,1,《山》,2020/7/23,https://www.bilibili.com/video/BV19e411s7yT,火星，我们来了！中国首次火星探测任务命名“天问一号”,0
778,781,绿色捂脸青蛙,0,这才是科幻啊！[打call]为国打call,2020/4/24,https://www.bilibili.com/video/BV19e411s7yT,火星，我们来了！中国首次火星探测任务命名“天问一号”,1
3496,3500,树洞最深,1,芜湖~,2020/7/23,https://www.bilibili.com/video/BV1Fk4y1m77L?p=1,目标火星！天问一号探测器在中国文昌航天发射场发射升空,1
9155,9159,我是爱种花的赤兔,0,[打call][打call][打call],2020/7/18,https://www.bilibili.com/video/BV1za4y1a7UT,“天问一号”即将发射，高清实拍+模拟动画带你提前登陆火星！,1
2043,2047,有e吗,0,名称里我看到一个“火神”[支持],2020/4/24,https://www.bilibili.com/video/BV19e411s7yT,火星，我们来了！中国首次火星探测任务命名“天问一号”,0
5420,5424,希灵艾尔,0,怎么是白的啊[吃瓜],2021/2/12,https://www.bilibili.com/video/BV1rA411T7pN,震撼！“天问一号”探测器火星捕获过程影像发布,0
6154,6158,探火迷弟,0,这个技术返回舱也能用吧,2021/5/15,https://www.bilibili.com/video/BV1R64y127qf,【火星中国时刻】天问一号：成功着陆，感觉良好！,0
8357,8361,willowsinthewind,0,激动得我热泪盈眶。,2020/7/25,https://www.bilibili.com/video/BV1va4y1a7hp?from=search&seid=15075552549875695762,海南民众海边观看天问一号发射升空：连连惊叹 高喊“胖五加油”,0
9039,9043,北向主力大资金,2,轰20前来祝贺,2020/7/18,https://www.bilibili.com/video/BV1za4y1a7UT,“天问一号”即将发射，高清实拍+模拟动画带你提前登陆火星！,1
8465,8469,超强肌肉狗小柠檬,0,越来越羡慕海南同胞们了[酸了],2020/7/24,https://www.bilibili.com/video/BV1va4y1a7hp?from=search&seid=15075552549875695762,海南民众海边观看天问一号发射升空：连连惊叹 高喊“胖五加油”,0
4167,4171,酸辣粉不要辣,0,一栋楼在飞,2020/7/24,https://www.bilibili.com/video/BV1Sp4y1i7PR,全程回顾 | 天问一号！中国行星探测第一步,0
3788,3792,落芊璃,0,起飞[星星眼],2020/7/23,https://www.bilibili.com/video/BV1Fk4y1m77L?p=1,目标火星！天问一号探测器在中国文昌航天发射场发射升空,1
8586,8590,青丘东荒女帝,1,我们的征途是星辰大海,2020/7/24,https://www.bilibili.com/video/BV1va4y1a7hp?from=search&seid=15075552549875695762,海南民众海边观看天问一号发射升空：连连惊叹 高喊“胖五加油”,1
583,586,初行者1号,0,加油啊！！,2020/4/25,https://www.bilibili.com/video/BV19e411s7yT,火星，我们来了！中国首次火星探测任务命名“天问一号”,1
10286,10290,红炎赤瞳,0,我们的目标是种菜种满银河系，看来咱们这一代人是看不到了。[doge],2021/2/2,https://www.bilibili.com/video/BV1q5411J73D?from=search&seid=6566064178961068704,我们决定去火星的日子，比你想象得更早,1
10366,10370,换一下名字没了,0,两分钟,2021/2/2,https://www.bilibili.com/video/BV1q5411J73D?from=search&seid=6566064178961068704,我们决定去火星的日子，比你想象得更早,0
116,119,爱飒无悔,2,我们的征途，是星辰大海[爱心][爱心][爱心],2020/7/23,https://www.bilibili.com/video/BV19e411s7yT,火星，我们来了！中国首次火星探测任务命名“天问一号”,1
6644,6648,bvcdfhh,0,99年的事快要瞒不住了[大哭][doge][doge],2021/5/15,https://www.bilibili.com/video/BV1R64y127qf,【火星中国时刻】天问一号：成功着陆，感觉良好！,0
9379,9383,彩戏SS,0,UFO竟是我自己,2021/5/16,https://www.bilibili.com/video/BV1QN411o7rR?from=search&seid=6566064178961068704,登陆火星为什么最难？看天问一号如何闯过着陆火星的“恐怖9分钟”,0
10328,10332,要治愈不要刀,0,加油,2021/2/2,https://www.bilibili.com/video/BV1q5411J73D?from=search&seid=6566064178961068704,我们决定去火星的日子，比你想象得更早,1
9303,9307,AlphaHusky,10,为啥前一秒是新飞船，后一秒就是火星探测器…,2020/7/17,https://www.bilibili.com/video/BV1za4y1a7UT,“天问一号”即将发射，高清实拍+模拟动画带你提前登陆火星！,0
8712,8716,静看云舒云卷,3,日常羡慕海南人民[酸了],2020/7/23,https://www.bilibili.com/video/BV1va4y1a7hp?from=search&seid=15075552549875695762,海南民众海边观看天问一号发射升空：连连惊叹 高喊“胖五加油”,0
1763,1767,Athsua,35,天问，我立马想到了屈原和秦时明月排名第一的那把剑[笑哭][笑哭][笑哭][笑哭],2020/4/24,https://www.bilibili.com/video/BV19e411s7yT,火星，我们来了！中国首次火星探测任务命名“天问一号”,1
1875,1879,正常和平,0,天问，始皇佩剑,2020/4/24,https://www.bilibili.com/video/BV19e411s7yT,火星，我们来了！中国首次火星探测任务命名“天问一号”,0
3224,3228,Soul_bin,0,央视不是没直播么,2020/7/23,https://www.bilibili.com/video/BV1Fk4y1m77L?p=1,目标火星！天问一号探测器在中国文昌航天发射场发射升空,0
526,529,会暖的冷气团,0,问天？？？[doge],2020/4/26,https://www.bilibili.com/video/BV19e411s7yT,火星，我们来了！中国首次火星探测任务命名“天问一号”,0
7725,7729,紫轩轩辕,0,[大哭]终于能种菜了！,2021/3/4,https://www.bilibili.com/video/BV1sK4y1J7tU,天问一号：高清火星影像震撼发布,1
2946,2950,暴走の小能猫,2,明年二月咱们再见！！！,2020/7/23,https://www.bilibili.com/video/BV1Fk4y1m77L?p=1,目标火星！天问一号探测器在中国文昌航天发射场发射升空,1
4473,4477,style星域,0,把独山县废掉多换点大火箭不好吗？[微笑],2020/7/23,https://www.bilibili.com/video/BV1Sp4y1i7PR,全程回顾 | 天问一号！中国行星探测第一步,0
5655,5659,搞红色的同志,0,靓仔终于被人想起来了,2021/5/15,https://www.bilibili.com/video/BV1ev41157uU,火星上首次留下中国印迹！动画模拟天问一号着陆过程,1
6059,6063,眼科工作者,0,这个着陆技术明显比美国的洞察者号要先进，我们在月球上测试了几次了，终于在火星上成功着陆！骄傲！自豪！,2021/5/15,https://www.bilibili.com/video/BV1R64y127qf,【火星中国时刻】天问一号：成功着陆，感觉良好！,-1
959,962,凊曦丶,0,中国加油！,2020/4/24,https://www.bilibili.com/video/BV19e411s7yT,火星，我们来了！中国首次火星探测任务命名“天问一号”,1
6342,6346,从天而降_只为你,5,在现场，我是摄影师[妙啊],2021/5/15,https://www.bilibili.com/video/BV1R64y127qf,【火星中国时刻】天问一号：成功着陆，感觉良好！,0
3633,3637,姬雪由乃,1,没排面的央视，居然不直播，希望录播画质能清楚一点[洛天依_啊这],2020/7/23,https://www.bilibili.com/video/BV1Fk4y1m77L?p=1,目标火星！天问一号探测器在中国文昌航天发射场发射升空,-1
1050,1053,P-MERCURY,1,想知道这个标志会不会成为未来几年高考的图文转换题[doge],2020/4/24,https://www.bilibili.com/video/BV19e411s7yT,火星，我们来了！中国首次火星探测任务命名“天问一号”,0
8782,8786,青蛤王子,0,面前是大海，而你飞往星辰。,2020/7/23,https://www.bilibili.com/video/BV1va4y1a7hp?from=search&seid=15075552549875695762,海南民众海边观看天问一号发射升空：连连惊叹 高喊“胖五加油”,1
8711,8715,送我一朵小白花氵,0,祝小天问圆满完成任务,2020/7/23,https://www.bilibili.com/video/BV1va4y1a7hp?from=search&seid=15075552549875695762,海南民众海边观看天问一号发射升空：连连惊叹 高喊“胖五加油”,1
3380,3384,喜之郎小哥哥,0,加油！[支持],2020/7/23,https://www.bilibili.com/video/BV1Fk4y1m77L?p=1,目标火星！天问一号探测器在中国文昌航天发射场发射升空,1
3676,3680,白日红裟,0,不是8点吗？,2020/7/23,https://www.bilibili.com/video/BV1Fk4y1m77L?p=1,目标火星！天问一号探测器在中国文昌航天发射场发射升空,0
5776,5780,今天去卫宫家吃饭了么,0,好耶！等了三个月就为了看这个！,2021/5/15,https://www.bilibili.com/video/BV1ev41157uU,火星上首次留下中国印迹！动画模拟天问一号着陆过程,1
9391,9395,Carveriv,0,都好年轻啊……,2021/5/15,https://www.bilibili.com/video/BV1QN411o7rR?from=search&seid=6566064178961068704,登陆火星为什么最难？看天问一号如何闯过着陆火星的“恐怖9分钟”,0
6573,6577,南正宫,0,去把老美火星车的轱辘卸了[滑稽],2021/5/15,https://www.bilibili.com/video/BV1R64y127qf,【火星中国时刻】天问一号：成功着陆，感觉良好！,0
5179,5183,宇恒格尔斯,12,所以我就期待着以后的火星轨道器能够多起来，丰富我们的通信链路，这样的话就会有更及时的信息交流，以及更容易的登火任务的实施,2021/5/24,https://www.bilibili.com/video/BV1qo4y1m7GT,【面对面】天问一号自带“黑匣子” ？专为着陆失败做准备,1
1607,1611,池月一点也不池面yu,0,是火星诶[吃瓜][大笑],2020/4/24,https://www.bilibili.com/video/BV19e411s7yT,火星，我们来了！中国首次火星探测任务命名“天问一号”,0
3610,3614,天天啦啦啦qss,0,从未停下步伐,2020/7/23,https://www.bilibili.com/video/BV1Fk4y1m77L?p=1,目标火星！天问一号探测器在中国文昌航天发射场发射升空,1
10128,10132,发呆的海星,0,别我们，跟我没关系。,2021/2/6,https://www.bilibili.com/video/BV1q5411J73D?from=search&seid=6566064178961068704,我们决定去火星的日子，比你想象得更早,1
6635,6639,檀小耳,0,看了半天我的问题只有一个能不能种菜,2021/5/15,https://www.bilibili.com/video/BV1R64y127qf,【火星中国时刻】天问一号：成功着陆，感觉良好！,0
10377,10381,lin_with_yuena,0,前排,2021/2/2,https://www.bilibili.com/video/BV1q5411J73D?from=search&seid=6566064178961068704,我们决定去火星的日子，比你想象得更早,0
791,794,TeamR2R,0,天？①[doge],2020/4/24,https://www.bilibili.com/video/BV19e411s7yT,火星，我们来了！中国首次火星探测任务命名“天问一号”,0
3056,3060,皮胖卡,0,飞飞飞飞飞飞飞飞飞飞飞飞飞飞飞飞飞飞飞飞飞飞飞飞飞飞飞飞飞飞,2020/7/23,https://www.bilibili.com/video/BV1Fk4y1m77L?p=1,目标火星！天问一号探测器在中国文昌航天发射场发射升空,1
1980,1984,硬核的吉良吉影,1,给我高高的飞起来啊,2020/4/24,https://www.bilibili.com/video/BV19e411s7yT,火星，我们来了！中国首次火星探测任务命名“天问一号”,1
3598,3602,愚河呀呀呀,0,祝祖国的航天事业越来越繁盛！！[打call][打call][打call],2020/7/23,https://www.bilibili.com/video/BV1Fk4y1m77L?p=1,目标火星！天问一号探测器在中国文昌航天发射场发射升空,1
933,936,柒l星,1,表现了中华民族对真理的坚韧与执著，体现了对自然文化空间探索的文化传承，寓意探求真理征途漫漫，追求科技不断创新永无止境,2020/4/24,https://www.bilibili.com/video/BV19e411s7yT,火星，我们来了！中国首次火星探测任务命名“天问一号”,1
7424,7428,陌生老朋友i,124,已经开始讲火星文了[doge],2021/5/15,https://www.bilibili.com/video/BV1R64y127qf,【火星中国时刻】天问一号：成功着陆，感觉良好！,0
5626,5630,小火苗UE,1,一觉起来我成火星人??,2021/5/15,https://www.bilibili.com/video/BV1ev41157uU,火星上首次留下中国印迹！动画模拟天问一号着陆过程,0
1682,1686,丿筱郭Z8,0,背下来，考试要考的[吃瓜],2020/4/24,https://www.bilibili.com/video/BV19e411s7yT,火星，我们来了！中国首次火星探测任务命名“天问一号”,0
4179,4183,一不小心又改错,1,为啥发射那十几秒我手机一直在震动[疑惑],2020/7/23,https://www.bilibili.com/video/BV1Sp4y1i7PR,全程回顾 | 天问一号！中国行星探测第一步,0
6446,6450,雾都棒棒军喝山城可乐,0,好久传照片回来？,2021/5/15,https://www.bilibili.com/video/BV1R64y127qf,【火星中国时刻】天问一号：成功着陆，感觉良好！,0
4116,4120,咔咔卟,0,这声音是来自火星的问候吗？,2021/6/27,https://www.bilibili.com/video/BV1uy4y1M7dB,骄傲！天问一号系列实拍影像发布,1
988,991,我们几个人中出了一个叛徒,2,以前的萤火一号也不错，可惜失败了！,2020/4/24,https://www.bilibili.com/video/BV19e411s7yT,火星，我们来了！中国首次火星探测任务命名“天问一号”,0
2896,2900,aka椅子侠,3,太棒了，终于可以送华晨宇回家了[doge],2020/7/23,https://www.bilibili.com/video/BV1Fk4y1m77L?p=1,目标火星！天问一号探测器在中国文昌航天发射场发射升空,0
3778,3782,I_AM_SMART,0,第一,2020/7/23,https://www.bilibili.com/video/BV1Fk4y1m77L?p=1,目标火星！天问一号探测器在中国文昌航天发射场发射升空,0
5658,5662,暖色調咖啡,0,那么问题来了，火星能种土豆吗？[doge],2021/5/15,https://www.bilibili.com/video/BV1ev41157uU,火星上首次留下中国印迹！动画模拟天问一号着陆过程,0
3093,3097,地中海发量改革委员会,2,嫦娥一号观测正常，天宫一号观测正常，兄弟，一路平安！,2020/7/23,https://www.bilibili.com/video/BV1Fk4y1m77L?p=1,目标火星！天问一号探测器在中国文昌航天发射场发射升空,1
3155,3159,紫轩轩辕,0,飞了吗？,2020/7/23,https://www.bilibili.com/video/BV1Fk4y1m77L?p=1,目标火星！天问一号探测器在中国文昌航天发射场发射升空,0
1823,1827,vr不是vv,0,强强强[打call][打call][打call],2020/4/24,https://www.bilibili.com/video/BV19e411s7yT,火星，我们来了！中国首次火星探测任务命名“天问一号”,1
9990,9994,今天又是中奖的一天,2,到了,2021/5/16,https://www.bilibili.com/video/BV1q5411J73D?from=search&seid=6566064178961068704,我们决定去火星的日子，比你想象得更早,0
1098,1102,呱呱呱小跳蛙,0,阶梯计划安排一下[doge],2020/4/24,https://www.bilibili.com/video/BV19e411s7yT,火星，我们来了！中国首次火星探测任务命名“天问一号”,0
2844,2848,我服软了,0,加油[大哭],2020/7/23,https://www.bilibili.com/video/BV1Fk4y1m77L?p=1,目标火星！天问一号探测器在中国文昌航天发射场发射升空,1
3342,3346,牛奶熊熊,0,是因为太远所以火箭看起来飞的很慢嘛？十个g诶,2020/7/23,https://www.bilibili.com/video/BV1Fk4y1m77L?p=1,目标火星！天问一号探测器在中国文昌航天发射场发射升空,0
38,38,凯撒lbwnb,0,过几天我要去登泰山，再去找天问一号去[呲牙][呲牙][呲牙][呲牙][呲牙],2020/7/31,https://www.bilibili.com/video/BV19e411s7yT,火星，我们来了！中国首次火星探测任务命名“天问一号”,0
6540,6544,狗fei老母鸡,0,泪目泪目泪目，经过多少努力真的终于！！！,2021/5/15,https://www.bilibili.com/video/BV1R64y127qf,【火星中国时刻】天问一号：成功着陆，感觉良好！,0
9704,9708,辰以乐,0,种土豆种土豆[打call],2021/5/15,https://www.bilibili.com/video/BV1bU4y1t7Nm?from=search&seid=6566064178961068704,如约而至！我国首次火星探测任务着陆火星圆满成功,1
8707,8711,逝者如斯丶不舍昼夜,0,加油中国，向火星冲啊[打call][打call][打call],2020/7/23,https://www.bilibili.com/video/BV1va4y1a7hp?from=search&seid=15075552549875695762,海南民众海边观看天问一号发射升空：连连惊叹 高喊“胖五加油”,1
3356,3360,嘉陵公社-洛水,0,东方红！太阳升！,2020/7/23,https://www.bilibili.com/video/BV1Fk4y1m77L?p=1,目标火星！天问一号探测器在中国文昌航天发射场发射升空,1
7813,7817,SpartaWHY117,14,看看b站里航天板块天天搬运海外的几个会转发这动态就知道屁股在哪边了[嗑瓜子],2021/3/4,https://www.bilibili.com/video/BV1sK4y1J7tU,天问一号：高清火星影像震撼发布,0
8220,8224,佛腋毛转世,1,致敬中国天人[调皮],2021/5/15,https://www.bilibili.com/video/BV1Qf4y1a7Lb,泪目！天问一号成功落火，航天人热泪盈眶紧紧相拥！,1
9811,9815,佚名9019,3,火星我们真的来了！这是中国航天的新起点，终有一天我们会有银河系舰队，恭喜[打call][打call][打call][打call][打call],2021/5/15,https://www.bilibili.com/video/BV1bU4y1t7Nm?from=search&seid=6566064178961068704,如约而至！我国首次火星探测任务着陆火星圆满成功,1
2428,2432,跑步的兔几,0,激动人心，愿顺利,2020/7/23,https://www.bilibili.com/video/BV1df4y1R7GB,“天问一号”发射后200多天才能到达，三维带你提前登陆火星,1
5043,5047,dorwning,0,厉害了，我滴国[点赞]、,2021/5/15,https://www.bilibili.com/video/BV1D64y1C7qU,火星你好！2分钟回顾天问一号“奔火”全过程,1
5346,5350,最有种丶男人,0,热乎的，赶紧程程,2021/2/12,https://www.bilibili.com/video/BV1rA411T7pN,震撼！“天问一号”探测器火星捕获过程影像发布,0
4811,4815,头霸天,0,希望????是第一个发现火星存在活体生命的国家![吃瓜],2021/5/15,https://www.bilibili.com/video/BV1D64y1C7qU,火星你好！2分钟回顾天问一号“奔火”全过程,0
8476,8480,癫狂c,0,羡慕！[酸了],2020/7/24,https://www.bilibili.com/video/BV1va4y1a7hp?from=search&seid=15075552549875695762,海南民众海边观看天问一号发射升空：连连惊叹 高喊“胖五加油”,0
686,689,东幻闲人,1,环绕，着陆，探测，发射按钮一按，真就一健三连[微笑],2020/4/24,https://www.bilibili.com/video/BV19e411s7yT,火星，我们来了！中国首次火星探测任务命名“天问一号”,1
4799,4803,36767722370_bili,0,环绕器有名字吗？,2021/5/15,https://www.bilibili.com/video/BV1D64y1C7qU,火星你好！2分钟回顾天问一号“奔火”全过程,0
7437,7441,我是一只大鸽鸽,0,太美了[给心心],2021/5/18,https://www.bilibili.com/video/BV1sK4y1J7tU,天问一号：高清火星影像震撼发布,1
2353,2357,一粒沙子a,0,小家伙加油哇，一个人在火星不要太孤单哈,2020/7/23,https://www.bilibili.com/video/BV1df4y1R7GB,“天问一号”发射后200多天才能到达，三维带你提前登陆火星,1
6353,6357,小归,0,希望能看到高清的照片,2021/5/15,https://www.bilibili.com/video/BV1R64y127qf,【火星中国时刻】天问一号：成功着陆，感觉良好！,0
4569,4573,枫叶踏刀光,0,10个月的太空之旅，背后是几十年的航天之旅。,2021/5/15,https://www.bilibili.com/video/BV1D64y1C7qU,火星你好！2分钟回顾天问一号“奔火”全过程,1
8213,8217,石木眠冬,0,中国航天事业繁荣昌盛！中国航天人初心不改，勇往直前！,2021/5/15,https://www.bilibili.com/video/BV1Qf4y1a7Lb,泪目！天问一号成功落火，航天人热泪盈眶紧紧相拥！,1
2752,2756,有趣的事很多,0,我飞起来咯,2020/7/24,https://www.bilibili.com/video/BV1Fk4y1m77L?p=1,目标火星！天问一号探测器在中国文昌航天发射场发射升空,1
8073,8077,中老年电子竞技,0,辛苦了！,2021/5/16,https://www.bilibili.com/video/BV1Qf4y1a7Lb,泪目！天问一号成功落火，航天人热泪盈眶紧紧相拥！,1
1040,1043,weiwezh,2,飞向更远的星空！,2020/4/24,https://www.bilibili.com/video/BV19e411s7yT,火星，我们来了！中国首次火星探测任务命名“天问一号”,1
7491,7495,我把字刻在石头上,0,小时候妈妈总会唱给我听[委屈],2021/3/25,https://www.bilibili.com/video/BV1sK4y1J7tU,天问一号：高清火星影像震撼发布,0
1265,1269,Water_Star,1,天问，让宇宙插遍五星红旗[热词系列_吹爆],2020/4/24,https://www.bilibili.com/video/BV19e411s7yT,火星，我们来了！中国首次火星探测任务命名“天问一号”,1
9618,9622,弟弟救我ZR,0,我的国！,2021/5/15,https://www.bilibili.com/video/BV1bU4y1t7Nm?from=search&seid=6566064178961068704,如约而至！我国首次火星探测任务着陆火星圆满成功,1
7059,7063,Vamos-grandblue,0,舒服，让00后拼音缩写一脸懵逼[滑稽],2021/5/15,https://www.bilibili.com/video/BV1R64y127qf,【火星中国时刻】天问一号：成功着陆，感觉良好！,0
277,280,焰璀璨星辉,6,2020全国卷考过,2020/7/17,https://www.bilibili.com/video/BV19e411s7yT,火星，我们来了！中国首次火星探测任务命名“天问一号”,0
5084,5088,红酥手44,0,此时这位靓仔已经安全到达,2021/5/15,https://www.bilibili.com/video/BV1D64y1C7qU,火星你好！2分钟回顾天问一号“奔火”全过程,1
2382,2386,Yui三三,0,还要等好久，都有点迫不及待了，一定要成功啊[打call],2020/7/23,https://www.bilibili.com/video/BV1df4y1R7GB,“天问一号”发射后200多天才能到达，三维带你提前登陆火星,1
571,574,御坂18364号,0,你火星了！,2020/4/25,https://www.bilibili.com/video/BV19e411s7yT,火星，我们来了！中国首次火星探测任务命名“天问一号”,0
1435,1439,樱少Awing,0,哇，要去我家乡探测了吗？[星星眼],2020/4/24,https://www.bilibili.com/video/BV19e411s7yT,火星，我们来了！中国首次火星探测任务命名“天问一号”,1
5352,5356,偶尔凡凡,1320,还有364天就又要跨年了。回想起上次跨年就好像发生在昨天一样。我按耐不住心中的喜悦。提前祝大家2022年虎年快乐。,2021/2/12,https://www.bilibili.com/video/BV1rA411T7pN,震撼！“天问一号”探测器火星捕获过程影像发布,0
5445,5449,消失夜乌鸦,0,[热词系列_排面],2021/2/12,https://www.bilibili.com/video/BV1rA411T7pN,震撼！“天问一号”探测器火星捕获过程影像发布,1
1007,1010,bili_90609970097,1,火星人集成灶[doge],2020/4/24,https://www.bilibili.com/video/BV19e411s7yT,火星，我们来了！中国首次火星探测任务命名“天问一号”,0
4543,4547,海人77,597,在现场[打call],2020/7/23,https://www.bilibili.com/video/BV1Sp4y1i7PR,全程回顾 | 天问一号！中国行星探测第一步,0
9154,9158,梁不良大姐大,0,在？能许愿吗？,2020/7/18,https://www.bilibili.com/video/BV1za4y1a7UT,“天问一号”即将发射，高清实拍+模拟动画带你提前登陆火星！,0
2064,2068,看到我就滚去学习,41,真：我长大了要当太空人？,2020/4/24,https://www.bilibili.com/video/BV19e411s7yT,火星，我们来了！中国首次火星探测任务命名“天问一号”,0
1136,1140,醉醉桑,0,感觉这是给今年各种考试加菜[tv_doge][tv_doge][tv_doge],2020/4/24,https://www.bilibili.com/video/BV19e411s7yT,火星，我们来了！中国首次火星探测任务命名“天问一号”,0
5343,5347,快乐的小姨夫,0,我就特别好奇图像是怎么传输回来的[酸了][点赞],2021/2/12,https://www.bilibili.com/video/BV1rA411T7pN,震撼！“天问一号”探测器火星捕获过程影像发布,0
294,297,该账号无法加载,0,请你压缩这段话[吃瓜][吃瓜],2020/7/17,https://www.bilibili.com/video/BV19e411s7yT,火星，我们来了！中国首次火星探测任务命名“天问一号”,0
8780,8784,H汶豪H,0,有当年肯尼迪的内味儿了[OK],2020/7/23,https://www.bilibili.com/video/BV1va4y1a7hp?from=search&seid=15075552549875695762,海南民众海边观看天问一号发射升空：连连惊叹 高喊“胖五加油”,-1
2403,2407,icecolacoco,0,额是不是可以在火星找到麦当,2020/7/23,https://www.bilibili.com/video/BV1df4y1R7GB,“天问一号”发射后200多天才能到达，三维带你提前登陆火星,0
3998,4002,中贰不是二,0,种菜！种菜！！金坷垃，搁里头！,2021/6/27,https://www.bilibili.com/video/BV1uy4y1M7dB,骄傲！天问一号系列实拍影像发布,0
3741,3745,皓月当空vv,0,呜呼，起飞,2020/7/23,https://www.bilibili.com/video/BV1Fk4y1m77L?p=1,目标火星！天问一号探测器在中国文昌航天发射场发射升空,1
9575,9579,凉叔半梦,0,美国日本印度，这个恶心啊这个酸啊，具体可以去看苟老师的视频，简直让人恶心,2021/5/16,https://www.bilibili.com/video/BV1bU4y1t7Nm?from=search&seid=6566064178961068704,如约而至！我国首次火星探测任务着陆火星圆满成功,-1
2719,2723,Tiger丶Niu,0,天问天问，唯我独尊！,2020/7/23,https://www.bilibili.com/video/BV1df4y1R7GB,“天问一号”发射后200多天才能到达，三维带你提前登陆火星,1
9552,9556,AcFan视频弹幕网,1159,火星你好，我们来啦,2021/5/15,https://www.bilibili.com/video/BV1QN411o7rR?from=search&seid=6566064178961068704,登陆火星为什么最难？看天问一号如何闯过着陆火星的“恐怖9分钟”,1
5150,5154,风入松001,2,致敬航天英雄们[支持],2021/5/24,https://www.bilibili.com/video/BV1qo4y1m7GT,【面对面】天问一号自带“黑匣子” ？专为着陆失败做准备,1
2808,2812,Avian狐,0,哪个专家学者给我解释一下，这么重的东西怎么能飞起来的呀？,2020/7/23,https://www.bilibili.com/video/BV1Fk4y1m77L?p=1,目标火星！天问一号探测器在中国文昌航天发射场发射升空,0
556,559,30CUr,0,前往未至，发现未知！！！#天问一号#,2020/4/25,https://www.bilibili.com/video/BV19e411s7yT,火星，我们来了！中国首次火星探测任务命名“天问一号”,1
10298,10302,天降平底锅,0,只有“我们是认真的”[奋斗][奋斗][奋斗][奋斗],2021/2/2,https://www.bilibili.com/video/BV1q5411J73D?from=search&seid=6566064178961068704,我们决定去火星的日子，比你想象得更早,0
4795,4799,北有高楼_与云齐兮,0,不知道火星能不能耕田[思考],2021/5/15,https://www.bilibili.com/video/BV1D64y1C7qU,火星你好！2分钟回顾天问一号“奔火”全过程,0
2469,2473,0起司猫0,0,中国人的一小步，星际旅人的一大步,2020/7/23,https://www.bilibili.com/video/BV1df4y1R7GB,“天问一号”发射后200多天才能到达，三维带你提前登陆火星,1
3738,3742,OceanDZH,0,看着是真的大，好大一个飞天了。,2020/7/23,https://www.bilibili.com/video/BV1Fk4y1m77L?p=1,目标火星！天问一号探测器在中国文昌航天发射场发射升空,1
4286,4290,CVN2035,0,不容易啊，发射终于成功了[支持],2020/7/23,https://www.bilibili.com/video/BV1Sp4y1i7PR,全程回顾 | 天问一号！中国行星探测第一步,1
2604,2608,阿十23,0,火星，冲啊，冲啊天问,2020/7/23,https://www.bilibili.com/video/BV1df4y1R7GB,“天问一号”发射后200多天才能到达，三维带你提前登陆火星,1
362,365,头像是p的,1,天刃,2020/5/16,https://www.bilibili.com/video/BV19e411s7yT,火星，我们来了！中国首次火星探测任务命名“天问一号”,0
6924,6928,96880605,0,好家伙，刚到就把火星就把火星文学的透透的,2021/5/15,https://www.bilibili.com/video/BV1R64y127qf,【火星中国时刻】天问一号：成功着陆，感觉良好！,1
1704,1708,战忽局外卖骑手,0,以后的中国历史要多大本才可以啊，初高中学得完吗？,2020/4/24,https://www.bilibili.com/video/BV19e411s7yT,火星，我们来了！中国首次火星探测任务命名“天问一号”,1
2139,2143,蜥蜥爱追剧,0,搭载的是瓢虫一号吗？,2021/1/28,https://www.bilibili.com/video/BV1df4y1R7GB,“天问一号”发射后200多天才能到达，三维带你提前登陆火星,-1
3239,3243,RNG夺冠一个赞,0,加油！,2020/7/23,https://www.bilibili.com/video/BV1Fk4y1m77L?p=1,目标火星！天问一号探测器在中国文昌航天发射场发射升空,1
2383,2387,胖猴快跑啊,0,wc,2020/7/23,https://www.bilibili.com/video/BV1df4y1R7GB,“天问一号”发射后200多天才能到达，三维带你提前登陆火星,1
7314,7318,风月共赏,0,厉害了我的国！！！[呲牙][星星眼][星星眼][星星眼][星星眼],2021/5/15,https://www.bilibili.com/video/BV1R64y127qf,【火星中国时刻】天问一号：成功着陆，感觉良好！,1
4311,4315,灵魂大水笔,1,人在现场，突破音速时音爆很震撼[小电视_赞][小电视_赞][小电视_赞],2020/7/23,https://www.bilibili.com/video/BV1Sp4y1i7PR,全程回顾 | 天问一号！中国行星探测第一步,0
1312,1316,為檤哐哐撞大墻,0,wow,2020/4/24,https://www.bilibili.com/video/BV19e411s7yT,火星，我们来了！中国首次火星探测任务命名“天问一号”,0
3930,3934,妹妹襾,0,太清晰了！！！,2021/6/27,https://www.bilibili.com/video/BV1uy4y1M7dB,骄傲！天问一号系列实拍影像发布,1
6183,6187,佳期若梦SARS,2,我们的征途是星辰大海,2021/5/15,https://www.bilibili.com/video/BV1R64y127qf,【火星中国时刻】天问一号：成功着陆，感觉良好！,1
1591,1595,男孩爱穿包臀裙,1,何时能探索太阳？[doge],2020/4/24,https://www.bilibili.com/video/BV19e411s7yT,火星，我们来了！中国首次火星探测任务命名“天问一号”,0
9743,9747,万花丛中不失身,1,为种菜做准备[歪嘴],2021/5/15,https://www.bilibili.com/video/BV1bU4y1t7Nm?from=search&seid=6566064178961068704,如约而至！我国首次火星探测任务着陆火星圆满成功,0
2162,2166,深绿世界,2,坎巴拉可还行，央视的动画人员都哭了[doge],2020/8/2,https://www.bilibili.com/video/BV1df4y1R7GB,“天问一号”发射后200多天才能到达，三维带你提前登陆火星,0
2396,2400,139无法抹去的伤痕,1,发射出去了怎么回收啊？（回来）,2020/7/23,https://www.bilibili.com/video/BV1df4y1R7GB,“天问一号”发射后200多天才能到达，三维带你提前登陆火星,0
317,320,aponejoG,1,如果明天3卷考了这个题我就赚了！,2020/7/6,https://www.bilibili.com/video/BV19e411s7yT,火星，我们来了！中国首次火星探测任务命名“天问一号”,0
5233,5237,Mr-KeHan,0,弱弱问一句：视频图像是经过处理吗？分辨率低，朦朦胧胧的[doge][doge][doge],2021/2/13,https://www.bilibili.com/video/BV1rA411T7pN,震撼！“天问一号”探测器火星捕获过程影像发布,0
5068,5072,烟蓝指凉_,1,星辰大海我们来了,2021/5/15,https://www.bilibili.com/video/BV1D64y1C7qU,火星你好！2分钟回顾天问一号“奔火”全过程,1
4036,4040,好涩的提子,78,提问：最后拍着陆器和火星车的画面是谁拍的[tv_皱眉]，不是一共就他俩么[tv_皱眉],2021/6/27,https://www.bilibili.com/video/BV1uy4y1M7dB,骄傲！天问一号系列实拍影像发布,0
8987,8991,heatdeath005,5,十年单身换祖国成功[doge],2020/7/20,https://www.bilibili.com/video/BV1za4y1a7UT,“天问一号”即将发射，高清实拍+模拟动画带你提前登陆火星！,0
3020,3024,12发单员会计,0,没直播......,2020/7/23,https://www.bilibili.com/video/BV1Fk4y1m77L?p=1,目标火星！天问一号探测器在中国文昌航天发射场发射升空,-1
8228,8232,横版吴彦祖,1,国之柱石！,2021/5/15,https://www.bilibili.com/video/BV1Qf4y1a7Lb,泪目！天问一号成功落火，航天人热泪盈眶紧紧相拥！,1
5295,5299,任君皮断腿,0,[妙啊],2021/2/12,https://www.bilibili.com/video/BV1rA411T7pN,震撼！“天问一号”探测器火星捕获过程影像发布,1
3972,3976,空道僧,1,[打call][打call][打call],2021/6/27,https://www.bilibili.com/video/BV1uy4y1M7dB,骄傲！天问一号系列实拍影像发布,1
5370,5374,某创,2,祖传BGM不好吗[无语],2021/2/12,https://www.bilibili.com/video/BV1rA411T7pN,震撼！“天问一号”探测器火星捕获过程影像发布,0
4133,4137,啊啊啊啊阿wing,0,火速赶来！,2021/6/27,https://www.bilibili.com/video/BV1uy4y1M7dB,骄傲！天问一号系列实拍影像发布,0
974,977,骚德鸭皮,1,到时候能开直播嘛[doge],2020/4/24,https://www.bilibili.com/video/BV19e411s7yT,火星，我们来了！中国首次火星探测任务命名“天问一号”,0
7291,7295,low尘,0,哈哈哈哈,2021/5/15,https://www.bilibili.com/video/BV1R64y127qf,【火星中国时刻】天问一号：成功着陆，感觉良好！,0
954,957,从不打卡阿杜,1,还好我毕业了，不然又要多背一首（中国nb）[小电视_赞],2020/4/24,https://www.bilibili.com/video/BV19e411s7yT,火星，我们来了！中国首次火星探测任务命名“天问一号”,0
9957,9961,TryTV_小胖,33,居然趁我睡觉偷偷在火星着陆！！[妙啊],2021/5/15,https://www.bilibili.com/video/BV1bU4y1t7Nm?from=search&seid=6566064178961068704,如约而至！我国首次火星探测任务着陆火星圆满成功,0
5016,5020,蓝夜紫晶,0,厉害,2021/5/15,https://www.bilibili.com/video/BV1D64y1C7qU,火星你好！2分钟回顾天问一号“奔火”全过程,1
10099,10103,小小益虫,2,萤火虫一号：兄弟，任务交给你了！,2021/2/10,https://www.bilibili.com/video/BV1q5411J73D?from=search&seid=6566064178961068704,我们决定去火星的日子，比你想象得更早,0
7490,7494,我是松松松,0,终于可以接上那个种土豆的回来了,2021/3/27,https://www.bilibili.com/video/BV1sK4y1J7tU,天问一号：高清火星影像震撼发布,1
1640,1644,萨奕义,18,只要我们不停下，星辰大海的前方就会有路[doge],2020/4/24,https://www.bilibili.com/video/BV19e411s7yT,火星，我们来了！中国首次火星探测任务命名“天问一号”,1
1290,1294,灿烂千阳1453,0,走自己的路让他们无路可走,2020/4/24,https://www.bilibili.com/video/BV19e411s7yT,火星，我们来了！中国首次火星探测任务命名“天问一号”,1
1380,1384,龙眼淦,0,[doge][吃瓜],2020/4/24,https://www.bilibili.com/video/BV19e411s7yT,火星，我们来了！中国首次火星探测任务命名“天问一号”,0
1933,1937,_Ranmuy,1,厉害了我的国[热词系列_奥力给],2020/4/24,https://www.bilibili.com/video/BV19e411s7yT,火星，我们来了！中国首次火星探测任务命名“天问一号”,1
4675,4679,凌晨瞬间,0,这个bgm是不是一直在变调,2021/5/15,https://www.bilibili.com/video/BV1D64y1C7qU,火星你好！2分钟回顾天问一号“奔火”全过程,0
892,895,我是时间的嫖客,0,牛,2020/4/24,https://www.bilibili.com/video/BV19e411s7yT,火星，我们来了！中国首次火星探测任务命名“天问一号”,1
7287,7291,凛冬之蛇,0,你这是火星文上瘾了啊！,2021/5/15,https://www.bilibili.com/video/BV1R64y127qf,【火星中国时刻】天问一号：成功着陆，感觉良好！,1
4876,4880,邱啊求囚啊球,1,穿越星河，我们终将抵达宇宙更深处[打call][打call][打call],2021/5/15,https://www.bilibili.com/video/BV1D64y1C7qU,火星你好！2分钟回顾天问一号“奔火”全过程,1
7906,7910,婉秋沙沙,1,哇好棒！,2021/3/4,https://www.bilibili.com/video/BV1sK4y1J7tU,天问一号：高清火星影像震撼发布,1
8194,8198,我瘦了鸭,0,致敬,2021/5/15,https://www.bilibili.com/video/BV1Qf4y1a7Lb,泪目！天问一号成功落火，航天人热泪盈眶紧紧相拥！,1
9735,9739,永远潇洒的云,0,祝贺??,2021/5/15,https://www.bilibili.com/video/BV1bU4y1t7Nm?from=search&seid=6566064178961068704,如约而至！我国首次火星探测任务着陆火星圆满成功,1
2466,2470,友谊勋章,3,要能发现一些人类可利用的稀土就好了[笑],2020/7/23,https://www.bilibili.com/video/BV1df4y1R7GB,“天问一号”发射后200多天才能到达，三维带你提前登陆火星,0
7657,7661,我是阿胜,0,终于看到了,2021/3/4,https://www.bilibili.com/video/BV1sK4y1J7tU,天问一号：高清火星影像震撼发布,1
1913,1917,Arsen-Arsx,0,达明一派有首歌就叫天问，勿忘历史。,2020/4/24,https://www.bilibili.com/video/BV19e411s7yT,火星，我们来了！中国首次火星探测任务命名“天问一号”,0
2736,2740,科普Copland,0,排面！,2020/7/23,https://www.bilibili.com/video/BV1df4y1R7GB,“天问一号”发射后200多天才能到达，三维带你提前登陆火星,1
726,729,凰落之,0,荧惑,2020/4/24,https://www.bilibili.com/video/BV19e411s7yT,火星，我们来了！中国首次火星探测任务命名“天问一号”,0
7214,7218,装了一盒子的酒,0,[打call][打call],2021/5/15,https://www.bilibili.com/video/BV1R64y127qf,【火星中国时刻】天问一号：成功着陆，感觉良好！,1
8245,8249,zyj198610,0,海南人的福利[呲牙],2021/5/2,https://www.bilibili.com/video/BV1va4y1a7hp?from=search&seid=15075552549875695762,海南民众海边观看天问一号发射升空：连连惊叹 高喊“胖五加油”,0
1796,1800,HANA_oo,1,见证历史[热词系列_知识增加],2020/4/24,https://www.bilibili.com/video/BV19e411s7yT,火星，我们来了！中国首次火星探测任务命名“天问一号”,1
3845,3849,佚名9019,3,好像定格动画哈！[星星眼],2021/6/27,https://www.bilibili.com/video/BV1uy4y1M7dB,骄傲！天问一号系列实拍影像发布,1
6402,6406,司徒寰宇,0,必须两个币啊！,2021/5/15,https://www.bilibili.com/video/BV1R64y127qf,【火星中国时刻】天问一号：成功着陆，感觉良好！,0
936,939,赤-城我老婆,1,红色火星,2020/4/24,https://www.bilibili.com/video/BV19e411s7yT,火星，我们来了！中国首次火星探测任务命名“天问一号”,0
2265,2269,ccBK叁拾贰,0,中国加油，ksp排面[喜欢],2020/7/24,https://www.bilibili.com/video/BV1df4y1R7GB,“天问一号”发射后200多天才能到达，三维带你提前登陆火星,1
824,827,锐利的双眼,0,萤火、好奇、勇气、机遇号:你知道这几年我们是怎么过的吗？你知道吗？！终于等到你，还好我没放弃[doge],2020/4/24,https://www.bilibili.com/video/BV19e411s7yT,火星，我们来了！中国首次火星探测任务命名“天问一号”,1
7274,7278,矖目见暹,0,到火星了就要入乡随俗，使用火星文[OK],2021/5/15,https://www.bilibili.com/video/BV1R64y127qf,【火星中国时刻】天问一号：成功着陆，感觉良好！,0
1389,1393,米耀催婚协会,0,见证历史！！！,2020/4/24,https://www.bilibili.com/video/BV19e411s7yT,火星，我们来了！中国首次火星探测任务命名“天问一号”,1
3564,3568,网名不在,0,我们的征途是星辰大海,2020/7/23,https://www.bilibili.com/video/BV1Fk4y1m77L?p=1,目标火星！天问一号探测器在中国文昌航天发射场发射升空,1
5429,5433,一poi一,0,那个靓仔终于到了,2021/2/12,https://www.bilibili.com/video/BV1rA411T7pN,震撼！“天问一号”探测器火星捕获过程影像发布,1
7827,7831,战地西瓜,3,在你的心中睡着月亮光??,2021/3/4,https://www.bilibili.com/video/BV1sK4y1J7tU,天问一号：高清火星影像震撼发布,0
5690,5694,synthvocal,0,软着陆厉害了。时隔10个月后成功登陆火星地表！,2021/5/15,https://www.bilibili.com/video/BV1ev41157uU,火星上首次留下中国印迹！动画模拟天问一号着陆过程,1
7878,7882,橙子的凌晨,0,BGM真好听,2021/3/4,https://www.bilibili.com/video/BV1sK4y1J7tU,天问一号：高清火星影像震撼发布,0
1868,1872,何谈倘若,1,配乐也太难听了吧,2020/4/24,https://www.bilibili.com/video/BV19e411s7yT,火星，我们来了！中国首次火星探测任务命名“天问一号”,1
8202,8206,--谁伴我闯荡--,3,这泪水后面是多少艰辛啊[酸了],2021/5/15,https://www.bilibili.com/video/BV1Qf4y1a7Lb,泪目！天问一号成功落火，航天人热泪盈眶紧紧相拥！,1
7486,7490,须臾之间的事,0,能种地吗？[doge],2021/3/28,https://www.bilibili.com/video/BV1sK4y1J7tU,天问一号：高清火星影像震撼发布,1
806,809,李猫ch,0,大概是把战力都调到火星去了罢,2020/4/24,https://www.bilibili.com/video/BV19e411s7yT,火星，我们来了！中国首次火星探测任务命名“天问一号”,1
4805,4809,胡小离,0,真是太浪漫了，在浩瀚无垠的宇宙中，它一个人奔赴一场火星之约,2021/5/15,https://www.bilibili.com/video/BV1D64y1C7qU,火星你好！2分钟回顾天问一号“奔火”全过程,1
9501,9505,新青年lele,4,有没有现场图片？,2021/5/15,https://www.bilibili.com/video/BV1QN411o7rR?from=search&seid=6566064178961068704,登陆火星为什么最难？看天问一号如何闯过着陆火星的“恐怖9分钟”,0
7511,7515,闹着玩专扣眼睛,0,我只关心火星能不能种菜[doge],2021/3/20,https://www.bilibili.com/video/BV1sK4y1J7tU,天问一号：高清火星影像震撼发布,1
8056,8060,我在家呢rdjr,0,他老婆是支持他还是不支持他呢？,2021/5/16,https://www.bilibili.com/video/BV1Qf4y1a7Lb,泪目！天问一号成功落火，航天人热泪盈眶紧紧相拥！,-1
4494,4498,猎禽,7,地球人民发来贺电,2020/7/23,https://www.bilibili.com/video/BV1Sp4y1i7PR,全程回顾 | 天问一号！中国行星探测第一步,0
2632,2636,呐喊后的鲁迅,1,老ksp了,2020/7/23,https://www.bilibili.com/video/BV1df4y1R7GB,“天问一号”发射后200多天才能到达，三维带你提前登陆火星,0
9241,9245,死沙_,0,服了。。。。,2020/7/17,https://www.bilibili.com/video/BV1za4y1a7UT,“天问一号”即将发射，高清实拍+模拟动画带你提前登陆火星！,1
8896,8900,波function,0,冲冲冲,2020/7/23,https://www.bilibili.com/video/BV1za4y1a7UT,“天问一号”即将发射，高清实拍+模拟动画带你提前登陆火星！,0
8623,8627,bog先锋,1,不就是个火箭，在我家附近发射我都不看[酸了][酸了][酸了][酸了],2020/7/24,https://www.bilibili.com/video/BV1va4y1a7hp?from=search&seid=15075552549875695762,海南民众海边观看天问一号发射升空：连连惊叹 高喊“胖五加油”,0
7832,7836,ol南风lo,0,这是哪块地?,2021/3/4,https://www.bilibili.com/video/BV1sK4y1J7tU,天问一号：高清火星影像震撼发布,0
4388,4392,我是鬼灵精,0,干的漂亮，,2020/7/23,https://www.bilibili.com/video/BV1Sp4y1i7PR,全程回顾 | 天问一号！中国行星探测第一步,1
145,148,性感猛男在线两开花,0,冲啊！一定要成功啊！,2020/7/23,https://www.bilibili.com/video/BV19e411s7yT,火星，我们来了！中国首次火星探测任务命名“天问一号”,1
6467,6471,冰草籽,0,地球开始入侵,2021/5/15,https://www.bilibili.com/video/BV1R64y127qf,【火星中国时刻】天问一号：成功着陆，感觉良好！,0
2033,2037,太可怕了这个人,2,？！！,2020/4/24,https://www.bilibili.com/video/BV19e411s7yT,火星，我们来了！中国首次火星探测任务命名“天问一号”,0
9475,9479,里墨迹,0,火星人:最近UFO好多啊,2021/5/15,https://www.bilibili.com/video/BV1QN411o7rR?from=search&seid=6566064178961068704,登陆火星为什么最难？看天问一号如何闯过着陆火星的“恐怖9分钟”,0
1165,1169,虚空次氪莫正仁,0,好！[支持],2020/4/24,https://www.bilibili.com/video/BV19e411s7yT,火星，我们来了！中国首次火星探测任务命名“天问一号”,1
2050,2054,游囯郎,0,666,2020/4/24,https://www.bilibili.com/video/BV19e411s7yT,火星，我们来了！中国首次火星探测任务命名“天问一号”,1
3760,3764,快乐当然有一点,0,我们的征程是星辰大海！,2020/7/23,https://www.bilibili.com/video/BV1Fk4y1m77L?p=1,目标火星！天问一号探测器在中国文昌航天发射场发射升空,1
4435,4439,阿希达卡-Mark5,0,好棒！加油！！！！,2020/7/23,https://www.bilibili.com/video/BV1Sp4y1i7PR,全程回顾 | 天问一号！中国行星探测第一步,1
3430,3434,梦中遇见的你xxx,91,《天问》是中国战国时期诗人屈原创作的一首长诗。此诗从天地离分、阴阳变化、日月星辰等自然现象，一直问到神话传说乃至圣贤凶顽和治乱兴衰等历史故事，表现了作者对某些传统观念的大胆怀疑，以及追求真理的探索精神，具有浓厚的道家色彩。语言别具一格，句式以四言为主，不用语尾助词，四句一节，每节一韵，节奏音韵自然协调。全诗通篇是对天地、自然和人世等一切事物现象的发问，内容奇绝，显示出作者沉潜多思、思想活跃、想象丰富的个性，表现出超卓非凡的学识和惊人的艺术才华，被誉为是“千古万古至奇之作”。[蛆音娘_卖萌][蛆音娘_卖萌][蛆音娘_卖萌],2020/7/23,https://www.bilibili.com/video/BV1Fk4y1m77L?p=1,目标火星！天问一号探测器在中国文昌航天发射场发射升空,1
8190,8194,_蛋蛋的忧桑_,1,致敬[打call][打call][打call],2021/5/15,https://www.bilibili.com/video/BV1Qf4y1a7Lb,泪目！天问一号成功落火，航天人热泪盈眶紧紧相拥！,1
9088,9092,ZC45-ZXC21,0,精准入轨[奋斗],2020/7/18,https://www.bilibili.com/video/BV1za4y1a7UT,“天问一号”即将发射，高清实拍+模拟动画带你提前登陆火星！,1
7069,7073,二表舅的猫,0,所以，终极问题来了：能不能种菜？？[doge][doge],2021/5/15,https://www.bilibili.com/video/BV1R64y127qf,【火星中国时刻】天问一号：成功着陆，感觉良好！,1
4361,4365,home硕,1,祝地球好运[拥抱],2020/7/23,https://www.bilibili.com/video/BV1Sp4y1i7PR,全程回顾 | 天问一号！中国行星探测第一步,0
1771,1775,K370迷鹿,1,天问来了以后是不是还有天基[吃瓜],2020/4/24,https://www.bilibili.com/video/BV19e411s7yT,火星，我们来了！中国首次火星探测任务命名“天问一号”,1
3511,3515,晴天ASUNNYDAY,0,荧惑，我们来了,2020/7/23,https://www.bilibili.com/video/BV1Fk4y1m77L?p=1,目标火星！天问一号探测器在中国文昌航天发射场发射升空,1
271,274,Apokolips,0,E总快乐盒,2020/7/17,https://www.bilibili.com/video/BV19e411s7yT,火星，我们来了！中国首次火星探测任务命名“天问一号”,0
8436,8440,摩挲茧子,1,卧槽，牛逼，真TM帅！,2020/7/24,https://www.bilibili.com/video/BV1va4y1a7hp?from=search&seid=15075552549875695762,海南民众海边观看天问一号发射升空：连连惊叹 高喊“胖五加油”,1
2032,2036,五毛钱的雪糕,7,强,2020/4/24,https://www.bilibili.com/video/BV19e411s7yT,火星，我们来了！中国首次火星探测任务命名“天问一号”,0
9005,9009,白米一舒,0,加油。一次成功,2020/7/19,https://www.bilibili.com/video/BV1za4y1a7UT,“天问一号”即将发射，高清实拍+模拟动画带你提前登陆火星！,1
10033,10037,三江先生,0,了不起,2021/4/14,https://www.bilibili.com/video/BV1q5411J73D?from=search&seid=6566064178961068704,我们决定去火星的日子，比你想象得更早,1
3810,3814,是王鸡脖啦,1,第1个看到。,2020/7/23,https://www.bilibili.com/video/BV1Fk4y1m77L?p=1,目标火星！天问一号探测器在中国文昌航天发射场发射升空,0
4346,4350,喀什一号发动机维护员,0,火星生产建设兵团的第一步，有报名的吗，屯垦戍边,2020/7/23,https://www.bilibili.com/video/BV1Sp4y1i7PR,全程回顾 | 天问一号！中国行星探测第一步,0
545,548,紫玄真人,0,遂古之初，谁传道之？上下未形，何由考之？冥昭瞢闇，谁能极之？冯翼惟像，何以识之？明明闇闇，惟时何为？阴阳三合，何本何化？圜则九重，孰营度之？惟兹何功，孰初作之？斡维焉系，天极焉加？八柱何当，东南何亏？九天之际，安放安属？隅隈多有，谁知其数？天何所沓？十二焉分？日月安属？列星安陈,2020/4/25,https://www.bilibili.com/video/BV19e411s7yT,火星，我们来了！中国首次火星探测任务命名“天问一号”,1
3241,3245,仇墨_,0,加油！！！,2020/7/23,https://www.bilibili.com/video/BV1Fk4y1m77L?p=1,目标火星！天问一号探测器在中国文昌航天发射场发射升空,1
8930,8934,安西尼奥尼,0,24小时后，见证历史。,2020/7/22,https://www.bilibili.com/video/BV1za4y1a7UT,“天问一号”即将发射，高清实拍+模拟动画带你提前登陆火星！,1
8502,8506,喵克思_,0,卧卧,2020/7/24,https://www.bilibili.com/video/BV1va4y1a7hp?from=search&seid=15075552549875695762,海南民众海边观看天问一号发射升空：连连惊叹 高喊“胖五加油”,0
10293,10297,ComAlexius,2,希望自己能在火星上种地[doge],2021/2/2,https://www.bilibili.com/video/BV1q5411J73D?from=search&seid=6566064178961068704,我们决定去火星的日子，比你想象得更早,1
7564,7568,冬瓜汤007,1,背景音乐配的太合适了[鼓掌][鼓掌][鼓掌],2021/3/9,https://www.bilibili.com/video/BV1sK4y1J7tU,天问一号：高清火星影像震撼发布,1
920,923,大佬王发财,0,该说不说。每一次我们国家的名字都巨好听！,2020/4/24,https://www.bilibili.com/video/BV19e411s7yT,火星，我们来了！中国首次火星探测任务命名“天问一号”,1
9466,9470,伪咖啡爱好者,96,幼年探测器成年礼：自主着陆,2021/5/15,https://www.bilibili.com/video/BV1QN411o7rR?from=search&seid=6566064178961068704,登陆火星为什么最难？看天问一号如何闯过着陆火星的“恐怖9分钟”,1
6640,6644,Mr渊沐,0,火星文我竟然看懂了，暴露年龄。,2021/5/15,https://www.bilibili.com/video/BV1R64y127qf,【火星中国时刻】天问一号：成功着陆，感觉良好！,0
7694,7698,尼采SS,0,撞击坑里的白色是冰吗？[吃瓜],2021/3/4,https://www.bilibili.com/video/BV1sK4y1J7tU,天问一号：高清火星影像震撼发布,0
8230,8234,小猫咪抓蛋糕,0,[吃瓜],2021/5/15,https://www.bilibili.com/video/BV1Qf4y1a7Lb,泪目！天问一号成功落火，航天人热泪盈眶紧紧相拥！,0
7126,7130,明涉,0,坎星人呼叫，我是被遗弃在火星的工程师，我和我的同事急需救援[tv_鬼脸],2021/5/15,https://www.bilibili.com/video/BV1R64y127qf,【火星中国时刻】天问一号：成功着陆，感觉良好！,1
4278,4282,种花家崽崽,0,中国加油，一定会越来越强大，我爱你中国，比心,2020/7/23,https://www.bilibili.com/video/BV1Sp4y1i7PR,全程回顾 | 天问一号！中国行星探测第一步,1
2983,2987,我是男神up主觉得很赞,0,厉害,2020/7/23,https://www.bilibili.com/video/BV1Fk4y1m77L?p=1,目标火星！天问一号探测器在中国文昌航天发射场发射升空,1
130,133,冯导Fd,0,看完新闻真的是心里感动，眼睛一酸,2020/7/23,https://www.bilibili.com/video/BV19e411s7yT,火星，我们来了！中国首次火星探测任务命名“天问一号”,1
7980,7984,不要吃可爱的饭饭,0,这不应该是第二视角吗？,2021/5/15,https://www.bilibili.com/video/BV1No4y1m7vS,第一视角模拟天问一号登陆火星（中国航天科技集团五院、八院联合制作）,0
2667,2671,谢列苹,3698,果然，上火星比国足进世界杯几率大[吃瓜],2020/7/23,https://www.bilibili.com/video/BV1df4y1R7GB,“天问一号”发射后200多天才能到达，三维带你提前登陆火星,0
7138,7142,站起来_不准跪_,0,好,2021/5/15,https://www.bilibili.com/video/BV1R64y127qf,【火星中国时刻】天问一号：成功着陆，感觉良好！,0
3223,3227,匆心流年,0,上下未形，何由考之？,2020/7/23,https://www.bilibili.com/video/BV1Fk4y1m77L?p=1,目标火星！天问一号探测器在中国文昌航天发射场发射升空,0
7693,7697,李天痕同志,0,土豆服务器？[滑稽],2021/3/4,https://www.bilibili.com/video/BV1sK4y1J7tU,天问一号：高清火星影像震撼发布,0
5392,5396,报告_我没钱,0,[热词系列_好耶],2021/2/12,https://www.bilibili.com/video/BV1rA411T7pN,震撼！“天问一号”探测器火星捕获过程影像发布,0
614,617,黎明信使mj,0,有时候吧，在深夜，抬头仰望一下夜空，看看那浩渺的星晨，想象一下是否会有个其他文明的人也在抬头看着这浩渺的宇宙。,2020/4/25,https://www.bilibili.com/video/BV19e411s7yT,火星，我们来了！中国首次火星探测任务命名“天问一号”,0
10277,10281,小迷糊妞儿姓张,0,想种土豆,2021/2/3,https://www.bilibili.com/video/BV1q5411J73D?from=search&seid=6566064178961068704,我们决定去火星的日子，比你想象得更早,1
1466,1470,宇宙超级无敌爆龙战神,1,已经有人上去过了[doge],2020/4/24,https://www.bilibili.com/video/BV19e411s7yT,火星，我们来了！中国首次火星探测任务命名“天问一号”,0
4497,4501,大表哥_丶,0,上去了先种点苞米[doge],2020/7/23,https://www.bilibili.com/video/BV1Sp4y1i7PR,全程回顾 | 天问一号！中国行星探测第一步,0
3042,3046,柚子味芽衣,0,好ヾ(????????)??太好惹,2020/7/23,https://www.bilibili.com/video/BV1Fk4y1m77L?p=1,目标火星！天问一号探测器在中国文昌航天发射场发射升空,1
2419,2423,一个奇妙的用户,0,火星，我们来啦,2020/7/23,https://www.bilibili.com/video/BV1df4y1R7GB,“天问一号”发射后200多天才能到达，三维带你提前登陆火星,1
5085,5089,at墨茶Official,0,中国牛[打call],2021/5/15,https://www.bilibili.com/video/BV1D64y1C7qU,火星你好！2分钟回顾天问一号“奔火”全过程,1
3294,3298,腌肉面,0,大约二零二一年二月到达火星[OK],2020/7/23,https://www.bilibili.com/video/BV1Fk4y1m77L?p=1,目标火星！天问一号探测器在中国文昌航天发射场发射升空,0
6737,6741,perisj,0,火星文要用了吗？[doge][doge],2021/5/15,https://www.bilibili.com/video/BV1R64y127qf,【火星中国时刻】天问一号：成功着陆，感觉良好！,1
1500,1504,超级无敌可爱的小脑虎,0,火星，你好,2020/4/24,https://www.bilibili.com/video/BV19e411s7yT,火星，我们来了！中国首次火星探测任务命名“天问一号”,0
9018,9022,关中小靓仔,16,2071年：中航35局深空工程队执行探测比邻星计划。,2020/7/19,https://www.bilibili.com/video/BV1za4y1a7UT,“天问一号”即将发射，高清实拍+模拟动画带你提前登陆火星！,1
1521,1525,有两个小苯环形成的萘,0,朝火星进军！[大笑],2020/4/24,https://www.bilibili.com/video/BV19e411s7yT,火星，我们来了！中国首次火星探测任务命名“天问一号”,1
9465,9469,随风的悠扬,0,有没有火星车工作勘探的画面？,2021/5/15,https://www.bilibili.com/video/BV1QN411o7rR?from=search&seid=6566064178961068704,登陆火星为什么最难？看天问一号如何闯过着陆火星的“恐怖9分钟”,0
4232,4236,风不定Frank,0,简介里的视频：周伦杰让我看成了周杰伦,2020/7/23,https://www.bilibili.com/video/BV1Sp4y1i7PR,全程回顾 | 天问一号！中国行星探测第一步,0
7686,7690,我叫韩常事,1,难道没得人发现吗，UP主其实是华子的小迷弟！[吃瓜],2021/3/4,https://www.bilibili.com/video/BV1sK4y1J7tU,天问一号：高清火星影像震撼发布,0
8820,8824,边屿宁云,1,v5v5v5,2020/7/23,https://www.bilibili.com/video/BV1va4y1a7hp?from=search&seid=15075552549875695762,海南民众海边观看天问一号发射升空：连连惊叹 高喊“胖五加油”,0
4430,4434,怡夜知羞,0,光速过审,2020/7/23,https://www.bilibili.com/video/BV1Sp4y1i7PR,全程回顾 | 天问一号！中国行星探测第一步,0
390,393,李白号青莲居士,0,火箭：咏春，天问。火星：。。。,2020/5/5,https://www.bilibili.com/video/BV19e411s7yT,火星，我们来了！中国首次火星探测任务命名“天问一号”,1
10232,10236,东海人民,0,荧火一号，随俄罗斯火箭上天的，然后没了,2021/2/3,https://www.bilibili.com/video/BV1q5411J73D?from=search&seid=6566064178961068704,我们决定去火星的日子，比你想象得更早,0
7124,7128,诉i丶,0,6的,2021/5/15,https://www.bilibili.com/video/BV1R64y127qf,【火星中国时刻】天问一号：成功着陆，感觉良好！,0
5913,5917,待那山花烂漫时3,0,太好了，对于一些神秘好奇迷来说这真是好消息，希望可以在上面种菜，好东西要分享。看过世界各国对火星的猜测，也听闻过火星的各种传闻，什么波力斯卡火星男孩说的真不真，什么海奥华预言是不是扯淡，火星是不是有水有生命，这一次不用全靠外人说了，全靠自己数据支持，打破传闻的最好方法就是身处传闻里。有兴趣的可组群讨论[歪嘴],2021/5/16,https://www.bilibili.com/video/BV1R64y127qf,【火星中国时刻】天问一号：成功着陆，感觉良好！,1
8592,8596,泡泡茶壶哈哈,0,wo～～～,2020/7/24,https://www.bilibili.com/video/BV1va4y1a7hp?from=search&seid=15075552549875695762,海南民众海边观看天问一号发射升空：连连惊叹 高喊“胖五加油”,0
4806,4810,hearthe,34,看哭了，我们正在一步一步见证历史！中国航天真棒！[打call],2021/5/15,https://www.bilibili.com/video/BV1D64y1C7qU,火星你好！2分钟回顾天问一号“奔火”全过程,1
9297,9301,御坂No_19090,1652,看成天河一号要发射了[喜极而泣][笑哭]寻思着要树状图设计者？,2020/7/17,https://www.bilibili.com/video/BV1za4y1a7UT,“天问一号”即将发射，高清实拍+模拟动画带你提前登陆火星！,1
8238,8242,蒙面娃,0,致敬,2021/5/15,https://www.bilibili.com/video/BV1Qf4y1a7Lb,泪目！天问一号成功落火，航天人热泪盈眶紧紧相拥！,1
8044,8048,Snakeking柯南,0,国士无双，国之重器。,2021/5/16,https://www.bilibili.com/video/BV1Qf4y1a7Lb,泪目！天问一号成功落火，航天人热泪盈眶紧紧相拥！,1
10153,10157,龙眼淦,0,[热词系列_芜湖起飞],2021/2/4,https://www.bilibili.com/video/BV1q5411J73D?from=search&seid=6566064178961068704,我们决定去火星的日子，比你想象得更早,1
3993,3997,作为帅球压力很大,0,[OK],2021/6/27,https://www.bilibili.com/video/BV1uy4y1M7dB,骄傲！天问一号系列实拍影像发布,0
10335,10339,一露为殇,1,萤火成黑历史了,2021/2/2,https://www.bilibili.com/video/BV1q5411J73D?from=search&seid=6566064178961068704,我们决定去火星的日子，比你想象得更早,0
6609,6613,阿蝉为什么活着,0,[打call],2021/5/15,https://www.bilibili.com/video/BV1R64y127qf,【火星中国时刻】天问一号：成功着陆，感觉良好！,1
5319,5323,德拉格尼,0,下一步是不是该挖点火星上的土回来看看能不能种菜了？[热词系列_知识增加],2021/2/12,https://www.bilibili.com/video/BV1rA411T7pN,震撼！“天问一号”探测器火星捕获过程影像发布,0
10215,10219,RQHA,0,独立自主,2021/2/3,https://www.bilibili.com/video/BV1q5411J73D?from=search&seid=6566064178961068704,我们决定去火星的日子，比你想象得更早,0
7119,7123,二世囡,0,都看懂了（也暴露年龄了[脱单doge]）,2021/5/15,https://www.bilibili.com/video/BV1R64y127qf,【火星中国时刻】天问一号：成功着陆，感觉良好！,0
2421,2425,向来我属,0,中国科技[加油][加油][加油],2020/7/23,https://www.bilibili.com/video/BV1df4y1R7GB,“天问一号”发射后200多天才能到达，三维带你提前登陆火星,1
5604,5608,大江西的瓜,0,祝贺那位靓仔成功在火星着陆，期待你发来火星能种菜的消息,2021/5/15,https://www.bilibili.com/video/BV1ev41157uU,火星上首次留下中国印迹！动画模拟天问一号着陆过程,1
1750,1754,虎纹鸿鱼,0,南宫问天[doge],2020/4/24,https://www.bilibili.com/video/BV19e411s7yT,火星，我们来了！中国首次火星探测任务命名“天问一号”,0
9549,9553,cyf2001,0,祖国最棒！,2021/5/15,https://www.bilibili.com/video/BV1QN411o7rR?from=search&seid=6566064178961068704,登陆火星为什么最难？看天问一号如何闯过着陆火星的“恐怖9分钟”,1
10087,10091,烫手的锟斤拷,3,萤火一号被遗忘还不是因为媒体宣传天问一号是第一次,2021/2/11,https://www.bilibili.com/video/BV1q5411J73D?from=search&seid=6566064178961068704,我们决定去火星的日子，比你想象得更早,0
338,341,CNHENAN,1,萤火一号算什么？,2020/6/3,https://www.bilibili.com/video/BV19e411s7yT,火星，我们来了！中国首次火星探测任务命名“天问一号”,0
8407,8411,狂若漩,1,气死老子了，当时在吃饭，我妈又不让我看手机，导致我他妈错过了发射时间。[无语][大哭],2020/7/24,https://www.bilibili.com/video/BV1va4y1a7hp?from=search&seid=15075552549875695762,海南民众海边观看天问一号发射升空：连连惊叹 高喊“胖五加油”,-1
1341,1345,小二小二进度条,0,往古来今谓之宙，四方上下谓之宇,2020/4/24,https://www.bilibili.com/video/BV19e411s7yT,火星，我们来了！中国首次火星探测任务命名“天问一号”,1
10003,10007,mwk410,0,[灵魂出窍]虽然探火成功率低，但是没低到刚刚发射就出问题的,2021/5/15,https://www.bilibili.com/video/BV1q5411J73D?from=search&seid=6566064178961068704,我们决定去火星的日子，比你想象得更早,0
7982,7986,某科学的UMA,0,1分钟！,2021/5/15,https://www.bilibili.com/video/BV1No4y1m7vS,第一视角模拟天问一号登陆火星（中国航天科技集团五院、八院联合制作）,0
3640,3644,边家的十二,0,希望中国能在航空航天方面取得更大的成就,2020/7/23,https://www.bilibili.com/video/BV1Fk4y1m77L?p=1,目标火星！天问一号探测器在中国文昌航天发射场发射升空,1
329,332,末日回响响不停,1,天问一号任务有意思的一点是规划暂定的两个登陆点一个距离老美机遇号火星车位置很近，另一个接近火星勘探者号[抠鼻],2020/6/17,https://www.bilibili.com/video/BV19e411s7yT,火星，我们来了！中国首次火星探测任务命名“天问一号”,0
10352,10356,blue-banana,0,前排,2021/2/2,https://www.bilibili.com/video/BV1q5411J73D?from=search&seid=6566064178961068704,我们决定去火星的日子，比你想象得更早,0
3004,3008,千万只小斋,0,火星！！！[干杯],2020/7/23,https://www.bilibili.com/video/BV1Fk4y1m77L?p=1,目标火星！天问一号探测器在中国文昌航天发射场发射升空,1
6960,6964,Lee.曾希先生,0,冒泡,2021/5/15,https://www.bilibili.com/video/BV1R64y127qf,【火星中国时刻】天问一号：成功着陆，感觉良好！,-1
4090,4094,DUI骚人,0,为种菜勘察地形[脱单doge][脱单doge],2021/6/27,https://www.bilibili.com/video/BV1uy4y1M7dB,骄傲！天问一号系列实拍影像发布,0
2322,2326,双标川普的红领巾,0,去火星种土豆,2020/7/24,https://www.bilibili.com/video/BV1df4y1R7GB,“天问一号”发射后200多天才能到达，三维带你提前登陆火星,0
6667,6671,我的笑容竟该死的甜美,0,所以到底着陆了吗,2021/5/15,https://www.bilibili.com/video/BV1R64y127qf,【火星中国时刻】天问一号：成功着陆，感觉良好！,1
7009,7013,love遗忘l,1,[打call],2021/5/15,https://www.bilibili.com/video/BV1R64y127qf,【火星中国时刻】天问一号：成功着陆，感觉良好！,0
4197,4201,b11ba12,0,举债400亿那个王八蛋应该绑到火箭发动机喷嘴底下,2020/7/23,https://www.bilibili.com/video/BV1Sp4y1i7PR,全程回顾 | 天问一号！中国行星探测第一步,0
3549,3553,鲤鱼吃虾米,0,？？？这么突然,2020/7/23,https://www.bilibili.com/video/BV1Fk4y1m77L?p=1,目标火星！天问一号探测器在中国文昌航天发射场发射升空,0
8363,8367,梦幻海洋者,0,有点像秒速五厘米。,2020/7/25,https://www.bilibili.com/video/BV1va4y1a7hp?from=search&seid=15075552549875695762,海南民众海边观看天问一号发射升空：连连惊叹 高喊“胖五加油”,0
4203,4207,墨流分神术,0,爽歪歪,2020/7/23,https://www.bilibili.com/video/BV1Sp4y1i7PR,全程回顾 | 天问一号！中国行星探测第一步,0
9666,9670,丶奥莉安娜的魔偶,0,听到了吗，火星有大气层,2021/5/15,https://www.bilibili.com/video/BV1bU4y1t7Nm?from=search&seid=6566064178961068704,如约而至！我国首次火星探测任务着陆火星圆满成功,0
9279,9283,五年御姐三年萌妹,0,过分了嗷，用新一代载人飞船的CG骗我们??,2020/7/17,https://www.bilibili.com/video/BV1za4y1a7UT,“天问一号”即将发射，高清实拍+模拟动画带你提前登陆火星！,0
6185,6189,舔外国的狗请滚,0,牛！！！！,2021/5/15,https://www.bilibili.com/video/BV1R64y127qf,【火星中国时刻】天问一号：成功着陆，感觉良好！,1
1639,1643,鸿胪寺的海棠花,0,加油加油！,2020/4/24,https://www.bilibili.com/video/BV19e411s7yT,火星，我们来了！中国首次火星探测任务命名“天问一号”,1
9130,9134,偷国人有锤子文化历史,0,想问下，这么飞去火星得花多长时间？地球和火星虽然是邻居，但是距离不近啊,2020/7/18,https://www.bilibili.com/video/BV1za4y1a7UT,“天问一号”即将发射，高清实拍+模拟动画带你提前登陆火星！,0
60,60,心累的很嘞,0,[妙啊],2020/7/25,https://www.bilibili.com/video/BV19e411s7yT,火星，我们来了！中国首次火星探测任务命名“天问一号”,1
1240,1244,优雅的喵喵喵,0,攻打火星人,2020/4/24,https://www.bilibili.com/video/BV19e411s7yT,火星，我们来了！中国首次火星探测任务命名“天问一号”,0
5760,5764,古有风情_月下谈之,0,不知不觉就成功了，这背后都是科研人员的努力。,2021/5/15,https://www.bilibili.com/video/BV1ev41157uU,火星上首次留下中国印迹！动画模拟天问一号着陆过程,1
5136,5140,嗤鼻,0,能不能带两个环绕器，一个主要是通信传输，一个主要是探测分析火星情况,2021/5/24,https://www.bilibili.com/video/BV1qo4y1m7GT,【面对面】天问一号自带“黑匣子” ？专为着陆失败做准备,1
2343,2347,你喜欢吃猫猫虫吗,0,加油,2020/7/24,https://www.bilibili.com/video/BV1df4y1R7GB,“天问一号”发射后200多天才能到达，三维带你提前登陆火星,1
2120,2124,远离喧嚣5,0,bgm是啥啊,2021/4/29,https://www.bilibili.com/video/BV1df4y1R7GB,“天问一号”发射后200多天才能到达，三维带你提前登陆火星,0
1524,1528,点点面面线线,0,我们要又一次见证历史了[打call],2020/4/24,https://www.bilibili.com/video/BV19e411s7yT,火星，我们来了！中国首次火星探测任务命名“天问一号”,1
7617,7621,忧郁蓝月光,0,[怪我咯]祖传BGM呢？,2021/3/5,https://www.bilibili.com/video/BV1sK4y1J7tU,天问一号：高清火星影像震撼发布,0
153,156,大大大大大魔王丶啊咧,0,人类文明虽沧海一粟，但探索之心从未黯淡,2020/7/23,https://www.bilibili.com/video/BV19e411s7yT,火星，我们来了！中国首次火星探测任务命名“天问一号”,1
481,484,你再走一步试试,0,哇[哦呼],2020/4/27,https://www.bilibili.com/video/BV19e411s7yT,火星，我们来了！中国首次火星探测任务命名“天问一号”,0
6122,6126,bili8ilid,0,不赖，起步就比勇气号和机遇号强。不过勇气号那种硬着陆感觉看起来挺酷。,2021/5/15,https://www.bilibili.com/video/BV1R64y127qf,【火星中国时刻】天问一号：成功着陆，感觉良好！,0
7674,7678,画草为霜,0,光音乐就值一键三连,2021/3/4,https://www.bilibili.com/video/BV1sK4y1J7tU,天问一号：高清火星影像震撼发布,0
7101,7105,谷风瀛,0,入乡随俗,2021/5/15,https://www.bilibili.com/video/BV1R64y127qf,【火星中国时刻】天问一号：成功着陆，感觉良好！,0
1762,1766,-我来啦-,1,设计得很好啊！很有意义，很有层次,2020/4/24,https://www.bilibili.com/video/BV19e411s7yT,火星，我们来了！中国首次火星探测任务命名“天问一号”,1
8942,8946,天边的一棵草,0,但还是太阳能动力的，美国人在2012年就发射核动力火星车到火星上去了，我们也要加紧努力啊,2020/7/22,https://www.bilibili.com/video/BV1za4y1a7UT,“天问一号”即将发射，高清实拍+模拟动画带你提前登陆火星！,0
7715,7719,南瓜小饼丝,0,先把火星上最肥的地占了,2021/3/4,https://www.bilibili.com/video/BV1sK4y1J7tU,天问一号：高清火星影像震撼发布,0
9427,9431,蜗牛刚刚,0,你们说地球上有没有外星生物的探测着路器,2021/5/15,https://www.bilibili.com/video/BV1QN411o7rR?from=search&seid=6566064178961068704,登陆火星为什么最难？看天问一号如何闯过着陆火星的“恐怖9分钟”,0
7479,7483,浮瑾流年,3,航天器在宇宙中呆的时间越长就越危险，有越多的未知因素，所以直接登陆反而容易。但我们是第一次，很多数据都没有，需要现场收集，难度就更大了。,2021/4/3,https://www.bilibili.com/video/BV1sK4y1J7tU,天问一号：高清火星影像震撼发布,1
6212,6216,你好安东,1,我被那个叫新华网的UP差点人炸没[笑哭]https://b23.tv/IVM0XW,2021/5/15,https://www.bilibili.com/video/BV1R64y127qf,【火星中国时刻】天问一号：成功着陆，感觉良好！,0
4853,4857,M独角戏M,0,激动人心，棒！[给心心],2021/5/15,https://www.bilibili.com/video/BV1D64y1C7qU,火星你好！2分钟回顾天问一号“奔火”全过程,1
2711,2715,入春萝,0,大制作呀！,2020/7/23,https://www.bilibili.com/video/BV1df4y1R7GB,“天问一号”发射后200多天才能到达，三维带你提前登陆火星,0
6766,6770,丿浮华,0,配乐一改一减，高级感瞬间就出来了[视频卫星][呲牙][呲牙],2021/5/15,https://www.bilibili.com/video/BV1R64y127qf,【火星中国时刻】天问一号：成功着陆，感觉良好！,1
4150,4154,野心Y_Xin,0,我们就要用火星文，不然我们说什么呢,2020/7/24,https://www.bilibili.com/video/BV1Sp4y1i7PR,全程回顾 | 天问一号！中国行星探测第一步,1
1333,1337,印度胖子朋友不高兴了,0,赶紧小本本记下来，今年高考会......抱歉，我忘记我已经是大学生了[doge],2020/4/24,https://www.bilibili.com/video/BV19e411s7yT,火星，我们来了！中国首次火星探测任务命名“天问一号”,0
8378,8382,Bili_370780156,0,文昌人飘过,2020/7/24,https://www.bilibili.com/video/BV1va4y1a7hp?from=search&seid=15075552549875695762,海南民众海边观看天问一号发射升空：连连惊叹 高喊“胖五加油”,0
9745,9749,看见俺请叫俺去画画,0,我就排队打个疫苗，这边就登陆了[惊喜],2021/5/15,https://www.bilibili.com/video/BV1bU4y1t7Nm?from=search&seid=6566064178961068704,如约而至！我国首次火星探测任务着陆火星圆满成功,1
10076,10080,飞越疯人,0,靠别人，不如靠自己。亘古不变,2021/2/13,https://www.bilibili.com/video/BV1q5411J73D?from=search&seid=6566064178961068704,我们决定去火星的日子，比你想象得更早,0
9469,9473,溦溦0,0,已经成功了吗,2021/5/15,https://www.bilibili.com/video/BV1QN411o7rR?from=search&seid=6566064178961068704,登陆火星为什么最难？看天问一号如何闯过着陆火星的“恐怖9分钟”,0
3850,3854,伤无名氏,2,天问：[滑稽],2021/6/27,https://www.bilibili.com/video/BV1uy4y1M7dB,骄傲！天问一号系列实拍影像发布,0
8340,8344,lockon323,0,我们放的是窜天猴，弹幕说的大二踢脚是朝鲜放的[大笑],2020/7/25,https://www.bilibili.com/video/BV1va4y1a7hp?from=search&seid=15075552549875695762,海南民众海边观看天问一号发射升空：连连惊叹 高喊“胖五加油”,-1
4124,4128,GROWLyu,0,甚至有合集[滑稽],2021/6/27,https://www.bilibili.com/video/BV1uy4y1M7dB,骄傲！天问一号系列实拍影像发布,0
9307,9311,超元气细胞隐形守护者,108,[疑惑]如果数字越来越大怎么办？用科学计数法，葛立恒数号,2020/7/17,https://www.bilibili.com/video/BV1za4y1a7UT,“天问一号”即将发射，高清实拍+模拟动画带你提前登陆火星！,0
4788,4792,字子虞,0,天问飞往火星的那段时间，是我考研最辛苦的时间，如今天问安全着陆，我也成功上岸，真的觉得是缘分。,2021/5/15,https://www.bilibili.com/video/BV1D64y1C7qU,火星你好！2分钟回顾天问一号“奔火”全过程,0
2866,2870,一脸呆瓜灬Official,1,芜湖，升空！??,2020/7/23,https://www.bilibili.com/video/BV1Fk4y1m77L?p=1,目标火星！天问一号探测器在中国文昌航天发射场发射升空,1
1386,1390,magicliang88,0,Duang玩家1完成了阿波罗计划,2020/4/24,https://www.bilibili.com/video/BV19e411s7yT,火星，我们来了！中国首次火星探测任务命名“天问一号”,0
5941,5945,神一般的依赖,1,以前嘲笑看不懂的文字是火星文，这下我们真有火星文了[点赞],2021/5/16,https://www.bilibili.com/video/BV1R64y127qf,【火星中国时刻】天问一号：成功着陆，感觉良好！,1
3067,3071,bili_71546816686,0,为什么我的手机在颤抖[呆],2020/7/23,https://www.bilibili.com/video/BV1Fk4y1m77L?p=1,目标火星！天问一号探测器在中国文昌航天发射场发射升空,0
9404,9408,xbhxc,0,难什么难，中国都行[doge],2021/5/15,https://www.bilibili.com/video/BV1QN411o7rR?from=search&seid=6566064178961068704,登陆火星为什么最难？看天问一号如何闯过着陆火星的“恐怖9分钟”,1
3629,3633,可惜我是小废物,0,芜湖，恭喜[星星眼],2020/7/23,https://www.bilibili.com/video/BV1Fk4y1m77L?p=1,目标火星！天问一号探测器在中国文昌航天发射场发射升空,1
9816,9820,应该是阿哇吧,1,一觉醒来，啪一声，就到了[doge],2021/5/15,https://www.bilibili.com/video/BV1bU4y1t7Nm?from=search&seid=6566064178961068704,如约而至！我国首次火星探测任务着陆火星圆满成功,1
9292,9296,齐梵骁本人,0,我天，一上来就有登陆器么？电推是不是也安排一下？？,2020/7/17,https://www.bilibili.com/video/BV1za4y1a7UT,“天问一号”即将发射，高清实拍+模拟动画带你提前登陆火星！,1
3028,3032,Timors,0,我只是来看评论的，有多少人清醒呢,2020/7/23,https://www.bilibili.com/video/BV1Fk4y1m77L?p=1,目标火星！天问一号探测器在中国文昌航天发射场发射升空,0
2969,2973,老子不辩经,0,看看这粗细，看看这大小，一看就不同凡响,2020/7/23,https://www.bilibili.com/video/BV1Fk4y1m77L?p=1,目标火星！天问一号探测器在中国文昌航天发射场发射升空,1
8646,8650,Yangfan_2016,2,好多蛙,2020/7/23,https://www.bilibili.com/video/BV1va4y1a7hp?from=search&seid=15075552549875695762,海南民众海边观看天问一号发射升空：连连惊叹 高喊“胖五加油”,0
6136,6140,小布点的口袋,0,伞兵[微笑],2021/5/15,https://www.bilibili.com/video/BV1R64y127qf,【火星中国时刻】天问一号：成功着陆，感觉良好！,0
8801,8805,小狗永远的神,0,海南人地理优势体现出来了。,2020/7/23,https://www.bilibili.com/video/BV1va4y1a7hp?from=search&seid=15075552549875695762,海南民众海边观看天问一号发射升空：连连惊叹 高喊“胖五加油”,0
4263,4267,顾鹳晨,0,长征五号遥四上印有5个标志，分别是中国国家航天局（CNSA）、欧空局（ESA）、阿根廷国家航天委员会（CONAE）、奥地利研究促进署（FFG）、法国航天局（CNES）。中国将与欧空局、法国航天局等机构展开国际合作，有可能会用到他们的深空测控站，放心吧，这样的国家大计划都是中国自己的技术，比如北斗，都是纯国产，长征五号遥四也一样,2020/7/23,https://www.bilibili.com/video/BV1Sp4y1i7PR,全程回顾 | 天问一号！中国行星探测第一步,1
645,648,中华总会会长-罗师傅,0,万物皆可。。。问？[doge],2020/4/24,https://www.bilibili.com/video/BV19e411s7yT,火星，我们来了！中国首次火星探测任务命名“天问一号”,1
10022,10026,安芷婳,0,对于我们中国人来说，去探索未知的地方是我们中国人最感兴趣的。[打call]。,2021/4/24,https://www.bilibili.com/video/BV1q5411J73D?from=search&seid=6566064178961068704,我们决定去火星的日子，比你想象得更早,1
2074,2078,且掷孤杯与明月,0,棒！,2020/4/24,https://www.bilibili.com/video/BV19e411s7yT,火星，我们来了！中国首次火星探测任务命名“天问一号”,0
341,344,进击的哈蒙德,1,前方空间净空，请求跳跃。,2020/6/1,https://www.bilibili.com/video/BV19e411s7yT,火星，我们来了！中国首次火星探测任务命名“天问一号”,0
8041,8045,雪雪雪雪下,1,这他妈才是我的偶像！！！！,2021/5/16,https://www.bilibili.com/video/BV1Qf4y1a7Lb,泪目！天问一号成功落火，航天人热泪盈眶紧紧相拥！,0
1622,1626,孟白z,1,冲冲冲！！[打call][打call][打call],2020/4/24,https://www.bilibili.com/video/BV19e411s7yT,火星，我们来了！中国首次火星探测任务命名“天问一号”,1
7141,7145,橘_果沫,0,什么时候能拿点土回来[doge],2021/5/15,https://www.bilibili.com/video/BV1R64y127qf,【火星中国时刻】天问一号：成功着陆，感觉良好！,1
5796,5800,安力恪,0,[打call][打call][打call],2021/5/15,https://www.bilibili.com/video/BV1ev41157uU,火星上首次留下中国印迹！动画模拟天问一号着陆过程,1
7184,7188,老鼠提猫满街找刀,0,牙套妹奈何美色，妹妹有这样强大美腿,2021/5/15,https://www.bilibili.com/video/BV1R64y127qf,【火星中国时刻】天问一号：成功着陆，感觉良好！,0
8232,8236,土星的带鱼,0,星辰大海！！！,2021/5/15,https://www.bilibili.com/video/BV1Qf4y1a7Lb,泪目！天问一号成功落火，航天人热泪盈眶紧紧相拥！,1
5475,5479,东方山顶上的鹳鸟,0,好耶！,2021/5/16,https://www.bilibili.com/video/BV1ev41157uU,火星上首次留下中国印迹！动画模拟天问一号着陆过程,1
9605,9609,山西团团的保安队长,0,天问来问天啦！[热词系列_芜湖起飞],2021/5/15,https://www.bilibili.com/video/BV1bU4y1t7Nm?from=search&seid=6566064178961068704,如约而至！我国首次火星探测任务着陆火星圆满成功,1
74,75,JR铁道迷,1,火星自古以来就是中国的。。。邻居星球,2020/7/24,https://www.bilibili.com/video/BV19e411s7yT,火星，我们来了！中国首次火星探测任务命名“天问一号”,0
10269,10273,17只为30而来,207,要是能种菜[害羞]环境要是能适合中国人生存[星星眼]那么早日发明太空飞船吧，我们就去火星，不和弱智同球籍（这里的弱智我可没有说是美国哦）[doge][doge][doge][doge][doge],2021/2/3,https://www.bilibili.com/video/BV1q5411J73D?from=search&seid=6566064178961068704,我们决定去火星的日子，比你想象得更早,0
8633,8637,嘿嘿嘿802,2,期待以后能在南海某岛礁上发射火箭,2020/7/23,https://www.bilibili.com/video/BV1va4y1a7hp?from=search&seid=15075552549875695762,海南民众海边观看天问一号发射升空：连连惊叹 高喊“胖五加油”,0
9582,9586,美丽小灰猫,1,太棒了[打call][打call][打call],2021/5/16,https://www.bilibili.com/video/BV1bU4y1t7Nm?from=search&seid=6566064178961068704,如约而至！我国首次火星探测任务着陆火星圆满成功,1
2051,2055,遁一风,0,首次前排,2020/4/24,https://www.bilibili.com/video/BV19e411s7yT,火星，我们来了！中国首次火星探测任务命名“天问一号”,0
2541,2545,来点化学题补补脑,0,感觉它好孤单……,2020/7/23,https://www.bilibili.com/video/BV1df4y1R7GB,“天问一号”发射后200多天才能到达，三维带你提前登陆火星,0
1301,1305,荀溯,11,九歌和怀沙也安排一下[doge],2020/4/24,https://www.bilibili.com/video/BV19e411s7yT,火星，我们来了！中国首次火星探测任务命名“天问一号”,1
5877,5881,公园恰泡面,2,那些阴阳怪气的车都没开盒呢等过几天录像图片来了别删评噢[呲牙],2021/5/17,https://www.bilibili.com/video/BV1R64y127qf,【火星中国时刻】天问一号：成功着陆，感觉良好！,0
7368,7372,7丶芮,0,天问一号：你是gg还是mm啊,2021/5/15,https://www.bilibili.com/video/BV1R64y127qf,【火星中国时刻】天问一号：成功着陆，感觉良好！,1
1304,1308,灵虚山竹l,0,天问加油，中国加油[打call],2020/4/24,https://www.bilibili.com/video/BV19e411s7yT,火星，我们来了！中国首次火星探测任务命名“天问一号”,1
8428,8432,世界起翦颇牧,0,红色中国奔向红色星球。,2020/7/24,https://www.bilibili.com/video/BV1va4y1a7hp?from=search&seid=15075552549875695762,海南民众海边观看天问一号发射升空：连连惊叹 高喊“胖五加油”,1
9440,9444,格物家,0,感觉技术还是不够成熟，这更像是一个程序化过程，设定指令然后根据这个指令运行，全程自主。,2021/5/15,https://www.bilibili.com/video/BV1QN411o7rR?from=search&seid=6566064178961068704,登陆火星为什么最难？看天问一号如何闯过着陆火星的“恐怖9分钟”,-1
2599,2603,捡拾记忆的旅者,0,话说什么时候研究太空电梯？有了这东西，人类不就能登陆火星了么，这样就有机会一起去了[OK]而且将来还能把骨灰盒发射出太阳系遨游宇宙去。对了，有没有人打算一起创立高深公司啊[doge],2020/7/23,https://www.bilibili.com/video/BV1df4y1R7GB,“天问一号”发射后200多天才能到达，三维带你提前登陆火星,0
2573,2577,winfred91,0,没有深空机动，差评[doge],2020/7/23,https://www.bilibili.com/video/BV1df4y1R7GB,“天问一号”发射后200多天才能到达，三维带你提前登陆火星,0
3186,3190,古人风,1,我们的目标是星辰大海！！！,2020/7/23,https://www.bilibili.com/video/BV1Fk4y1m77L?p=1,目标火星！天问一号探测器在中国文昌航天发射场发射升空,1
2768,2772,run82,1,我手机在震动，关了所有音量也在震,2020/7/23,https://www.bilibili.com/video/BV1Fk4y1m77L?p=1,目标火星！天问一号探测器在中国文昌航天发射场发射升空,0
4831,4835,金芥穗雄,0,妈耶，棒棒棒！,2021/5/15,https://www.bilibili.com/video/BV1D64y1C7qU,火星你好！2分钟回顾天问一号“奔火”全过程,1
4223,4227,詩酒趁年華Frank,1,天问一号成功发射,2020/7/23,https://www.bilibili.com/video/BV1Sp4y1i7PR,全程回顾 | 天问一号！中国行星探测第一步,1
10018,10022,一顿十碗饭,0,歪，到了嘛？[星星眼],2021/4/29,https://www.bilibili.com/video/BV1q5411J73D?from=search&seid=6566064178961068704,我们决定去火星的日子，比你想象得更早,1
2106,2110,风吹山上月,1,昨晚新闻说择机降落，今天早上起来发现已经登陆成功！一头懵，感觉好快！[思考],2021/5/15,https://www.bilibili.com/video/BV1df4y1R7GB,“天问一号”发射后200多天才能到达，三维带你提前登陆火星,1
2679,2683,KK阁下,0,[热词系列_知识增加],2020/7/23,https://www.bilibili.com/video/BV1df4y1R7GB,“天问一号”发射后200多天才能到达，三维带你提前登陆火星,0
1387,1391,非酋体质拥有者,1,我们的征途是星辰大海！,2020/4/24,https://www.bilibili.com/video/BV19e411s7yT,火星，我们来了！中国首次火星探测任务命名“天问一号”,1
10357,10361,永远陪着你27,1,????av669846254,2021/2/2,https://www.bilibili.com/video/BV1q5411J73D?from=search&seid=6566064178961068704,我们决定去火星的日子，比你想象得更早,0
10028,10032,梦境迷蝶ty,13,为什么要去火星？答:日本排放核废水污染了地球，地球已不适宜人类居住[妙啊],2021/4/14,https://www.bilibili.com/video/BV1q5411J73D?from=search&seid=6566064178961068704,我们决定去火星的日子，比你想象得更早,0
7083,7087,土豆丝洋芋,0,所以能找到祝融殿吗,2021/5/15,https://www.bilibili.com/video/BV1R64y127qf,【火星中国时刻】天问一号：成功着陆，感觉良好！,1
1279,1283,种花家的琼兔子,0,帅呆了啊啊啊啊啊啊啊啊啊,2020/4/24,https://www.bilibili.com/video/BV19e411s7yT,火星，我们来了！中国首次火星探测任务命名“天问一号”,1
804,807,收敛和发散,0,2020年光见证历史了[吃瓜],2020/4/24,https://www.bilibili.com/video/BV19e411s7yT,火星，我们来了！中国首次火星探测任务命名“天问一号”,1
1555,1559,星煜煜兮娉娉,4,希望稳打稳扎，别盲目立项，目前我们的航天技术很落后，和美俄差距巨大，应该多培养人才多研发技术争取缩小技术代差,2020/4/24,https://www.bilibili.com/video/BV19e411s7yT,火星，我们来了！中国首次火星探测任务命名“天问一号”,-1
9847,9851,只坐飞机的乌鸦,0,来个自拍看看,2021/5/15,https://www.bilibili.com/video/BV1bU4y1t7Nm?from=search&seid=6566064178961068704,如约而至！我国首次火星探测任务着陆火星圆满成功,0
4566,4570,想和你喝杯奶茶,2,有人能解释一下照片是什么技术传的吗[打call],2021/5/16,https://www.bilibili.com/video/BV1D64y1C7qU,火星你好！2分钟回顾天问一号“奔火”全过程,0
10038,10042,山区的路难走,2,你们的马云行不行？[吃瓜],2021/4/13,https://www.bilibili.com/video/BV1q5411J73D?from=search&seid=6566064178961068704,我们决定去火星的日子，比你想象得更早,0
4841,4845,天不生我欢sir,1,帅[热词系列_排面],2021/5/15,https://www.bilibili.com/video/BV1D64y1C7qU,火星你好！2分钟回顾天问一号“奔火”全过程,1
3594,3598,cczzxxzz,0,震撼,2020/7/23,https://www.bilibili.com/video/BV1Fk4y1m77L?p=1,目标火星！天问一号探测器在中国文昌航天发射场发射升空,1
6035,6039,自闭海豹,0,天问一号都登陆火星了我还没点出皮甲技术[笑哭]皮甲都没做好,2021/5/15,https://www.bilibili.com/video/BV1R64y127qf,【火星中国时刻】天问一号：成功着陆，感觉良好！,0
6852,6856,斋哥是牙签,0,这视频做得太棒了！震撼啊[笑哭],2021/5/15,https://www.bilibili.com/video/BV1R64y127qf,【火星中国时刻】天问一号：成功着陆，感觉良好！,1
8705,8709,IHZV,0,[doge]B站下午7点直播,2020/7/23,https://www.bilibili.com/video/BV1va4y1a7hp?from=search&seid=15075552549875695762,海南民众海边观看天问一号发射升空：连连惊叹 高喊“胖五加油”,0
4177,4181,粉芭拉咚芭拉,0,致敬为祖国奉献的科研人员,2020/7/23,https://www.bilibili.com/video/BV1Sp4y1i7PR,全程回顾 | 天问一号！中国行星探测第一步,1
1308,1312,东林辰沐,0,我们不建立火星殖民地，而是要构建宇宙共同体,2020/4/24,https://www.bilibili.com/video/BV19e411s7yT,火星，我们来了！中国首次火星探测任务命名“天问一号”,1
9106,9110,bee蚊蚊,0,期待，一定要成功,2020/7/18,https://www.bilibili.com/video/BV1za4y1a7UT,“天问一号”即将发射，高清实拍+模拟动画带你提前登陆火星！,1
3452,3456,饭圈永远的男神袁老,1,芜湖~起飞????????,2020/7/23,https://www.bilibili.com/video/BV1Fk4y1m77L?p=1,目标火星！天问一号探测器在中国文昌航天发射场发射升空,1
3695,3699,熙萌,0,祖国牛！牛！牛！,2020/7/23,https://www.bilibili.com/video/BV1Fk4y1m77L?p=1,目标火星！天问一号探测器在中国文昌航天发射场发射升空,1
4242,4246,冲网人,0,火星在吗？要不要加个好友,2020/7/23,https://www.bilibili.com/video/BV1Sp4y1i7PR,全程回顾 | 天问一号！中国行星探测第一步,0
2198,2202,芜湖大厨可,0,好家伙，到了记得看一下好奇号,2020/7/26,https://www.bilibili.com/video/BV1df4y1R7GB,“天问一号”发射后200多天才能到达，三维带你提前登陆火星,-1
8966,8970,光盘专业收藏20年,0,期待，马上中国要成第二个登陆火星的大国了,2020/7/20,https://www.bilibili.com/video/BV1za4y1a7UT,“天问一号”即将发射，高清实拍+模拟动画带你提前登陆火星！,1
4425,4429,九福宝,2,向航天奋斗在航天事业人员致敬，辛苦了，预祝国富民强，梦想辉煌，中国航天加油！,2020/7/23,https://www.bilibili.com/video/BV1Sp4y1i7PR,全程回顾 | 天问一号！中国行星探测第一步,1
6150,6154,年更宝本宝,0,我天，物理老师又有出题的素材了,2021/5/15,https://www.bilibili.com/video/BV1R64y127qf,【火星中国时刻】天问一号：成功着陆，感觉良好！,0
943,946,茉筱染,0,求BGM[星星眼],2020/4/24,https://www.bilibili.com/video/BV19e411s7yT,火星，我们来了！中国首次火星探测任务命名“天问一号”,0
822,825,沙发上的ligez,0,有备份星吗？有的话2022年在射一颗怎样？[doge],2020/4/24,https://www.bilibili.com/video/BV19e411s7yT,火星，我们来了！中国首次火星探测任务命名“天问一号”,1
5005,5009,车厘子果派,0,[热词系列_妙啊],2021/5/15,https://www.bilibili.com/video/BV1D64y1C7qU,火星你好！2分钟回顾天问一号“奔火”全过程,0
6612,6616,混吃等死的帅哥儿,0,可算是着陆了，一次成功，太强了,2021/5/15,https://www.bilibili.com/video/BV1R64y127qf,【火星中国时刻】天问一号：成功着陆，感觉良好！,1
8356,8360,BL又当又立,0,祖国越来越好，真的好高兴。一路顺风,2020/7/25,https://www.bilibili.com/video/BV1va4y1a7hp?from=search&seid=15075552549875695762,海南民众海边观看天问一号发射升空：连连惊叹 高喊“胖五加油”,1
5619,5623,简予呀简予,4,啊啊啊啊啊啊好激动好激动好激动啊啊啊啊[打call][打call],2021/5/15,https://www.bilibili.com/video/BV1ev41157uU,火星上首次留下中国印迹！动画模拟天问一号着陆过程,1
4547,4551,小小梦想家→,0,我们的征途是星辰大海,2021/5/22,https://www.bilibili.com/video/BV1D64y1C7qU,火星你好！2分钟回顾天问一号“奔火”全过程,1
2538,2542,泡泡噗咯咯,25,一定要成功，明年高考让我做十道这个题都可以,2020/7/23,https://www.bilibili.com/video/BV1df4y1R7GB,“天问一号”发射后200多天才能到达，三维带你提前登陆火星,0
5207,5211,航天五院总体设计部,1267,为五院人打call为中国航天打call[打call],2021/5/24,https://www.bilibili.com/video/BV1qo4y1m7GT,【面对面】天问一号自带“黑匣子” ？专为着陆失败做准备,1
9875,9879,最初嘚声音,0,有一说一，你这不挖点土回来研究研究？看看能不能种菜,2021/5/15,https://www.bilibili.com/video/BV1bU4y1t7Nm?from=search&seid=6566064178961068704,如约而至！我国首次火星探测任务着陆火星圆满成功,0
9355,9359,战乱年代丶情动初开,0,我们平时能看到的ufo怕不是像这样的，在地球上进行的，飞行器自主飞行训练？在做提前的飞行器ia调试？,2021/5/16,https://www.bilibili.com/video/BV1QN411o7rR?from=search&seid=6566064178961068704,登陆火星为什么最难？看天问一号如何闯过着陆火星的“恐怖9分钟”,0
3054,3058,老酒点,0,加油。,2020/7/23,https://www.bilibili.com/video/BV1Fk4y1m77L?p=1,目标火星！天问一号探测器在中国文昌航天发射场发射升空,1
3675,3679,Owen-shan,0,满满的感动,2020/7/23,https://www.bilibili.com/video/BV1Fk4y1m77L?p=1,目标火星！天问一号探测器在中国文昌航天发射场发射升空,1
7776,7780,配奇本人,1,我们都是追梦人[2021][打call][打call][打call],2021/3/4,https://www.bilibili.com/video/BV1sK4y1J7tU,天问一号：高清火星影像震撼发布,1
7218,7222,阿杰解说,0,太棒了，我的国，请给科技工作者发点实在的奖励，他们值得拥有。,2021/5/15,https://www.bilibili.com/video/BV1R64y127qf,【火星中国时刻】天问一号：成功着陆，感觉良好！,1
6722,6726,qq8712017,0,遇到美国火星车记得给它使个袢子，摔它个龟孙,2021/5/15,https://www.bilibili.com/video/BV1R64y127qf,【火星中国时刻】天问一号：成功着陆，感觉良好！,1
3300,3304,只要感到快乐就够了,0,祝一路平安，顺利到达目的地[星星眼],2020/7/23,https://www.bilibili.com/video/BV1Fk4y1m77L?p=1,目标火星！天问一号探测器在中国文昌航天发射场发射升空,1
3310,3314,水墨清浅,0,好胖的火箭??，[打call]我们来啦,2020/7/23,https://www.bilibili.com/video/BV1Fk4y1m77L?p=1,目标火星！天问一号探测器在中国文昌航天发射场发射升空,1
7221,7225,为了我你不能再晚睡了,0,《本土化》,2021/5/15,https://www.bilibili.com/video/BV1R64y127qf,【火星中国时刻】天问一号：成功着陆，感觉良好！,1
8519,8523,用的还是剪子,0,所以一定要多读书，别一激动的时候就会喔喔喔的[doge],2020/7/24,https://www.bilibili.com/video/BV1va4y1a7hp?from=search&seid=15075552549875695762,海南民众海边观看天问一号发射升空：连连惊叹 高喊“胖五加油”,0
5954,5958,尸骨未寒麦凯恩,1,秦始皇兵马俑发来贺电,2021/5/16,https://www.bilibili.com/video/BV1R64y127qf,【火星中国时刻】天问一号：成功着陆，感觉良好！,1
832,835,岐阳,0,前往未至，发现未知！加油！,2020/4/24,https://www.bilibili.com/video/BV19e411s7yT,火星，我们来了！中国首次火星探测任务命名“天问一号”,1
3462,3466,稷山精神病院孙医生,1,人类加油！,2020/7/23,https://www.bilibili.com/video/BV1Fk4y1m77L?p=1,目标火星！天问一号探测器在中国文昌航天发射场发射升空,1
7643,7647,hrdcft,0,这不得去找找美国佬损失的探测器恶心他们一波[吃瓜],2021/3/4,https://www.bilibili.com/video/BV1sK4y1J7tU,天问一号：高清火星影像震撼发布,1
54,54,建筑学徒熬,0,[打call],2020/7/26,https://www.bilibili.com/video/BV19e411s7yT,火星，我们来了！中国首次火星探测任务命名“天问一号”,1
3451,3455,FirFore,0,这火焰好看啊[星星眼],2020/7/23,https://www.bilibili.com/video/BV1Fk4y1m77L?p=1,目标火星！天问一号探测器在中国文昌航天发射场发射升空,1
6305,6309,丝竹日月,0,以后的网络验证码改成火星文阅读理解，弄死西方那帮孙贼,2021/5/15,https://www.bilibili.com/video/BV1R64y127qf,【火星中国时刻】天问一号：成功着陆，感觉良好！,0
1481,1485,死撑到天明,0,简称，“问号”？,2020/4/24,https://www.bilibili.com/video/BV19e411s7yT,火星，我们来了！中国首次火星探测任务命名“天问一号”,0
4873,4877,0魔力星团0,0,接下来就等我们的小车车亮相啦,2021/5/15,https://www.bilibili.com/video/BV1D64y1C7qU,火星你好！2分钟回顾天问一号“奔火”全过程,0
8038,8042,敏敏欧,0,致敬航天人,2021/5/16,https://www.bilibili.com/video/BV1Qf4y1a7Lb,泪目！天问一号成功落火，航天人热泪盈眶紧紧相拥！,1
3335,3339,沙耶普斯,0,文明科技胜利，获得时代分,2020/7/23,https://www.bilibili.com/video/BV1Fk4y1m77L?p=1,目标火星！天问一号探测器在中国文昌航天发射场发射升空,1
6016,6020,洲の轨迹,0,[热词系列_妙啊],2021/5/15,https://www.bilibili.com/video/BV1R64y127qf,【火星中国时刻】天问一号：成功着陆，感觉良好！,1
4926,4930,今天你午睡了呢,0,中国的火星时代开启！棒棒哒！[星星眼][星星眼][星星眼],2021/5/15,https://www.bilibili.com/video/BV1D64y1C7qU,火星你好！2分钟回顾天问一号“奔火”全过程,1
9138,9142,張国荣_桐桐,0,[热词系列_梦幻联动],2020/7/18,https://www.bilibili.com/video/BV1za4y1a7UT,“天问一号”即将发射，高清实拍+模拟动画带你提前登陆火星！,0
5797,5801,时窥云间玥,1,好耶！！,2021/5/15,https://www.bilibili.com/video/BV1ev41157uU,火星上首次留下中国印迹！动画模拟天问一号着陆过程,1
10204,10208,死机SA-MA,0,我们的征途是星辰大海！,2021/2/3,https://www.bilibili.com/video/BV1q5411J73D?from=search&seid=6566064178961068704,我们决定去火星的日子，比你想象得更早,0
5083,5087,穆然之心,0,nb,2021/5/15,https://www.bilibili.com/video/BV1D64y1C7qU,火星你好！2分钟回顾天问一号“奔火”全过程,1
6645,6649,伏虎战神,0,中国实现首次行星际登陆探测，这是踏向伟大征程的坚实一步！,2021/5/15,https://www.bilibili.com/video/BV1R64y127qf,【火星中国时刻】天问一号：成功着陆，感觉良好！,1
5490,5494,前卫的生活,3,今年高考的物理压轴题有了,2021/5/15,https://www.bilibili.com/video/BV1ev41157uU,火星上首次留下中国印迹！动画模拟天问一号着陆过程,0
768,771,1536875,0,天问，这名字好听,2020/4/24,https://www.bilibili.com/video/BV19e411s7yT,火星，我们来了！中国首次火星探测任务命名“天问一号”,1
2065,2069,AccelCYang,2,我们的征途是星辰大海！[黑洞],2020/4/24,https://www.bilibili.com/video/BV19e411s7yT,火星，我们来了！中国首次火星探测任务命名“天问一号”,1
9861,9865,瞧亿下,0,打卡纪念,2021/5/15,https://www.bilibili.com/video/BV1bU4y1t7Nm?from=search&seid=6566064178961068704,如约而至！我国首次火星探测任务着陆火星圆满成功,0
7311,7315,超哥_Stephen,0,共青团皮，共青团皮，共青团皮完，新华社皮[妙啊][妙啊][妙啊],2021/5/15,https://www.bilibili.com/video/BV1R64y127qf,【火星中国时刻】天问一号：成功着陆，感觉良好！,0
8477,8481,可乐十二罐,0,小伙子深知加个字儿就播不了了,2020/7/24,https://www.bilibili.com/video/BV1va4y1a7hp?from=search&seid=15075552549875695762,海南民众海边观看天问一号发射升空：连连惊叹 高喊“胖五加油”,0
4524,4528,米斯特胖不了先生,77,我要等有倒计时和B站跟踪飞行正常的的版本,2020/7/23,https://www.bilibili.com/video/BV1Sp4y1i7PR,全程回顾 | 天问一号！中国行星探测第一步,0
2717,2721,梨花绘尽不沾衣,0,我们的目标是星辰大海,2020/7/23,https://www.bilibili.com/video/BV1df4y1R7GB,“天问一号”发射后200多天才能到达，三维带你提前登陆火星,1
2079,2083,骚评,681,见证历史！,2020/4/24,https://www.bilibili.com/video/BV19e411s7yT,火星，我们来了！中国首次火星探测任务命名“天问一号”,1
8914,8918,阿拉蕾的娱乐中心,0,有点小激动哦,2020/7/22,https://www.bilibili.com/video/BV1za4y1a7UT,“天问一号”即将发射，高清实拍+模拟动画带你提前登陆火星！,0
951,954,樱木花道doggy,5,见证历史，加油中国，加油郭忠,2020/4/24,https://www.bilibili.com/video/BV19e411s7yT,火星，我们来了！中国首次火星探测任务命名“天问一号”,1
8058,8062,浅语如烟,0,着陆了，太好了，致敬！,2021/5/16,https://www.bilibili.com/video/BV1Qf4y1a7Lb,泪目！天问一号成功落火，航天人热泪盈眶紧紧相拥！,1
2482,2486,广东公共交通迷,0,中国真厉害[热词系列_三连]，迟早打败美国！,2020/7/23,https://www.bilibili.com/video/BV1df4y1R7GB,“天问一号”发射后200多天才能到达，三维带你提前登陆火星,1
9181,9185,#NAME?,0,2020，精彩！！！！！！[点赞][点赞][点赞][鼓掌],2020/7/17,https://www.bilibili.com/video/BV1za4y1a7UT,“天问一号”即将发射，高清实拍+模拟动画带你提前登陆火星！,1
1759,1763,周四星期几啊,1,天问上九天，蛟龙下五洋！,2020/4/24,https://www.bilibili.com/video/BV19e411s7yT,火星，我们来了！中国首次火星探测任务命名“天问一号”,1
4422,4426,森理萤一-K1,0,被B站给坑了[无语]，那个晚八点的直播是个啥？,2020/7/23,https://www.bilibili.com/video/BV1Sp4y1i7PR,全程回顾 | 天问一号！中国行星探测第一步,0
6704,6708,幻想鄉の鄉長,0,什么时候出真实画面啊？想看火星地表,2021/5/15,https://www.bilibili.com/video/BV1R64y127qf,【火星中国时刻】天问一号：成功着陆，感觉良好！,1
5182,5186,韭青华,0,[微笑][微笑][微笑][OK],2021/5/24,https://www.bilibili.com/video/BV1qo4y1m7GT,【面对面】天问一号自带“黑匣子” ？专为着陆失败做准备,0
8533,8537,战略忽悠局河北分局,1,真的点了旁边的椰子林吗[doge],2020/7/24,https://www.bilibili.com/video/BV1va4y1a7hp?from=search&seid=15075552549875695762,海南民众海边观看天问一号发射升空：连连惊叹 高喊“胖五加油”,0
3701,3705,樱桃不吃草莓,1,我们的目标是星辰大海,2020/7/23,https://www.bilibili.com/video/BV1Fk4y1m77L?p=1,目标火星！天问一号探测器在中国文昌航天发射场发射升空,1
4243,4247,野生的文盲小狸猫,0,想和中科院的航空工程师结婚，可惜没机会啊[大哭][大哭][大哭][大哭]谁能给我这个机会呀？！,2020/7/23,https://www.bilibili.com/video/BV1Sp4y1i7PR,全程回顾 | 天问一号！中国行星探测第一步,0
688,691,远程满,0,航天系列的名字都很好，这是属于我们中国人的浪漫,2020/4/24,https://www.bilibili.com/video/BV19e411s7yT,火星，我们来了！中国首次火星探测任务命名“天问一号”,1
3432,3436,燕绥prokif,0,祝贺[笑],2020/7/23,https://www.bilibili.com/video/BV1Fk4y1m77L?p=1,目标火星！天问一号探测器在中国文昌航天发射场发射升空,1
4944,4948,宴会女神阿库娅,0,我们的目标是星辰大海,2021/5/15,https://www.bilibili.com/video/BV1D64y1C7qU,火星你好！2分钟回顾天问一号“奔火”全过程,1
966,969,约离约离,0,竞争哪里都有,2020/4/24,https://www.bilibili.com/video/BV19e411s7yT,火星，我们来了！中国首次火星探测任务命名“天问一号”,0
9845,9849,夜猫恋梦,0,泪目，感动。,2021/5/15,https://www.bilibili.com/video/BV1bU4y1t7Nm?from=search&seid=6566064178961068704,如约而至！我国首次火星探测任务着陆火星圆满成功,1
2713,2717,梦书宁,0,为祖国加油吧,2020/7/23,https://www.bilibili.com/video/BV1df4y1R7GB,“天问一号”发射后200多天才能到达，三维带你提前登陆火星,1
4757,4761,zx123654,0,建立永久月球基地后就是建立火星基地，一步一步来,2021/5/15,https://www.bilibili.com/video/BV1D64y1C7qU,火星你好！2分钟回顾天问一号“奔火”全过程,0
9908,9912,羽杭员,23,太空啊，隔壁二次元物理所都比你快[doge],2021/5/15,https://www.bilibili.com/video/BV1bU4y1t7Nm?from=search&seid=6566064178961068704,如约而至！我国首次火星探测任务着陆火星圆满成功,0
6320,6324,嘟嘟嘟Job,0,卧槽,2021/5/15,https://www.bilibili.com/video/BV1R64y127qf,【火星中国时刻】天问一号：成功着陆，感觉良好！,0
5975,5979,莫得感情的声豚,0,我只想知道一点，能不能种菜！[思考],2021/5/16,https://www.bilibili.com/video/BV1R64y127qf,【火星中国时刻】天问一号：成功着陆，感觉良好！,0
3572,3576,木制饼干,0,我们的目标是星辰大海[打call],2020/7/23,https://www.bilibili.com/video/BV1Fk4y1m77L?p=1,目标火星！天问一号探测器在中国文昌航天发射场发射升空,1
5299,5303,Phobos_T,0,欢迎回家,2021/2/12,https://www.bilibili.com/video/BV1rA411T7pN,震撼！“天问一号”探测器火星捕获过程影像发布,0
1990,1994,梦中扎营,0,加油,2020/4/24,https://www.bilibili.com/video/BV19e411s7yT,火星，我们来了！中国首次火星探测任务命名“天问一号”,1
1205,1209,不似海外,15,虽然说美国上世纪就去了，但是这是中国的第一步,2020/4/24,https://www.bilibili.com/video/BV19e411s7yT,火星，我们来了！中国首次火星探测任务命名“天问一号”,1
4971,4975,oooooooooooooooM,0,好！！,2021/5/15,https://www.bilibili.com/video/BV1D64y1C7qU,火星你好！2分钟回顾天问一号“奔火”全过程,1
10095,10099,西尔威,1,已经到了[OK],2021/2/10,https://www.bilibili.com/video/BV1q5411J73D?from=search&seid=6566064178961068704,我们决定去火星的日子，比你想象得更早,0
6783,6787,晚安宇姐,0,这不先抢领土，免得以后移民火星，地盘该小了[doge][doge][doge],2021/5/15,https://www.bilibili.com/video/BV1R64y127qf,【火星中国时刻】天问一号：成功着陆，感觉良好！,1
3600,3604,魂淡流觞,0,芜湖~起飞！,2020/7/23,https://www.bilibili.com/video/BV1Fk4y1m77L?p=1,目标火星！天问一号探测器在中国文昌航天发射场发射升空,1
6490,6494,小小凌凌,1,哈哈哈哈哈哈哈哈哈哈，先笑为先,2021/5/15,https://www.bilibili.com/video/BV1R64y127qf,【火星中国时刻】天问一号：成功着陆，感觉良好！,0
8609,8613,牛莎拉蒂,0,有点科幻片那味了,2020/7/24,https://www.bilibili.com/video/BV1va4y1a7hp?from=search&seid=15075552549875695762,海南民众海边观看天问一号发射升空：连连惊叹 高喊“胖五加油”,0
10358,10362,大电灯泡Official,1,苏联噩梦:火星,2021/2/2,https://www.bilibili.com/video/BV1q5411J73D?from=search&seid=6566064178961068704,我们决定去火星的日子，比你想象得更早,0
8070,8074,没天赋的李老师,0,张荣桥，我老乡和我同学一个村的，还是一中校友[支持],2021/5/16,https://www.bilibili.com/video/BV1Qf4y1a7Lb,泪目！天问一号成功落火，航天人热泪盈眶紧紧相拥！,1
8577,8581,增援未来章北海,1,我是星，利剑开刃，寒光锋芒的银星，绝不消隐！,2020/7/24,https://www.bilibili.com/video/BV1va4y1a7hp?from=search&seid=15075552549875695762,海南民众海边观看天问一号发射升空：连连惊叹 高喊“胖五加油”,1
7973,7977,青茶鹤壁烟,1,祝贺[羞羞],2021/5/15,https://www.bilibili.com/video/BV1No4y1m7vS,第一视角模拟天问一号登陆火星（中国航天科技集团五院、八院联合制作）,1
1625,1629,中国的小兔子,1,作为行星科学的研究生真的很期待，加油啊！！！,2020/4/24,https://www.bilibili.com/video/BV19e411s7yT,火星，我们来了！中国首次火星探测任务命名“天问一号”,1
536,539,凤梨雷达,0,考点来了[滑稽][滑稽],2020/4/26,https://www.bilibili.com/video/BV19e411s7yT,火星，我们来了！中国首次火星探测任务命名“天问一号”,0
8766,8770,TONY0313,33,弹幕发蒸桑拿的，在火箭下面蒸桑拿估计下面骨灰都不剩,2020/7/23,https://www.bilibili.com/video/BV1va4y1a7hp?from=search&seid=15075552549875695762,海南民众海边观看天问一号发射升空：连连惊叹 高喊“胖五加油”,0
7970,7974,伊斯塔_肥灵,18,这已经是落后技术了吗？[doge][doge],2021/5/15,https://www.bilibili.com/video/BV1No4y1m7vS,第一视角模拟天问一号登陆火星（中国航天科技集团五院、八院联合制作）,-1
4212,4216,泽泽鱼oo,0,火星我们来啦,2020/7/23,https://www.bilibili.com/video/BV1Sp4y1i7PR,全程回顾 | 天问一号！中国行星探测第一步,1
6456,6460,伊藤miku,0,厉害，中国太厉害了,2021/5/15,https://www.bilibili.com/video/BV1R64y127qf,【火星中国时刻】天问一号：成功着陆，感觉良好！,1
3507,3511,周白-鸭,0,天问启航，火星再见,2020/7/23,https://www.bilibili.com/video/BV1Fk4y1m77L?p=1,目标火星！天问一号探测器在中国文昌航天发射场发射升空,1
8393,8397,-笠原May-,0,沃，沃，沃，沃～～，沃～～，沃～～～～～～，沃，沃～～，沃～。[妙啊],2020/7/24,https://www.bilibili.com/video/BV1va4y1a7hp?from=search&seid=15075552549875695762,海南民众海边观看天问一号发射升空：连连惊叹 高喊“胖五加油”,0
7112,7116,馊衣_they,0,鼻子酸了,2021/5/15,https://www.bilibili.com/video/BV1R64y127qf,【火星中国时刻】天问一号：成功着陆，感觉良好！,0
2708,2712,海问香的意中人,768,到达火星需要两百多天，问，我们到达三体世界需要多久[滑稽],2020/7/23,https://www.bilibili.com/video/BV1df4y1R7GB,“天问一号”发射后200多天才能到达，三维带你提前登陆火星,0
5031,5035,一只小璃洛,0,我们的征途是——星辰大海！[打call],2021/5/15,https://www.bilibili.com/video/BV1D64y1C7qU,火星你好！2分钟回顾天问一号“奔火”全过程,1
6514,6518,卡尔达瓦里希,0,CG做得越来越好[星星眼],2021/5/15,https://www.bilibili.com/video/BV1R64y127qf,【火星中国时刻】天问一号：成功着陆，感觉良好！,1
4662,4666,芷葉紗绶,0,火星网友，你好[给心心],2021/5/15,https://www.bilibili.com/video/BV1D64y1C7qU,火星你好！2分钟回顾天问一号“奔火”全过程,0
4021,4025,胖胖的土豆,0,航吧，度日如年,2021/6/27,https://www.bilibili.com/video/BV1uy4y1M7dB,骄傲！天问一号系列实拍影像发布,0
1854,1858,凇凇凇凇凇,1,加油鸭！~中国[tv_亲亲],2020/4/24,https://www.bilibili.com/video/BV19e411s7yT,火星，我们来了！中国首次火星探测任务命名“天问一号”,1
9783,9787,wubo4109,0,下一个，核聚变[打call],2021/5/15,https://www.bilibili.com/video/BV1bU4y1t7Nm?from=search&seid=6566064178961068704,如约而至！我国首次火星探测任务着陆火星圆满成功,1
2872,2876,草祭忆经幡,0,手机振动真的带感,2020/7/23,https://www.bilibili.com/video/BV1Fk4y1m77L?p=1,目标火星！天问一号探测器在中国文昌航天发射场发射升空,0
3030,3034,Fight雾,4,中国????！！！冲！！！,2020/7/23,https://www.bilibili.com/video/BV1Fk4y1m77L?p=1,目标火星！天问一号探测器在中国文昌航天发射场发射升空,1
1645,1649,中國南方網友,10,可上九天揽月，可下五洋捉鳖。,2020/4/24,https://www.bilibili.com/video/BV19e411s7yT,火星，我们来了！中国首次火星探测任务命名“天问一号”,1
3417,3421,初心のところ,0,加油吧中国，,2020/7/23,https://www.bilibili.com/video/BV1Fk4y1m77L?p=1,目标火星！天问一号探测器在中国文昌航天发射场发射升空,1
3476,3480,坐落梧桐,1,??????,2020/7/23,https://www.bilibili.com/video/BV1Fk4y1m77L?p=1,目标火星！天问一号探测器在中国文昌航天发射场发射升空,0
9915,9919,冬瓜汤007,1,！！！！！！,2021/5/15,https://www.bilibili.com/video/BV1bU4y1t7Nm?from=search&seid=6566064178961068704,如约而至！我国首次火星探测任务着陆火星圆满成功,1
1792,1796,魔門公子,0,共同开发，自古以来[doge],2020/4/24,https://www.bilibili.com/video/BV19e411s7yT,火星，我们来了！中国首次火星探测任务命名“天问一号”,1
3797,3801,okhttpl,0,祝贺??,2020/7/23,https://www.bilibili.com/video/BV1Fk4y1m77L?p=1,目标火星！天问一号探测器在中国文昌航天发射场发射升空,1
3368,3372,未知前路,0,起航，目标，火星,2020/7/23,https://www.bilibili.com/video/BV1Fk4y1m77L?p=1,目标火星！天问一号探测器在中国文昌航天发射场发射升空,1
7196,7200,陪汝走天涯,0,火星文都是我们九零后的回忆呀,2021/5/15,https://www.bilibili.com/video/BV1R64y127qf,【火星中国时刻】天问一号：成功着陆，感觉良好！,0
10010,10014,吃小朋友的花椒,5,成功了！我们成功了！,2021/5/15,https://www.bilibili.com/video/BV1q5411J73D?from=search&seid=6566064178961068704,我们决定去火星的日子，比你想象得更早,1
5109,5113,宝贝小婧妤,1,中国的脊梁是这些大佬,2021/5/29,https://www.bilibili.com/video/BV1qo4y1m7GT,【面对面】天问一号自带“黑匣子” ？专为着陆失败做准备,1
6024,6028,丶肉包o,0,火星可以种菜吗？,2021/5/15,https://www.bilibili.com/video/BV1R64y127qf,【火星中国时刻】天问一号：成功着陆，感觉良好！,0
8795,8799,爱吃泡面的牛油果,0,扶摇直上____,2020/7/23,https://www.bilibili.com/video/BV1va4y1a7hp?from=search&seid=15075552549875695762,海南民众海边观看天问一号发射升空：连连惊叹 高喊“胖五加油”,0
9647,9651,澹台清,0,壮哉我大种花,2021/5/15,https://www.bilibili.com/video/BV1bU4y1t7Nm?from=search&seid=6566064178961068704,如约而至！我国首次火星探测任务着陆火星圆满成功,0
126,129,扬弃并非洋气,1,中国南部发生森林纵火案，肇事者正在逃往火星,2020/7/23,https://www.bilibili.com/video/BV19e411s7yT,火星，我们来了！中国首次火星探测任务命名“天问一号”,0
5959,5963,有故事的小脑斧,1,哎呀，随便扔掉的底盘和降落伞会不会砸到火星小朋友，即使砸到花花草草也不好呀[doge],2021/5/16,https://www.bilibili.com/video/BV1R64y127qf,【火星中国时刻】天问一号：成功着陆，感觉良好！,0
3876,3880,酒窝团子,0,好好看,2021/6/27,https://www.bilibili.com/video/BV1uy4y1M7dB,骄傲！天问一号系列实拍影像发布,1
4451,4455,生吃柠檬不加糖,5,天问一号，前进四！[视频卫星],2020/7/23,https://www.bilibili.com/video/BV1Sp4y1i7PR,全程回顾 | 天问一号！中国行星探测第一步,1
7147,7151,大六一,0,啊啊啊，我直接啊啊啊了，耶,2021/5/15,https://www.bilibili.com/video/BV1R64y127qf,【火星中国时刻】天问一号：成功着陆，感觉良好！,0
3531,3535,张麻子本麻,0,国之大器！,2020/7/23,https://www.bilibili.com/video/BV1Fk4y1m77L?p=1,目标火星！天问一号探测器在中国文昌航天发射场发射升空,1
827,830,病态圣徒,0,火星我leile,2020/4/24,https://www.bilibili.com/video/BV19e411s7yT,火星，我们来了！中国首次火星探测任务命名“天问一号”,1
7790,7794,氧烷真好喝,0,爱了爱了！[热词系列_吹爆][热词系列_知识增加][热词系列_吹爆],2021/3/4,https://www.bilibili.com/video/BV1sK4y1J7tU,天问一号：高清火星影像震撼发布,1
984,987,GyangOO,0,三个愿望一次满足,2020/4/24,https://www.bilibili.com/video/BV19e411s7yT,火星，我们来了！中国首次火星探测任务命名“天问一号”,1
7783,7787,Vant137,0,火星房价怎么样,2021/3/4,https://www.bilibili.com/video/BV1sK4y1J7tU,天问一号：高清火星影像震撼发布,1
2443,2447,想回来,0,又给军方验证技术,2020/7/23,https://www.bilibili.com/video/BV1df4y1R7GB,“天问一号”发射后200多天才能到达，三维带你提前登陆火星,0
8554,8558,很脏的羊,0,九折？中国牛逼！[喜欢],2020/7/24,https://www.bilibili.com/video/BV1va4y1a7hp?from=search&seid=15075552549875695762,海南民众海边观看天问一号发射升空：连连惊叹 高喊“胖五加油”,0
345,348,开普勒的可喵,0,图标，联考已考，前来还愿[惊喜],2020/5/29,https://www.bilibili.com/video/BV19e411s7yT,火星，我们来了！中国首次火星探测任务命名“天问一号”,0
814,817,这个用户名一共就十字,0,这个名字真的霸气,2020/4/24,https://www.bilibili.com/video/BV19e411s7yT,火星，我们来了！中国首次火星探测任务命名“天问一号”,1
6166,6170,哀家2020,0,虽然我看懂了，但一个字都不认得,2021/5/15,https://www.bilibili.com/video/BV1R64y127qf,【火星中国时刻】天问一号：成功着陆，感觉良好！,0
5779,5783,MATLABR2021a,0,[支持][支持][支持],2021/5/15,https://www.bilibili.com/video/BV1ev41157uU,火星上首次留下中国印迹！动画模拟天问一号着陆过程,1
2116,2120,序弦O,4,今天天问一号成功登陆火星了，特来报喜5.15,2021/5/15,https://www.bilibili.com/video/BV1df4y1R7GB,“天问一号”发射后200多天才能到达，三维带你提前登陆火星,1
793,796,念橘思酸,0,[打call],2020/4/24,https://www.bilibili.com/video/BV19e411s7yT,火星，我们来了！中国首次火星探测任务命名“天问一号”,1
6898,6902,狛宝,0,[热词系列_吹爆][热词系列_好耶],2021/5/15,https://www.bilibili.com/video/BV1R64y127qf,【火星中国时刻】天问一号：成功着陆，感觉良好！,1
2674,2678,任识的陌生人,8,我带你去火星上爬山[滑稽],2020/7/23,https://www.bilibili.com/video/BV1df4y1R7GB,“天问一号”发射后200多天才能到达，三维带你提前登陆火星,1
94,96,中华家的兔子,0,天问问天,2020/7/23,https://www.bilibili.com/video/BV19e411s7yT,火星，我们来了！中国首次火星探测任务命名“天问一号”,1
4225,4229,吐司面包夹辣条,0,好大的针,2020/7/23,https://www.bilibili.com/video/BV1Sp4y1i7PR,全程回顾 | 天问一号！中国行星探测第一步,0
3756,3760,死星清洁工,0,ohhhhhhhhhhh,2020/7/23,https://www.bilibili.com/video/BV1Fk4y1m77L?p=1,目标火星！天问一号探测器在中国文昌航天发射场发射升空,1
2891,2895,贾悟饭和龟波功,0,中国航天，加油[打call],2020/7/23,https://www.bilibili.com/video/BV1Fk4y1m77L?p=1,目标火星！天问一号探测器在中国文昌航天发射场发射升空,1
2371,2375,funky_party,0,骄傲！,2020/7/23,https://www.bilibili.com/video/BV1df4y1R7GB,“天问一号”发射后200多天才能到达，三维带你提前登陆火星,1
9744,9748,弑神龙隐,0,能不能种地？,2021/5/15,https://www.bilibili.com/video/BV1bU4y1t7Nm?from=search&seid=6566064178961068704,如约而至！我国首次火星探测任务着陆火星圆满成功,1
3228,3232,一个_TNT,0,见证历史,2020/7/23,https://www.bilibili.com/video/BV1Fk4y1m77L?p=1,目标火星！天问一号探测器在中国文昌航天发射场发射升空,1
7863,7867,王帅至上,1,在，什么时候能移民火星[吃瓜],2021/3/4,https://www.bilibili.com/video/BV1sK4y1J7tU,天问一号：高清火星影像震撼发布,1
6359,6363,了他,0,卧槽，UFO,2021/5/15,https://www.bilibili.com/video/BV1R64y127qf,【火星中国时刻】天问一号：成功着陆，感觉良好！,0
9548,9552,湫与椿的鲲,0,盲猜一手高考物理题,2021/5/15,https://www.bilibili.com/video/BV1QN411o7rR?from=search&seid=6566064178961068704,登陆火星为什么最难？看天问一号如何闯过着陆火星的“恐怖9分钟”,0
7326,7330,秋冽蜕变,0,火星文！,2021/5/15,https://www.bilibili.com/video/BV1R64y127qf,【火星中国时刻】天问一号：成功着陆，感觉良好！,1
6028,6032,chy1898,0,这拍的真清楚，比别的国的清晰多了,2021/5/15,https://www.bilibili.com/video/BV1R64y127qf,【火星中国时刻】天问一号：成功着陆，感觉良好！,-1
1865,1869,Valiant_heart,0,争霸星际[热词系列_吹爆][热词系列_吹爆],2020/4/24,https://www.bilibili.com/video/BV19e411s7yT,火星，我们来了！中国首次火星探测任务命名“天问一号”,1
4612,4616,1B4S,0,因为火星距离我们太远，信号在火星传播到地球时受到距离和宇宙辐射影响，所以BGM听起来有些失真，这属于正常情况[OK],2021/5/15,https://www.bilibili.com/video/BV1D64y1C7qU,火星你好！2分钟回顾天问一号“奔火”全过程,0
2645,2649,咦我谁啊,12,ksp可以的,2020/7/23,https://www.bilibili.com/video/BV1df4y1R7GB,“天问一号”发射后200多天才能到达，三维带你提前登陆火星,1
2243,2247,非你所出不叫情书,0,[喜欢],2020/7/24,https://www.bilibili.com/video/BV1df4y1R7GB,“天问一号”发射后200多天才能到达，三维带你提前登陆火星,0
5373,5377,残简断篇,0,可以穿视频，技术啊,2021/2/12,https://www.bilibili.com/video/BV1rA411T7pN,震撼！“天问一号”探测器火星捕获过程影像发布,0
2336,2340,-遇北-,0,先投个币，等着陆那天再三连加分享,2020/7/24,https://www.bilibili.com/video/BV1df4y1R7GB,“天问一号”发射后200多天才能到达，三维带你提前登陆火星,0
950,953,融化的ICE,1,天问一号，前进四！[打call][打call][打call],2020/4/24,https://www.bilibili.com/video/BV19e411s7yT,火星，我们来了！中国首次火星探测任务命名“天问一号”,1
1120,1124,空城_澹月,0,以前看过一本书叫火星救援，挺不错的,2020/4/24,https://www.bilibili.com/video/BV19e411s7yT,火星，我们来了！中国首次火星探测任务命名“天问一号”,0
2204,2208,蕾咪喵,1,KSP也太强了吧排面啊,2020/7/25,https://www.bilibili.com/video/BV1df4y1R7GB,“天问一号”发射后200多天才能到达，三维带你提前登陆火星,0
419,422,滑屠稽,0,唉??,2020/5/1,https://www.bilibili.com/video/BV19e411s7yT,火星，我们来了！中国首次火星探测任务命名“天问一号”,0
922,925,别动我的垃圾,0,火星救援预感,2020/4/24,https://www.bilibili.com/video/BV19e411s7yT,火星，我们来了！中国首次火星探测任务命名“天问一号”,1
8669,8673,啦丶啦灬丶,0,这真的是人类的壮举啊,2020/7/23,https://www.bilibili.com/video/BV1va4y1a7hp?from=search&seid=15075552549875695762,海南民众海边观看天问一号发射升空：连连惊叹 高喊“胖五加油”,1
5408,5412,未来永远不会来,0,前排,2021/2/12,https://www.bilibili.com/video/BV1rA411T7pN,震撼！“天问一号”探测器火星捕获过程影像发布,0
5788,5792,不知所措的十一,0,有外星人嘛,2021/5/15,https://www.bilibili.com/video/BV1ev41157uU,火星上首次留下中国印迹！动画模拟天问一号着陆过程,0
5742,5746,巧克力精灵,42,突然有点想哭[大哭],2021/5/15,https://www.bilibili.com/video/BV1ev41157uU,火星上首次留下中国印迹！动画模拟天问一号着陆过程,1
7667,7671,星辰一只兔,0,祖国我爱你！！！~我好兴奋啊~[喜欢],2021/3/4,https://www.bilibili.com/video/BV1sK4y1J7tU,天问一号：高清火星影像震撼发布,1
5567,5571,橘征继,0,见证历史！,2021/5/15,https://www.bilibili.com/video/BV1ev41157uU,火星上首次留下中国印迹！动画模拟天问一号着陆过程,1
8135,8139,琼华修仙研究中心,5,加油，像我这种废物只能支持一下大佬，大佬才是让中国科技进步的栋梁。,2021/5/15,https://www.bilibili.com/video/BV1Qf4y1a7Lb,泪目！天问一号成功落火，航天人热泪盈眶紧紧相拥！,0
1202,1206,蒋蒋逛B站,0,其实屈原早就为我们设好了名字[大笑],2020/4/24,https://www.bilibili.com/video/BV19e411s7yT,火星，我们来了！中国首次火星探测任务命名“天问一号”,1
5765,5769,长安两三片月,684,崽，我到了，一切安好，大家放心,2021/5/15,https://www.bilibili.com/video/BV1ev41157uU,火星上首次留下中国印迹！动画模拟天问一号着陆过程,1
8389,8393,糖醋排骨里脊肉,1,名字真的好好听啊！天问！,2020/7/24,https://www.bilibili.com/video/BV1va4y1a7hp?from=search&seid=15075552549875695762,海南民众海边观看天问一号发射升空：连连惊叹 高喊“胖五加油”,1
1970,1974,陪跑抽奖员,1,要记下，考试要考,2020/4/24,https://www.bilibili.com/video/BV19e411s7yT,火星，我们来了！中国首次火星探测任务命名“天问一号”,0
4018,4022,Frankweng,2,这火星车轮子还是个舵轮机构[打call][打call],2021/6/27,https://www.bilibili.com/video/BV1uy4y1M7dB,骄傲！天问一号系列实拍影像发布,1
3687,3691,青涩的邂逅,0,帅[支持],2020/7/23,https://www.bilibili.com/video/BV1Fk4y1m77L?p=1,目标火星！天问一号探测器在中国文昌航天发射场发射升空,1
1997,2001,2eREP,0,终于等到我们自家的了！祖国牛！加油！,2020/4/24,https://www.bilibili.com/video/BV19e411s7yT,火星，我们来了！中国首次火星探测任务命名“天问一号”,1
4033,4037,Fly0330,0,[热词系列_爱了爱了],2021/6/27,https://www.bilibili.com/video/BV1uy4y1M7dB,骄傲！天问一号系列实拍影像发布,1
1248,1252,MB是头熊,0,看成问天一号的同学这里集合，我来开车统一起组团看眼科,2020/4/24,https://www.bilibili.com/video/BV19e411s7yT,火星，我们来了！中国首次火星探测任务命名“天问一号”,1
2192,2196,东风快递炸沉日本,0,中国是全人类最大贡献者,2020/7/26,https://www.bilibili.com/video/BV1df4y1R7GB,“天问一号”发射后200多天才能到达，三维带你提前登陆火星,1
2712,2716,timej,0,前十？,2020/7/23,https://www.bilibili.com/video/BV1df4y1R7GB,“天问一号”发射后200多天才能到达，三维带你提前登陆火星,0
9184,9188,Kerman-Bob,1,这是KSP吗？,2020/7/17,https://www.bilibili.com/video/BV1za4y1a7UT,“天问一号”即将发射，高清实拍+模拟动画带你提前登陆火星！,0
2190,2194,战忽局远程战略支援部,0,人类的赞歌就是勇气的赞歌,2020/7/26,https://www.bilibili.com/video/BV1df4y1R7GB,“天问一号”发射后200多天才能到达，三维带你提前登陆火星,1
4670,4674,莱恩火弹,0,好！[Cat_fight],2021/5/15,https://www.bilibili.com/video/BV1D64y1C7qU,火星你好！2分钟回顾天问一号“奔火”全过程,1
5142,5146,微爱芒果,1,最可爱的人！,2021/5/24,https://www.bilibili.com/video/BV1qo4y1m7GT,【面对面】天问一号自带“黑匣子” ？专为着陆失败做准备,1
5984,5988,自由-天性,0,恭喜恭喜，湖南人民发来祝贺！[打call],2021/5/16,https://www.bilibili.com/video/BV1R64y127qf,【火星中国时刻】天问一号：成功着陆，感觉良好！,1
6565,6569,苍穹之上的秘密,2,火星靓仔呀，来找你玩了[doge],2021/5/15,https://www.bilibili.com/video/BV1R64y127qf,【火星中国时刻】天问一号：成功着陆，感觉良好！,1
7804,7808,bili_22606580236,0,[支持][支持][支持],2021/3/4,https://www.bilibili.com/video/BV1sK4y1J7tU,天问一号：高清火星影像震撼发布,0
6943,6947,小p孩哈,0,牛皮[打call],2021/5/15,https://www.bilibili.com/video/BV1R64y127qf,【火星中国时刻】天问一号：成功着陆，感觉良好！,0
2136,2140,大熊熊呢呢呢,1,胖五就是好看。,2021/2/3,https://www.bilibili.com/video/BV1df4y1R7GB,“天问一号”发射后200多天才能到达，三维带你提前登陆火星,1
1065,1068,霜西瓜,0,连探火星都来了，登月还远吗？[妙啊][妙啊],2020/4/24,https://www.bilibili.com/video/BV19e411s7yT,火星，我们来了！中国首次火星探测任务命名“天问一号”,1
600,603,澈澄之心,0,有大佬能帮忙解释一下c3是啥意思吗？[鼓掌][鼓掌],2020/4/25,https://www.bilibili.com/video/BV19e411s7yT,火星，我们来了！中国首次火星探测任务命名“天问一号”,0
4227,4231,星星的微笑小孩,0,震撼！[爱心],2020/7/23,https://www.bilibili.com/video/BV1Sp4y1i7PR,全程回顾 | 天问一号！中国行星探测第一步,1
7577,7581,黑白虹,0,不要告诉我它不能种菜[喜极而泣],2021/3/6,https://www.bilibili.com/video/BV1sK4y1J7tU,天问一号：高清火星影像震撼发布,0
77,78,qazwscdfrdf,1,火星车，应该命名为“天元”，天元和天问，多么工整的搭配呀,2020/7/24,https://www.bilibili.com/video/BV19e411s7yT,火星，我们来了！中国首次火星探测任务命名“天问一号”,0
7546,7550,尤克里里三根弦,1,以后历史性的第一次都用这个bgm，就跟第一个卫星东方红上了天一样，那时卫星放的就是东方红。[打call],2021/3/13,https://www.bilibili.com/video/BV1sK4y1J7tU,天问一号：高清火星影像震撼发布,1
2898,2902,皮皮虾我们再走,1,芜湖，起飞[妙啊],2020/7/23,https://www.bilibili.com/video/BV1Fk4y1m77L?p=1,目标火星！天问一号探测器在中国文昌航天发射场发射升空,0
4820,4824,hecps,2,时间真快，都第二年五月了,2021/5/15,https://www.bilibili.com/video/BV1D64y1C7qU,火星你好！2分钟回顾天问一号“奔火”全过程,0
9657,9661,XXOOPOS,0,前不久才登月。这就登陆火星了。是开了buff吧,2021/5/15,https://www.bilibili.com/video/BV1bU4y1t7Nm?from=search&seid=6566064178961068704,如约而至！我国首次火星探测任务着陆火星圆满成功,1
6413,6417,是紫妍吖,0,好浪漫啊,2021/5/15,https://www.bilibili.com/video/BV1R64y127qf,【火星中国时刻】天问一号：成功着陆，感觉良好！,1
9444,9448,纯血小白,0,最后还为啥呲地一下放个“屁”？有知道的吗,2021/5/15,https://www.bilibili.com/video/BV1QN411o7rR?from=search&seid=6566064178961068704,登陆火星为什么最难？看天问一号如何闯过着陆火星的“恐怖9分钟”,0
9064,9068,ZT展图00,0,别“归零”就行，不然又得鸽两年[怪我咯],2020/7/18,https://www.bilibili.com/video/BV1za4y1a7UT,“天问一号”即将发射，高清实拍+模拟动画带你提前登陆火星！,-1
8007,8011,君名ぃ,2,国士无双，戏子误国,2021/5/17,https://www.bilibili.com/video/BV1Qf4y1a7Lb,泪目！天问一号成功落火，航天人热泪盈眶紧紧相拥！,0
5468,5472,wains331,0,登录月球和火星到底有哪些作用，我是一点不懂，谁能说说。,2021/5/17,https://www.bilibili.com/video/BV1ev41157uU,火星上首次留下中国印迹！动画模拟天问一号着陆过程,0
5951,5955,星之波澜,1,差的太远了，想当年哥伦布发现美洲大陆到之后得知地球是圆的并开始开发美洲大陆前后只用了不到百年，我们在火星的一小步到之后的发展进程可估计我们太慢了，进步太慢了，数百年能开发火星是可期，但很遥远,2021/5/16,https://www.bilibili.com/video/BV1R64y127qf,【火星中国时刻】天问一号：成功着陆，感觉良好！,-1
3391,3395,亚瑟圆桌魔术师梅林,0,我们的征途是星辰大海,2020/7/23,https://www.bilibili.com/video/BV1Fk4y1m77L?p=1,目标火星！天问一号探测器在中国文昌航天发射场发射升空,1
5415,5419,裸奔蛇,0,我也要加油了，莱多,2021/2/12,https://www.bilibili.com/video/BV1rA411T7pN,震撼！“天问一号”探测器火星捕获过程影像发布,0
2560,2564,假面骑士Cronus,1,OHHHHHHHHHHHHH,2020/7/23,https://www.bilibili.com/video/BV1df4y1R7GB,“天问一号”发射后200多天才能到达，三维带你提前登陆火星,1
8162,8166,bili_93161850111,0,致敬！,2021/5/15,https://www.bilibili.com/video/BV1Qf4y1a7Lb,泪目！天问一号成功落火，航天人热泪盈眶紧紧相拥！,1
2635,2639,小小小小鸟s,0,天文一号可还行[吃瓜]激动得连字都打错了,2020/7/23,https://www.bilibili.com/video/BV1df4y1R7GB,“天问一号”发射后200多天才能到达，三维带你提前登陆火星,1
5256,5260,奉弦披瑟,8,好家伙，被骗了这么多年，原来火星是奶白色的。。。还是说飞过头飞到土星去了？,2021/2/12,https://www.bilibili.com/video/BV1rA411T7pN,震撼！“天问一号”探测器火星捕获过程影像发布,0
3530,3534,miemiejun,0,哇哇，加油！,2020/7/23,https://www.bilibili.com/video/BV1Fk4y1m77L?p=1,目标火星！天问一号探测器在中国文昌航天发射场发射升空,1
8567,8571,中华之剑5,0,[视频卫星],2020/7/24,https://www.bilibili.com/video/BV1va4y1a7hp?from=search&seid=15075552549875695762,海南民众海边观看天问一号发射升空：连连惊叹 高喊“胖五加油”,0
1908,1912,nongfu-spring,0,冲冲冲[吃瓜],2020/4/24,https://www.bilibili.com/video/BV19e411s7yT,火星，我们来了！中国首次火星探测任务命名“天问一号”,1
235,238,LGDYK,1,一定要成功啊[热词系列_奥力给],2020/7/19,https://www.bilibili.com/video/BV19e411s7yT,火星，我们来了！中国首次火星探测任务命名“天问一号”,1
1604,1608,强化次级治疗术,0,等我2021年变成火星人再来看一遍,2020/4/24,https://www.bilibili.com/video/BV19e411s7yT,火星，我们来了！中国首次火星探测任务命名“天问一号”,1
7984,7988,民国豌豆,0,封面第一眼看上去像水滴[笑哭],2021/5/15,https://www.bilibili.com/video/BV1No4y1m7vS,第一视角模拟天问一号登陆火星（中国航天科技集团五院、八院联合制作）,0
9310,9314,利维亚的gay骆驼,8,一定成功[加油][加油][加油],2020/7/17,https://www.bilibili.com/video/BV1za4y1a7UT,“天问一号”即将发射，高清实拍+模拟动画带你提前登陆火星！,1
3490,3494,甜里带酸,1,漫漫征途第一步,2020/7/23,https://www.bilibili.com/video/BV1Fk4y1m77L?p=1,目标火星！天问一号探测器在中国文昌航天发射场发射升空,1
1994,1998,梦想丶承诺,0,中国加油，航天加油，火星探测加油[打call][打call],2020/4/24,https://www.bilibili.com/video/BV19e411s7yT,火星，我们来了！中国首次火星探测任务命名“天问一号”,1
2824,2828,是江桑呐,1,就在我们家,2020/7/23,https://www.bilibili.com/video/BV1Fk4y1m77L?p=1,目标火星！天问一号探测器在中国文昌航天发射场发射升空,0
9638,9642,ThumWheel,0,城隍呢？土地爷呢？山神水神呢[doge],2021/5/15,https://www.bilibili.com/video/BV1bU4y1t7Nm?from=search&seid=6566064178961068704,如约而至！我国首次火星探测任务着陆火星圆满成功,0
1342,1346,三尺峰,0,哭了[大哭],2020/4/24,https://www.bilibili.com/video/BV19e411s7yT,火星，我们来了！中国首次火星探测任务命名“天问一号”,1
8512,8516,艾欧尼亚战队,0,中国牛逼(破音)[打call]！！！,2020/7/24,https://www.bilibili.com/video/BV1va4y1a7hp?from=search&seid=15075552549875695762,海南民众海边观看天问一号发射升空：连连惊叹 高喊“胖五加油”,1
1619,1623,暗影8295,0,oh！！吼吼！,2020/4/24,https://www.bilibili.com/video/BV19e411s7yT,火星，我们来了！中国首次火星探测任务命名“天问一号”,0
5287,5291,HiMiTsuの,2,p2视频加过速吗，火星转的也太快了吧,2021/2/12,https://www.bilibili.com/video/BV1rA411T7pN,震撼！“天问一号”探测器火星捕获过程影像发布,0
2060,2064,如果没有你就没有如果,0,冲鸭！,2020/4/24,https://www.bilibili.com/video/BV19e411s7yT,火星，我们来了！中国首次火星探测任务命名“天问一号”,1
10332,10336,飘香大肉粽o,14,啊，这不是过气网红吗？,2021/2/2,https://www.bilibili.com/video/BV1q5411J73D?from=search&seid=6566064178961068704,我们决定去火星的日子，比你想象得更早,0
2219,2223,庭城,0,我一直有个疑问，为什么太空没有空气，飞行器还没喷射类似火焰的气,2020/7/25,https://www.bilibili.com/video/BV1df4y1R7GB,“天问一号”发射后200多天才能到达，三维带你提前登陆火星,0
6038,6042,无聊醉梦乡,0,我们星辰大海路上的里程碑,2021/5/15,https://www.bilibili.com/video/BV1R64y127qf,【火星中国时刻】天问一号：成功着陆，感觉良好！,1
260,263,就赌我会死吧,1,我这个火星人要被发现了[doge],2020/7/17,https://www.bilibili.com/video/BV19e411s7yT,火星，我们来了！中国首次火星探测任务命名“天问一号”,0
10223,10227,HeroHearts,0,[热词系列_好耶],2021/2/3,https://www.bilibili.com/video/BV1q5411J73D?from=search&seid=6566064178961068704,我们决定去火星的日子，比你想象得更早,1
9093,9097,Joexiake,0,不要又失败啊！保佑保佑保佑……,2020/7/18,https://www.bilibili.com/video/BV1za4y1a7UT,“天问一号”即将发射，高清实拍+模拟动画带你提前登陆火星！,1
3744,3748,轻风微荡,0,我们的目标是星辰大海,2020/7/23,https://www.bilibili.com/video/BV1Fk4y1m77L?p=1,目标火星！天问一号探测器在中国文昌航天发射场发射升空,1
2026,2030,Joewy,0,帅,2020/4/24,https://www.bilibili.com/video/BV19e411s7yT,火星，我们来了！中国首次火星探测任务命名“天问一号”,0
6988,6992,丸子的碎花裙,0,[热词系列_好家伙]，是内味了[嗑瓜子],2021/5/15,https://www.bilibili.com/video/BV1R64y127qf,【火星中国时刻】天问一号：成功着陆，感觉良好！,0
4234,4238,第一皇妃是我地,1,芜湖～起飞～,2020/7/23,https://www.bilibili.com/video/BV1Sp4y1i7PR,全程回顾 | 天问一号！中国行星探测第一步,1
1917,1921,hhbbgb,0,哈哈，我来了，不，中华民族归来了,2020/4/24,https://www.bilibili.com/video/BV19e411s7yT,火星，我们来了！中国首次火星探测任务命名“天问一号”,1
1828,1832,兆肥丨壹贰叁肆,0,哇这名字起得秒啊啊[热词系列_妙啊],2020/4/24,https://www.bilibili.com/video/BV19e411s7yT,火星，我们来了！中国首次火星探测任务命名“天问一号”,1
6233,6237,智能设备中国观察砖家,2,美国人民发来贺电,2021/5/15,https://www.bilibili.com/video/BV1R64y127qf,【火星中国时刻】天问一号：成功着陆，感觉良好！,1
9688,9692,可爱的小肝猪呀,0,乌托邦？,2021/5/15,https://www.bilibili.com/video/BV1bU4y1t7Nm?from=search&seid=6566064178961068704,如约而至！我国首次火星探测任务着陆火星圆满成功,1
6283,6287,瓜瓞绵绵9527,0,我当时就在现场，用手机拍的[doge],2021/5/15,https://www.bilibili.com/video/BV1R64y127qf,【火星中国时刻】天问一号：成功着陆，感觉良好！,0
4208,4212,宸宸拔拔,0,简介里的名字看成周杰伦的举手[喜极而泣],2020/7/23,https://www.bilibili.com/video/BV1Sp4y1i7PR,全程回顾 | 天问一号！中国行星探测第一步,0
224,227,宇宙第一抬杠妖精,0,只有我觉得问天这个名字更好听吗[doge],2020/7/22,https://www.bilibili.com/video/BV19e411s7yT,火星，我们来了！中国首次火星探测任务命名“天问一号”,1
8915,8919,莳冈,0,我要查成绩，看不了[大哭][大哭],2020/7/22,https://www.bilibili.com/video/BV1za4y1a7UT,“天问一号”即将发射，高清实拍+模拟动画带你提前登陆火星！,0
9333,9337,平凡而不平庸的普通人,1,首当其冲是这么用的么？[狗子],2021/5/20,https://www.bilibili.com/video/BV1QN411o7rR?from=search&seid=6566064178961068704,登陆火星为什么最难？看天问一号如何闯过着陆火星的“恐怖9分钟”,0
6469,6473,qwrty2021,1,我留名了，这是我的光荣,2021/5/15,https://www.bilibili.com/video/BV1R64y127qf,【火星中国时刻】天问一号：成功着陆，感觉良好！,0
9771,9775,原地自爆oO,1,啊啊啊啊啊啊啊啊啊啊啊啊啊啊啊啊啊啊啊啊哈哈哈哈哈哈哈哈哈哈哈哈哈哈哈哈哈哈，哈哈哈哈哈哈哈哈哈哈哈哈哈哈哈哈哈哈哈哈哈哈哈哈哈哈哈哈哈哈哈哈哈哈哈哈哈哈哈哈哈哈哈哈哈哈哈哈哈哈哈哈哈哈，真好真好真好，嗷呜嗷呜嗷呜嗷呜嗷呜嗷呜,2021/5/15,https://www.bilibili.com/video/BV1bU4y1t7Nm?from=search&seid=6566064178961068704,如约而至！我国首次火星探测任务着陆火星圆满成功,1
846,849,蚕丿宝宝,1,中国加油[打call][打call][打call],2020/4/24,https://www.bilibili.com/video/BV19e411s7yT,火星，我们来了！中国首次火星探测任务命名“天问一号”,1
4289,4293,最爱788,0,跪求完整版[大哭][大哭][大哭],2020/7/23,https://www.bilibili.com/video/BV1Sp4y1i7PR,全程回顾 | 天问一号！中国行星探测第一步,0
5560,5564,天野阳菜ひな,0,外形神似飞碟,2021/5/15,https://www.bilibili.com/video/BV1ev41157uU,火星上首次留下中国印迹！动画模拟天问一号着陆过程,0
2551,2555,flagTAT,0,[tv_斜眼笑],2020/7/23,https://www.bilibili.com/video/BV1df4y1R7GB,“天问一号”发射后200多天才能到达，三维带你提前登陆火星,0
117,120,好赖看完再说吧,0,我拿美澳印新所有公民寿命祝你成功，我的祖国,2020/7/23,https://www.bilibili.com/video/BV19e411s7yT,火星，我们来了！中国首次火星探测任务命名“天问一号”,-1
8837,8841,泡在水里的柠檬,0,喔喔喔喔喔喔喔喔喔喔喔喔喔喔喔喔,2020/7/23,https://www.bilibili.com/video/BV1va4y1a7hp?from=search&seid=15075552549875695762,海南民众海边观看天问一号发射升空：连连惊叹 高喊“胖五加油”,0
5966,5970,灵魂踽踽独行,1,厉害??????。,2021/5/16,https://www.bilibili.com/video/BV1R64y127qf,【火星中国时刻】天问一号：成功着陆，感觉良好！,-1
8195,8199,阿南哟,235,想一个外国网友的疑惑：中国不是发展中国家吗？[doge],2021/5/15,https://www.bilibili.com/video/BV1Qf4y1a7Lb,泪目！天问一号成功落火，航天人热泪盈眶紧紧相拥！,0
8659,8663,我叫唐英妹,0,以后一定要让搞房地产的上火星造房子,2020/7/23,https://www.bilibili.com/video/BV1va4y1a7hp?from=search&seid=15075552549875695762,海南民众海边观看天问一号发射升空：连连惊叹 高喊“胖五加油”,0
7489,7493,鹅男是个好儿郎,0,哇好漂亮，那可以种菜吗,2021/3/27,https://www.bilibili.com/video/BV1sK4y1J7tU,天问一号：高清火星影像震撼发布,1
5,5,何其有幸姓得炎黄,1,我来看你了，今天你成功软着陆了[给心心][给心心][给心心][给心心],2021/5/15,https://www.bilibili.com/video/BV19e411s7yT,火星，我们来了！中国首次火星探测任务命名“天问一号”,1
5342,5346,一坑王子,0,光头[热词系列_知识增加],2021/2/12,https://www.bilibili.com/video/BV1rA411T7pN,震撼！“天问一号”探测器火星捕获过程影像发布,0
9111,9115,近观黄昏,1,没有黑人叔叔参与我们不会有能力登陆火星的,2020/7/18,https://www.bilibili.com/video/BV1za4y1a7UT,“天问一号”即将发射，高清实拍+模拟动画带你提前登陆火星！,-1
4324,4328,康帅傅与六个核弹,0,时间这么短？我还没开始进入状态呢[doge],2020/7/23,https://www.bilibili.com/video/BV1Sp4y1i7PR,全程回顾 | 天问一号！中国行星探测第一步,0
1063,1066,Caicai-XD,0,[热词系列_打卡],2020/4/24,https://www.bilibili.com/video/BV19e411s7yT,火星，我们来了！中国首次火星探测任务命名“天问一号”,0
2590,2594,命中水玄鸦,0,感动，13年了，凤凰之后，我国第一！,2020/7/23,https://www.bilibili.com/video/BV1df4y1R7GB,“天问一号”发射后200多天才能到达，三维带你提前登陆火星,1
8434,8438,黎明丶薇,0,这个裙摆爱了,2020/7/24,https://www.bilibili.com/video/BV1va4y1a7hp?from=search&seid=15075552549875695762,海南民众海边观看天问一号发射升空：连连惊叹 高喊“胖五加油”,0
9352,9356,一枚靓崽,1,好恐怖，居然成功了,2021/5/16,https://www.bilibili.com/video/BV1QN411o7rR?from=search&seid=6566064178961068704,登陆火星为什么最难？看天问一号如何闯过着陆火星的“恐怖9分钟”,0
3735,3739,诶呀呀PY,1,祝贺成功,2020/7/23,https://www.bilibili.com/video/BV1Fk4y1m77L?p=1,目标火星！天问一号探测器在中国文昌航天发射场发射升空,1
3517,3521,换个名号,0,中国????,2020/7/23,https://www.bilibili.com/video/BV1Fk4y1m77L?p=1,目标火星！天问一号探测器在中国文昌航天发射场发射升空,0
6986,6990,心心念念的____,0,文艺复兴[吃瓜],2021/5/15,https://www.bilibili.com/video/BV1R64y127qf,【火星中国时刻】天问一号：成功着陆，感觉良好！,1
6767,6771,拉裤不脱夫斯基,0,威武！,2021/5/15,https://www.bilibili.com/video/BV1R64y127qf,【火星中国时刻】天问一号：成功着陆，感觉良好！,1
5622,5626,关兽不是关受,2,火星，我们来了！,2021/5/15,https://www.bilibili.com/video/BV1ev41157uU,火星上首次留下中国印迹！动画模拟天问一号着陆过程,1
1605,1609,金吧金吧,0,问天[滑稽],2020/4/24,https://www.bilibili.com/video/BV19e411s7yT,火星，我们来了！中国首次火星探测任务命名“天问一号”,0
1733,1737,沉默之蛇,0,荧惑自古以来就是……的固有领土233,2020/4/24,https://www.bilibili.com/video/BV19e411s7yT,火星，我们来了！中国首次火星探测任务命名“天问一号”,-1
9697,9701,寒素公子,0,6666666666,2021/5/15,https://www.bilibili.com/video/BV1bU4y1t7Nm?from=search&seid=6566064178961068704,如约而至！我国首次火星探测任务着陆火星圆满成功,0
9504,9508,田宋熙,0,爱我的祖国，致敬所有的航天人[打call][打call][打call],2021/5/15,https://www.bilibili.com/video/BV1QN411o7rR?from=search&seid=6566064178961068704,登陆火星为什么最难？看天问一号如何闯过着陆火星的“恐怖9分钟”,1
3812,3816,倭垢,1,清晰度高点吧,2020/7/23,https://www.bilibili.com/video/BV1Fk4y1m77L?p=1,目标火星！天问一号探测器在中国文昌航天发射场发射升空,-1
9992,9996,nanna07,4,兄弟们，到了！,2021/5/16,https://www.bilibili.com/video/BV1q5411J73D?from=search&seid=6566064178961068704,我们决定去火星的日子，比你想象得更早,0
1761,1765,叫兔子的貓咪,0,加油，加油，加油，重要的事情说三遍,2020/4/24,https://www.bilibili.com/video/BV19e411s7yT,火星，我们来了！中国首次火星探测任务命名“天问一号”,1
5401,5405,雏菊丶甜奶油和阳光,1,就看[笑哭]有生之年能不能回来吧,2021/2/12,https://www.bilibili.com/video/BV1rA411T7pN,震撼！“天问一号”探测器火星捕获过程影像发布,0
2739,2743,十一蛋郎,0,我的天，还有两百多天,2020/7/23,https://www.bilibili.com/video/BV1df4y1R7GB,“天问一号”发射后200多天才能到达，三维带你提前登陆火星,1
2472,2476,天上有只猫AEV,0,什么时候在太阳旁边也装颗卫星呗！,2020/7/23,https://www.bilibili.com/video/BV1df4y1R7GB,“天问一号”发射后200多天才能到达，三维带你提前登陆火星,0
6738,6742,台山是座山,0,这动画得花好几十万吧,2021/5/15,https://www.bilibili.com/video/BV1R64y127qf,【火星中国时刻】天问一号：成功着陆，感觉良好！,1
6891,6895,ChemistryGhost,1,恭喜天问一号着陆,2021/5/15,https://www.bilibili.com/video/BV1R64y127qf,【火星中国时刻】天问一号：成功着陆，感觉良好！,1
7943,7947,逆天鬼妖,1,BGM好评，麻烦人民网的哥哥姐姐向CCTV反应下，把那个祖传BGM换掉，谢谢,2021/5/15,https://www.bilibili.com/video/BV1No4y1m7vS,第一视角模拟天问一号登陆火星（中国航天科技集团五院、八院联合制作）,-1
4206,4210,jiangyang123,0,只希望不要失败了,2020/7/23,https://www.bilibili.com/video/BV1Sp4y1i7PR,全程回顾 | 天问一号！中国行星探测第一步,0
6371,6375,天涯即空,0,自从有了登陆的消息，心就悬起来了。看到了成功的消息，悬着的心也登陆了！中国加油。[干杯],2021/5/15,https://www.bilibili.com/video/BV1R64y127qf,【火星中国时刻】天问一号：成功着陆，感觉良好！,1
9361,9365,催一下353,0,智慧结晶,2021/5/16,https://www.bilibili.com/video/BV1QN411o7rR?from=search&seid=6566064178961068704,登陆火星为什么最难？看天问一号如何闯过着陆火星的“恐怖9分钟”,1
232,235,bili_64638822665,10,中国人不光喜欢研究历史，也喜欢研究未来,2020/7/19,https://www.bilibili.com/video/BV19e411s7yT,火星，我们来了！中国首次火星探测任务命名“天问一号”,1
8258,8262,wuli雷,0,突然想起思修老师和我们说，要多增加文学素养，以后在大场面面前可以除了哇还有更多可以表达[鼓掌],2020/12/23,https://www.bilibili.com/video/BV1va4y1a7hp?from=search&seid=15075552549875695762,海南民众海边观看天问一号发射升空：连连惊叹 高喊“胖五加油”,1
7561,7565,仰慕的话暂且按下,0,看这个地，坑坑洼洼，它不平,2021/3/9,https://www.bilibili.com/video/BV1sK4y1J7tU,天问一号：高清火星影像震撼发布,0
6168,6172,辽宁大战尼米兹,0,祝贺,2021/5/15,https://www.bilibili.com/video/BV1R64y127qf,【火星中国时刻】天问一号：成功着陆，感觉良好！,1
3596,3600,古斯塔夫的亲吻,1,芜湖！起飞！！！[打call],2020/7/23,https://www.bilibili.com/video/BV1Fk4y1m77L?p=1,目标火星！天问一号探测器在中国文昌航天发射场发射升空,1
6288,6292,齐鲁医院精神科白主任,0,[热词系列_吹爆][热词系列_吹爆][热词系列_吹爆],2021/5/15,https://www.bilibili.com/video/BV1R64y127qf,【火星中国时刻】天问一号：成功着陆，感觉良好！,1
4632,4636,qq糖加牛奶,0,太好了，,2021/5/15,https://www.bilibili.com/video/BV1D64y1C7qU,火星你好！2分钟回顾天问一号“奔火”全过程,1
125,128,Micrsogle,1,咱们有考虑登月么，美国佬2024貌似又要登月了,2020/7/23,https://www.bilibili.com/video/BV19e411s7yT,火星，我们来了！中国首次火星探测任务命名“天问一号”,0
7641,7645,文泽孙,0,好耶[热词系列_好耶],2021/3/4,https://www.bilibili.com/video/BV1sK4y1J7tU,天问一号：高清火星影像震撼发布,1
6229,6233,博纵之间,2,我们的目标是星辰大海![打call][打call],2021/5/15,https://www.bilibili.com/video/BV1R64y127qf,【火星中国时刻】天问一号：成功着陆，感觉良好！,1
1296,1300,灰色仲夏,0,让他们去争夺大陆和海洋（地球）吧！我们中国日满足于蓝色星球的时代已经过去，中国人也要为自己获取阳光下的地盘！！,2020/4/24,https://www.bilibili.com/video/BV19e411s7yT,火星，我们来了！中国首次火星探测任务命名“天问一号”,1
1976,1980,闪闪的红五星,0,冲鸭！[打call][打call][打call],2020/4/24,https://www.bilibili.com/video/BV19e411s7yT,火星，我们来了！中国首次火星探测任务命名“天问一号”,1
9841,9845,i远在远方,0,我不关心什么着陆不着陆的，火星能种土豆吗？,2021/5/15,https://www.bilibili.com/video/BV1bU4y1t7Nm?from=search&seid=6566064178961068704,如约而至！我国首次火星探测任务着陆火星圆满成功,1
9795,9799,sensai81,3,加油,2021/5/15,https://www.bilibili.com/video/BV1bU4y1t7Nm?from=search&seid=6566064178961068704,如约而至！我国首次火星探测任务着陆火星圆满成功,1
5750,5754,三块五毛c,0,好耶！,2021/5/15,https://www.bilibili.com/video/BV1ev41157uU,火星上首次留下中国印迹！动画模拟天问一号着陆过程,1
8152,8156,卿丶莫笑_,1,今天是个好日子[星星眼],2021/5/15,https://www.bilibili.com/video/BV1Qf4y1a7Lb,泪目！天问一号成功落火，航天人热泪盈眶紧紧相拥！,0
3086,3090,弱音小宝宝,0,冲冲冲,2020/7/23,https://www.bilibili.com/video/BV1Fk4y1m77L?p=1,目标火星！天问一号探测器在中国文昌航天发射场发射升空,1
9629,9633,二和而不分的LPL解说,1,恭喜恭喜??[吃瓜],2021/5/15,https://www.bilibili.com/video/BV1bU4y1t7Nm?from=search&seid=6566064178961068704,如约而至！我国首次火星探测任务着陆火星圆满成功,1
6882,6886,金轮睡觉老和我抢被子,4,这个名字可真好听，祝融[微笑],2021/5/15,https://www.bilibili.com/video/BV1R64y127qf,【火星中国时刻】天问一号：成功着陆，感觉良好！,1
9661,9665,头哦了路口,0,中华万岁！！！,2021/5/15,https://www.bilibili.com/video/BV1bU4y1t7Nm?from=search&seid=6566064178961068704,如约而至！我国首次火星探测任务着陆火星圆满成功,1
7673,7677,有猫人士233,0,bgm好评,2021/3/4,https://www.bilibili.com/video/BV1sK4y1J7tU,天问一号：高清火星影像震撼发布,0
3345,3349,书汁,0,直播来了,2020/7/23,https://www.bilibili.com/video/BV1Fk4y1m77L?p=1,目标火星！天问一号探测器在中国文昌航天发射场发射升空,0
8172,8176,TAO呢,4,国家的脊梁，望吾辈能更上一层楼,2021/5/15,https://www.bilibili.com/video/BV1Qf4y1a7Lb,泪目！天问一号成功落火，航天人热泪盈眶紧紧相拥！,1
9779,9783,阿斌工作室,0,厉害了，真滴快[呲牙],2021/5/15,https://www.bilibili.com/video/BV1bU4y1t7Nm?from=search&seid=6566064178961068704,如约而至！我国首次火星探测任务着陆火星圆满成功,1
5870,5874,笛卡尔的童话故事,0,三体人发来贺电！,2021/5/18,https://www.bilibili.com/video/BV1R64y127qf,【火星中国时刻】天问一号：成功着陆，感觉良好！,1
6506,6510,3D探险者,0,好[打call],2021/5/15,https://www.bilibili.com/video/BV1R64y127qf,【火星中国时刻】天问一号：成功着陆，感觉良好！,1
2797,2801,近卫-昂,0,芜湖起飞什么意思啊,2020/7/23,https://www.bilibili.com/video/BV1Fk4y1m77L?p=1,目标火星！天问一号探测器在中国文昌航天发射场发射升空,0
918,921,是李发财呀,1,要是有一天，有我们自己的BGM就好了,2020/4/24,https://www.bilibili.com/video/BV19e411s7yT,火星，我们来了！中国首次火星探测任务命名“天问一号”,-1
1646,1650,VIP_元宝儿,0,前往未至，发现未知,2020/4/24,https://www.bilibili.com/video/BV19e411s7yT,火星，我们来了！中国首次火星探测任务命名“天问一号”,1
5122,5126,EmmaWatsoon,10,祝融????牛啤，主持人也很棒，很喜欢她的采访,2021/5/25,https://www.bilibili.com/video/BV1qo4y1m7GT,【面对面】天问一号自带“黑匣子” ？专为着陆失败做准备,1
5126,5130,晨和然,1,这种大佬每个月工资多少爽[doge],2021/5/25,https://www.bilibili.com/video/BV1qo4y1m7GT,【面对面】天问一号自带“黑匣子” ？专为着陆失败做准备,0
4621,4625,左岸的咖啡,0,我是在用收音机看视频吗。。。。,2021/5/15,https://www.bilibili.com/video/BV1D64y1C7qU,火星你好！2分钟回顾天问一号“奔火”全过程,0
6809,6813,50723523726_bili,0,这怎么感觉是特效,2021/5/15,https://www.bilibili.com/video/BV1R64y127qf,【火星中国时刻】天问一号：成功着陆，感觉良好！,0
364,367,白光速之海,0,我好激动啊,2020/5/15,https://www.bilibili.com/video/BV19e411s7yT,火星，我们来了！中国首次火星探测任务命名“天问一号”,1
2125,2129,卖王雷的鱼,1,好家伙，固推绳子都不绑,2021/2/27,https://www.bilibili.com/video/BV1df4y1R7GB,“天问一号”发射后200多天才能到达，三维带你提前登陆火星,-1
8150,8154,半夏椰子树,0,看得我热泪盈眶,2021/5/15,https://www.bilibili.com/video/BV1Qf4y1a7Lb,泪目！天问一号成功落火，航天人热泪盈眶紧紧相拥！,0
8717,8721,西瓜家的猫,0,好有秒速五厘米里的感觉[喜欢],2020/7/23,https://www.bilibili.com/video/BV1va4y1a7hp?from=search&seid=15075552549875695762,海南民众海边观看天问一号发射升空：连连惊叹 高喊“胖五加油”,0
55,55,浅草今羲,0,中国NB^ω^,2020/7/26,https://www.bilibili.com/video/BV19e411s7yT,火星，我们来了！中国首次火星探测任务命名“天问一号”,1
638,641,cqxjc,0,火星难度太大，苏联俄罗斯相关项目着陆全部失败，谨慎期待,2020/4/25,https://www.bilibili.com/video/BV19e411s7yT,火星，我们来了！中国首次火星探测任务命名“天问一号”,1
302,305,天沫丶寒枫,1,考完卷一，特地回来看看。[OK],2020/7/9,https://www.bilibili.com/video/BV19e411s7yT,火星，我们来了！中国首次火星探测任务命名“天问一号”,0
5811,5815,来点芝识,14,我骄傲！我是中国人！,2021/5/15,https://www.bilibili.com/video/BV1ev41157uU,火星上首次留下中国印迹！动画模拟天问一号着陆过程,1
1276,1280,CameronGomez,0,两千多年前《天问》，两千多年后问天！,2020/4/24,https://www.bilibili.com/video/BV19e411s7yT,火星，我们来了！中国首次火星探测任务命名“天问一号”,1
4432,4436,中国日报,278,好！[爱心][爱心][爱心],2020/7/23,https://www.bilibili.com/video/BV1Sp4y1i7PR,全程回顾 | 天问一号！中国行星探测第一步,0
3644,3648,什么都没有house,0,没有直播吗？我错过了什么。[大哭],2020/7/23,https://www.bilibili.com/video/BV1Fk4y1m77L?p=1,目标火星！天问一号探测器在中国文昌航天发射场发射升空,0
4143,4147,子木轻禾,0,视频：周伦杰[doge],2020/7/24,https://www.bilibili.com/video/BV1Sp4y1i7PR,全程回顾 | 天问一号！中国行星探测第一步,0
2878,2882,收藏阳光的味道,0,起飞！,2020/7/23,https://www.bilibili.com/video/BV1Fk4y1m77L?p=1,目标火星！天问一号探测器在中国文昌航天发射场发射升空,1
6493,6497,好吃吃吃多,0,中国牛逼！[打call][打call][打call],2021/5/15,https://www.bilibili.com/video/BV1R64y127qf,【火星中国时刻】天问一号：成功着陆，感觉良好！,1
5240,5244,笙歌漫漫舞长葉,1,火星是白色的。。。,[霜叶-疑问],https://www.bilibili.com/video/BV1rA411T7pN,震撼！“天问一号”探测器火星捕获过程影像发布,0
9765,9769,多多De梦想,1,终于知道国家为什么不跟其他地球人一般见识了,2021/5/15,https://www.bilibili.com/video/BV1bU4y1t7Nm?from=search&seid=6566064178961068704,如约而至！我国首次火星探测任务着陆火星圆满成功,0
6937,6941,十五的月亮廿九圆,0,有实拍的视频吗[doge],2021/5/15,https://www.bilibili.com/video/BV1R64y127qf,【火星中国时刻】天问一号：成功着陆，感觉良好！,0
7240,7244,沿河新柳,1,提气[给心心][给心心][给心心],2021/5/15,https://www.bilibili.com/video/BV1R64y127qf,【火星中国时刻】天问一号：成功着陆，感觉良好！,1
2593,2597,JJ狼狼,0,看完又燃起了小时候的科学梦[视频卫星],2020/7/23,https://www.bilibili.com/video/BV1df4y1R7GB,“天问一号”发射后200多天才能到达，三维带你提前登陆火星,1
2393,2397,狍子杆菌,0,可惜现在已经没有直播的勇气了。,2020/7/23,https://www.bilibili.com/video/BV1df4y1R7GB,“天问一号”发射后200多天才能到达，三维带你提前登陆火星,0
523,526,sky-遇碧,0,不是右下角那个哲学什么意思？[doge],2020/4/26,https://www.bilibili.com/video/BV19e411s7yT,火星，我们来了！中国首次火星探测任务命名“天问一号”,0
6376,6380,收容,0,！！！,2021/5/15,https://www.bilibili.com/video/BV1R64y127qf,【火星中国时刻】天问一号：成功着陆，感觉良好！,0
6981,6985,南墙絮,0,这车能回地球吗,2021/5/15,https://www.bilibili.com/video/BV1R64y127qf,【火星中国时刻】天问一号：成功着陆，感觉良好！,1
6677,6681,九井之市,0,不打算在火星开个直播么，让我等地球人开开眼界[打call][打call][打call],2021/5/15,https://www.bilibili.com/video/BV1R64y127qf,【火星中国时刻】天问一号：成功着陆，感觉良好！,1
3900,3904,虾仁不猪心,3,牛啊，之前只有美国能做到吧,2021/6/27,https://www.bilibili.com/video/BV1uy4y1M7dB,骄傲！天问一号系列实拍影像发布,1
10002,10006,只是當時已惘然,2,已经到了[OK],2021/5/15,https://www.bilibili.com/video/BV1q5411J73D?from=search&seid=6566064178961068704,我们决定去火星的日子，比你想象得更早,0
5585,5589,我一口一个皮卡丘,0,看着看着就笑了，看着看着又哭了,2021/5/15,https://www.bilibili.com/video/BV1ev41157uU,火星上首次留下中国印迹！动画模拟天问一号着陆过程,0
9716,9720,逍遥菜根,0,完美,2021/5/15,https://www.bilibili.com/video/BV1bU4y1t7Nm?from=search&seid=6566064178961068704,如约而至！我国首次火星探测任务着陆火星圆满成功,1
7956,7960,yxcb,9,动画针不戳[tv_鼓掌],2021/5/15,https://www.bilibili.com/video/BV1No4y1m7vS,第一视角模拟天问一号登陆火星（中国航天科技集团五院、八院联合制作）,1
7570,7574,火星姐永远滴神,3,为什么是红色的？因为铁的意志,2021/3/6,https://www.bilibili.com/video/BV1sK4y1J7tU,天问一号：高清火星影像震撼发布,1
6777,6781,薛定谔的鸡蛋,0,用什么拍摄的？,2021/5/15,https://www.bilibili.com/video/BV1R64y127qf,【火星中国时刻】天问一号：成功着陆，感觉良好！,0
671,674,红色青年近卫军,0,问问天，问问地，还有多少里！,2020/4/24,https://www.bilibili.com/video/BV19e411s7yT,火星，我们来了！中国首次火星探测任务命名“天问一号”,1
4188,4192,神的主张,0,自豪归自豪也别得意忘形，毕竟人家阿联酋小小国家比咱们还早一周,2020/7/23,https://www.bilibili.com/video/BV1Sp4y1i7PR,全程回顾 | 天问一号！中国行星探测第一步,-1
666,669,鸭鸭の吼姆,1,中国火箭名字起的都很有神话色彩，好听[打call],2020/4/24,https://www.bilibili.com/video/BV19e411s7yT,火星，我们来了！中国首次火星探测任务命名“天问一号”,1
3266,3270,茅罡茅大人,0,中国66666,2020/7/23,https://www.bilibili.com/video/BV1Fk4y1m77L?p=1,目标火星！天问一号探测器在中国文昌航天发射场发射升空,1
1887,1891,修改昵称要花6枚钱,0,这名字好，有楚风：楚人不服周，老子也称王，寇能往，我也能往！,2020/4/24,https://www.bilibili.com/video/BV19e411s7yT,火星，我们来了！中国首次火星探测任务命名“天问一号”,1
8472,8476,时光1995,0,建议人均一下,2020/7/24,https://www.bilibili.com/video/BV1va4y1a7hp?from=search&seid=15075552549875695762,海南民众海边观看天问一号发射升空：连连惊叹 高喊“胖五加油”,0
9091,9095,叫我小Young就好,1,冲啊！天问一号,2020/7/18,https://www.bilibili.com/video/BV1za4y1a7UT,“天问一号”即将发射，高清实拍+模拟动画带你提前登陆火星！,1
7687,7691,Kulty,0,希望以后多用这个曲子。越来越深刻地意识到他的伟大和正确！特别希望他能回来看看，看看这个理想主义者们亲手建立的共和国！,2021/3/4,https://www.bilibili.com/video/BV1sK4y1J7tU,天问一号：高清火星影像震撼发布,1
6031,6035,ol南风lo,0,这阵势得投个币了,2021/5/15,https://www.bilibili.com/video/BV1R64y127qf,【火星中国时刻】天问一号：成功着陆，感觉良好！,0
6090,6094,东域道主,0,火星能种菜吗？,2021/5/15,https://www.bilibili.com/video/BV1R64y127qf,【火星中国时刻】天问一号：成功着陆，感觉良好！,0
6238,6242,游游莫得感情,0,[大哭][鸡腿][鸡腿][鸡腿][鸡腿][爱心],2021/5/15,https://www.bilibili.com/video/BV1R64y127qf,【火星中国时刻】天问一号：成功着陆，感觉良好！,1
7350,7354,゛少年与海丶,2709,我们的征途是星辰大海,2021/5/15,https://www.bilibili.com/video/BV1R64y127qf,【火星中国时刻】天问一号：成功着陆，感觉良好！,1
7830,7834,全球最靓的仔-,42,bgm落泪,2021/3/4,https://www.bilibili.com/video/BV1sK4y1J7tU,天问一号：高清火星影像震撼发布,0
760,763,考进年级前300,1,厉害了我的国[加油],2020/4/24,https://www.bilibili.com/video/BV19e411s7yT,火星，我们来了！中国首次火星探测任务命名“天问一号”,1
6254,6258,龙龙龙龙龙龙龙龙龙龙龙龙楠,0,全中国人民科技结晶,2021/5/15,https://www.bilibili.com/video/BV1R64y127qf,【火星中国时刻】天问一号：成功着陆，感觉良好！,1
1906,1910,做梦的石头,0,4月24日中国航天日[打call][打call][打call],2020/4/24,https://www.bilibili.com/video/BV19e411s7yT,火星，我们来了！中国首次火星探测任务命名“天问一号”,1
3818,3822,我蓝无处不在,1,哇，这个清晰,2020/7/23,https://www.bilibili.com/video/BV1Fk4y1m77L?p=1,目标火星！天问一号探测器在中国文昌航天发射场发射升空,1
6269,6273,lknbjsjshs,0,china!!!!!!!!!,2021/5/15,https://www.bilibili.com/video/BV1R64y127qf,【火星中国时刻】天问一号：成功着陆，感觉良好！,1
4300,4304,纪念横陇显屯,1,02:40手机随着火箭升空一起震动[星星眼]激动啊,2020/7/23,https://www.bilibili.com/video/BV1Sp4y1i7PR,全程回顾 | 天问一号！中国行星探测第一步,1
5569,5573,嘟嘟可的异界见闻录,0,天问NB！！！,2021/5/15,https://www.bilibili.com/video/BV1ev41157uU,火星上首次留下中国印迹！动画模拟天问一号着陆过程,1
7941,7945,Chloe-cool,0,厉害了[打call],2021/5/15,https://www.bilibili.com/video/BV1No4y1m7vS,第一视角模拟天问一号登陆火星（中国航天科技集团五院、八院联合制作）,1
4164,4168,调培师,0,赞赞赞,2020/7/24,https://www.bilibili.com/video/BV1Sp4y1i7PR,全程回顾 | 天问一号！中国行星探测第一步,1
5971,5975,郑伊健49,1,到现在都没有一张照片。,2021/5/16,https://www.bilibili.com/video/BV1R64y127qf,【火星中国时刻】天问一号：成功着陆，感觉良好！,0
3579,3583,莫忘凡哥,0,成功了吗！加油！,2020/7/23,https://www.bilibili.com/video/BV1Fk4y1m77L?p=1,目标火星！天问一号探测器在中国文昌航天发射场发射升空,1
2832,2836,好秀阿QAQ,0,东风，光学跟踪正常，遥感正常。[doge],2020/7/23,https://www.bilibili.com/video/BV1Fk4y1m77L?p=1,目标火星！天问一号探测器在中国文昌航天发射场发射升空,1
5449,5453,张家张氏,0,好,2021/2/12,https://www.bilibili.com/video/BV1rA411T7pN,震撼！“天问一号”探测器火星捕获过程影像发布,1
3472,3476,亿寻与寻亿,0,????????????[呲牙][呲牙],2020/7/23,https://www.bilibili.com/video/BV1Fk4y1m77L?p=1,目标火星！天问一号探测器在中国文昌航天发射场发射升空,0
6327,6331,bili_855632,0,我们是冠军[打call],2021/5/15,https://www.bilibili.com/video/BV1R64y127qf,【火星中国时刻】天问一号：成功着陆，感觉良好！,0
137,140,Carbohydrate碳水,2,2020年7月23日12时41分，长征五号遥四运载火箭托举着我国首次火星探测任务“天问一号”探测器，在中国文昌航天发射场点火升空。,2020/7/23,https://www.bilibili.com/video/BV19e411s7yT,火星，我们来了！中国首次火星探测任务命名“天问一号”,1
7043,7047,ThaiHow,0,可以种土豆吗[呲牙],2021/5/15,https://www.bilibili.com/video/BV1R64y127qf,【火星中国时刻】天问一号：成功着陆，感觉良好！,1
4892,4896,天地云阳,0,[热词系列_芜湖起飞][热词系列_芜湖起飞][热词系列_妙啊][热词系列_妙啊],2021/5/15,https://www.bilibili.com/video/BV1D64y1C7qU,火星你好！2分钟回顾天问一号“奔火”全过程,1
2180,2184,叶晓黑不是咖啡小姐,0,曙光空间站[doge][doge],2020/7/28,https://www.bilibili.com/video/BV1df4y1R7GB,“天问一号”发射后200多天才能到达，三维带你提前登陆火星,0
7730,7734,-安于乱-,0,火星的照片有点像用过的除黑头面膜。。。,2021/3/4,https://www.bilibili.com/video/BV1sK4y1J7tU,天问一号：高清火星影像震撼发布,0
3177,3181,ーSai,1,刚看完官方发布预告像看直播就看见发射成功的举个手[doge],2020/7/23,https://www.bilibili.com/video/BV1Fk4y1m77L?p=1,目标火星！天问一号探测器在中国文昌航天发射场发射升空,1
4854,4858,就是一个小哥哥啊,0,靓仔终于着陆了[OK],2021/5/15,https://www.bilibili.com/video/BV1D64y1C7qU,火星你好！2分钟回顾天问一号“奔火”全过程,1
4637,4641,十亿的目标,0,bgm能不能修修，全程都在失声太出戏了,2021/5/15,https://www.bilibili.com/video/BV1D64y1C7qU,火星你好！2分钟回顾天问一号“奔火”全过程,0
5115,5119,lqql7esx,6,祝融号的一小步，中国人的一大步，中国航天人加油！！！[打call][打call][打call],2021/5/25,https://www.bilibili.com/video/BV1qo4y1m7GT,【面对面】天问一号自带“黑匣子” ？专为着陆失败做准备,1
9656,9660,铁头良789,0,牛牛牛,2021/5/15,https://www.bilibili.com/video/BV1bU4y1t7Nm?from=search&seid=6566064178961068704,如约而至！我国首次火星探测任务着陆火星圆满成功,1
7648,7652,我不乱天下乱,0,火星种菜不行，养鱼可以我试过了,2021/3/4,https://www.bilibili.com/video/BV1sK4y1J7tU,天问一号：高清火星影像震撼发布,0
4261,4265,Daniel骁骁,3,火星我们来啦,2020/7/23,https://www.bilibili.com/video/BV1Sp4y1i7PR,全程回顾 | 天问一号！中国行星探测第一步,1
1331,1335,谁还不是个小傲娇辣,0,天问，召来…抱歉走错了(????ω????),2020/4/24,https://www.bilibili.com/video/BV19e411s7yT,火星，我们来了！中国首次火星探测任务命名“天问一号”,0
7002,7006,没放肉的青椒肉丝,1,卧槽，文艺复兴,2021/5/15,https://www.bilibili.com/video/BV1R64y127qf,【火星中国时刻】天问一号：成功着陆，感觉良好！,1
9550,9554,猛男阿凡SD,70,这种技术既不环保，也不省钱,2021/5/15,https://www.bilibili.com/video/BV1QN411o7rR?from=search&seid=6566064178961068704,登陆火星为什么最难？看天问一号如何闯过着陆火星的“恐怖9分钟”,-1
6941,6945,卫宫千代,0,回来的时候带着一个奇怪的黑色正方体[阴险],2021/5/15,https://www.bilibili.com/video/BV1R64y127qf,【火星中国时刻】天问一号：成功着陆，感觉良好！,0
8017,8021,猜猜对迪,0,致敬辛苦了,2021/5/17,https://www.bilibili.com/video/BV1Qf4y1a7Lb,泪目！天问一号成功落火，航天人热泪盈眶紧紧相拥！,1
6241,6245,DayDreamer巛,175,天问祝融，这些名字真的好听，这就是文化底蕴吧,2021/5/15,https://www.bilibili.com/video/BV1R64y127qf,【火星中国时刻】天问一号：成功着陆，感觉良好！,1
9521,9525,闲鱼饼干,1247,这下好了，以后登陆火星也要从高科技技术名单里剔除了[妙啊],2021/5/15,https://www.bilibili.com/video/BV1QN411o7rR?from=search&seid=6566064178961068704,登陆火星为什么最难？看天问一号如何闯过着陆火星的“恐怖9分钟”,0
10367,10371,一切按计划进行_,1,第一条评论由我发出，人类的征途是星辰大海，喵呜～,2021/2/2,https://www.bilibili.com/video/BV1q5411J73D?from=search&seid=6566064178961068704,我们决定去火星的日子，比你想象得更早,0
6881,6885,提尔-冬眠中,0,我们的目标是星辰大海，冲冲冲[打call][打call][打call],2021/5/15,https://www.bilibili.com/video/BV1R64y127qf,【火星中国时刻】天问一号：成功着陆，感觉良好！,1
4530,4534,LArthur,0,厉害了[热词系列_吹爆],2020/7/23,https://www.bilibili.com/video/BV1Sp4y1i7PR,全程回顾 | 天问一号！中国行星探测第一步,1
4673,4677,小赵同学039,0,这BGM是火星的吗,2021/5/15,https://www.bilibili.com/video/BV1D64y1C7qU,火星你好！2分钟回顾天问一号“奔火”全过程,0
6996,7000,黑化肥发黑灰化肥挥,1,记得发个朋友圈,2021/5/15,https://www.bilibili.com/video/BV1R64y127qf,【火星中国时刻】天问一号：成功着陆，感觉良好！,1
1252,1256,天问NULL,1,？？,2020/4/24,https://www.bilibili.com/video/BV19e411s7yT,火星，我们来了！中国首次火星探测任务命名“天问一号”,0
3374,3378,sigma钰,181,我们的目标是星辰大海……里种菜[tv_偷笑][tv_doge],2020/7/23,https://www.bilibili.com/video/BV1Fk4y1m77L?p=1,目标火星！天问一号探测器在中国文昌航天发射场发射升空,1
2814,2818,CoastHong,0,芜湖起飞??,2020/7/23,https://www.bilibili.com/video/BV1Fk4y1m77L?p=1,目标火星！天问一号探测器在中国文昌航天发射场发射升空,1
4719,4723,云雀的忧伤,0,我的卡巴尔，你在哪里？,2021/5/15,https://www.bilibili.com/video/BV1D64y1C7qU,火星你好！2分钟回顾天问一号“奔火”全过程,0
6544,6548,战舰飞虎,0,最后放个屁什么意思[滑稽],2021/5/15,https://www.bilibili.com/video/BV1R64y127qf,【火星中国时刻】天问一号：成功着陆，感觉良好！,0
4858,4862,多宝飞鱼,0,已经着陆了？,2021/5/15,https://www.bilibili.com/video/BV1D64y1C7qU,火星你好！2分钟回顾天问一号“奔火”全过程,0
7901,7905,独角_個,0,看到类似于环形山的东西就下意识以为是月球[笑哭][笑哭],2021/3/4,https://www.bilibili.com/video/BV1sK4y1J7tU,天问一号：高清火星影像震撼发布,0
8580,8584,524汤圆,3,没见过世面的样子[doge]，卧槽，卧槽，卧槽卧槽，卧槽[酸了][酸了][酸了][酸了][酸了],2020/7/24,https://www.bilibili.com/video/BV1va4y1a7hp?from=search&seid=15075552549875695762,海南民众海边观看天问一号发射升空：连连惊叹 高喊“胖五加油”,1
8427,8431,情缘红尘,0,我们的目标，是星辰大海[打call],2020/7/24,https://www.bilibili.com/video/BV1va4y1a7hp?from=search&seid=15075552549875695762,海南民众海边观看天问一号发射升空：连连惊叹 高喊“胖五加油”,1
1077,1080,是小狮子呀,0,我闻到了高考题的味道，未来几年的高三学子们又要增加知识点了,2020/4/24,https://www.bilibili.com/video/BV19e411s7yT,火星，我们来了！中国首次火星探测任务命名“天问一号”,0
4363,4367,西楼夜听雨,0,交警，这里有超宽货车在路上跑,2020/7/23,https://www.bilibili.com/video/BV1Sp4y1i7PR,全程回顾 | 天问一号！中国行星探测第一步,0
770,773,狮子座圣斗士,0,根据月饼的脑洞，三下五除二，政哥要征服火星了[doge],2020/4/24,https://www.bilibili.com/video/BV19e411s7yT,火星，我们来了！中国首次火星探测任务命名“天问一号”,1
8865,8869,LITD_Li,0,什么时候发射呀,2020/7/23,https://www.bilibili.com/video/BV1za4y1a7UT,“天问一号”即将发射，高清实拍+模拟动画带你提前登陆火星！,0
249,252,0鬼雪0,1,多久到火星呢！大佬科普下,2020/7/17,https://www.bilibili.com/video/BV19e411s7yT,火星，我们来了！中国首次火星探测任务命名“天问一号”,1
7239,7243,冈本大木,0,如果火星真的可以种土豆[星星眼]算不算颠覆认知了[星星眼][星星眼][星星眼],2021/5/15,https://www.bilibili.com/video/BV1R64y127qf,【火星中国时刻】天问一号：成功着陆，感觉良好！,1
3419,3423,小南nnnn,0,新华社直播间天问七号都上去了[偷笑],2020/7/23,https://www.bilibili.com/video/BV1Fk4y1m77L?p=1,目标火星！天问一号探测器在中国文昌航天发射场发射升空,0
4976,4980,奇の奇科,0,第一[打call][打call][打call][打call][打call],2021/5/15,https://www.bilibili.com/video/BV1D64y1C7qU,火星你好！2分钟回顾天问一号“奔火”全过程,0
4544,4548,杨书意威龙,1,加油,2020/7/23,https://www.bilibili.com/video/BV1Sp4y1i7PR,全程回顾 | 天问一号！中国行星探测第一步,1
5565,5569,自定义哈哈哈哈,0,总是趁我不注意，偷偷的给我个惊喜。,2021/5/15,https://www.bilibili.com/video/BV1ev41157uU,火星上首次留下中国印迹！动画模拟天问一号着陆过程,1
7939,7943,田圈2不饿,0,感觉他似乎赶路赶了好久了？,2021/5/15,https://www.bilibili.com/video/BV1No4y1m7vS,第一视角模拟天问一号登陆火星（中国航天科技集团五院、八院联合制作）,0
716,719,板橋蒼介,0,航空近两年事故频发，既有偶然性，也有必然性！偶然性就不说了，必然性就是最优秀的工科人才的流失！,2020/4/24,https://www.bilibili.com/video/BV19e411s7yT,火星，我们来了！中国首次火星探测任务命名“天问一号”,-1
10021,10025,氵可豚,0,果然好运气都用来投胎了,2021/4/25,https://www.bilibili.com/video/BV1q5411J73D?from=search&seid=6566064178961068704,我们决定去火星的日子，比你想象得更早,0
2048,2052,默艏宸癸,1,我们的目标是星辰大海[打call][打call][打call],2020/4/24,https://www.bilibili.com/video/BV19e411s7yT,火星，我们来了！中国首次火星探测任务命名“天问一号”,1
5997,6001,白凤梨灬比利,1,共工：祝融小子都去火星了，人家也要被安排[doge],2021/5/16,https://www.bilibili.com/video/BV1R64y127qf,【火星中国时刻】天问一号：成功着陆，感觉良好！,0
6600,6604,东南初升,0,你好！我来自地球。[抱拳],2021/5/15,https://www.bilibili.com/video/BV1R64y127qf,【火星中国时刻】天问一号：成功着陆，感觉良好！,1
7245,7249,嘿呦皮卡丘,0,翻译：喂，我到了，一切安好，请大家放心,2021/5/15,https://www.bilibili.com/video/BV1R64y127qf,【火星中国时刻】天问一号：成功着陆，感觉良好！,1
4178,4182,sduptu,0,三个这么大的射电望远镜[喜欢][喜欢],2020/7/23,https://www.bilibili.com/video/BV1Sp4y1i7PR,全程回顾 | 天问一号！中国行星探测第一步,1
4809,4813,咔咔咔打坐,0,新的小甜甜已经就位,2021/5/15,https://www.bilibili.com/video/BV1D64y1C7qU,火星你好！2分钟回顾天问一号“奔火”全过程,0
9843,9847,zxd东西,1,一步到位，我们真的可以[呲牙][打call],2021/5/15,https://www.bilibili.com/video/BV1bU4y1t7Nm?from=search&seid=6566064178961068704,如约而至！我国首次火星探测任务着陆火星圆满成功,1
7140,7144,废宅彼方,0,火星:请出示安康码，佩戴口罩[脱单doge],2021/5/15,https://www.bilibili.com/video/BV1R64y127qf,【火星中国时刻】天问一号：成功着陆，感觉良好！,1
7190,7194,白薯快递,0,能种菜吗？[doge],2021/5/15,https://www.bilibili.com/video/BV1R64y127qf,【火星中国时刻】天问一号：成功着陆，感觉良好！,1
1460,1464,你闪耀时真美,1,我们只是想到火星上———烤烤火。,2020/4/24,https://www.bilibili.com/video/BV19e411s7yT,火星，我们来了！中国首次火星探测任务命名“天问一号”,1
5989,5993,SolidWind,0,莫非去火星上又打了个水漂[捂眼],2021/5/16,https://www.bilibili.com/video/BV1R64y127qf,【火星中国时刻】天问一号：成功着陆，感觉良好！,0
2000,2004,-恨君不似江楼月-,0,路漫漫其修远兮，吾将上下而求索。,2020/4/24,https://www.bilibili.com/video/BV19e411s7yT,火星，我们来了！中国首次火星探测任务命名“天问一号”,1
8175,8179,bili_76025037610,0,辛苦了,2021/5/15,https://www.bilibili.com/video/BV1Qf4y1a7Lb,泪目！天问一号成功落火，航天人热泪盈眶紧紧相拥！,1
404,407,阿豚丶,0,[无语]硬币他又没了,2020/5/3,https://www.bilibili.com/video/BV19e411s7yT,火星，我们来了！中国首次火星探测任务命名“天问一号”,0
384,387,BossK兔,0,天问，笑问苍天,2020/5/6,https://www.bilibili.com/video/BV19e411s7yT,火星，我们来了！中国首次火星探测任务命名“天问一号”,1
9808,9812,猫儿的含羞草,0,服了，这么高兴的日子，弹幕居然还有阴阳怪气的？[疑惑]中国加油！,2021/5/15,https://www.bilibili.com/video/BV1bU4y1t7Nm?from=search&seid=6566064178961068704,如约而至！我国首次火星探测任务着陆火星圆满成功,1
9848,9852,cccpzkpfw,0,大胆预测下：中国可能第二个载人登陆月球，第一个载人登陆火星,2021/5/15,https://www.bilibili.com/video/BV1bU4y1t7Nm?from=search&seid=6566064178961068704,如约而至！我国首次火星探测任务着陆火星圆满成功,1
1633,1637,共和魔法师,1,正在研究科技胜利项目“移民火星”[微笑],2020/4/24,https://www.bilibili.com/video/BV19e411s7yT,火星，我们来了！中国首次火星探测任务命名“天问一号”,1
9918,9922,薛丁二的猫,1,再接再厉，勇往直前[打call],2021/5/15,https://www.bilibili.com/video/BV1bU4y1t7Nm?from=search&seid=6566064178961068704,如约而至！我国首次火星探测任务着陆火星圆满成功,1
4784,4788,陈郡忱,1,火星上有啥,2021/5/15,https://www.bilibili.com/video/BV1D64y1C7qU,火星你好！2分钟回顾天问一号“奔火”全过程,0
9900,9904,蠢萌呆笨,0,[嗑瓜子]都忘了这位靓仔了！！！！,2021/5/15,https://www.bilibili.com/video/BV1bU4y1t7Nm?from=search&seid=6566064178961068704,如约而至！我国首次火星探测任务着陆火星圆满成功,1
6970,6974,radianter,28,P1最后是摔下去的，p2最后是稳稳落地的，真实情况是哪种？,2021/5/15,https://www.bilibili.com/video/BV1R64y127qf,【火星中国时刻】天问一号：成功着陆，感觉良好！,1
3925,3929,D2177,0,嗯，已阅，西北拍的[阴险],2021/6/27,https://www.bilibili.com/video/BV1uy4y1M7dB,骄傲！天问一号系列实拍影像发布,0
4158,4162,哔唠哔唠,0,期待,2020/7/24,https://www.bilibili.com/video/BV1Sp4y1i7PR,全程回顾 | 天问一号！中国行星探测第一步,1
7449,7453,惗の渊,2,成功了,2021/5/15,https://www.bilibili.com/video/BV1sK4y1J7tU,天问一号：高清火星影像震撼发布,1
8415,8419,bili_275731244,0,这么多烟的吗？我们的就点火有烟,2020/7/24,https://www.bilibili.com/video/BV1va4y1a7hp?from=search&seid=15075552549875695762,海南民众海边观看天问一号发射升空：连连惊叹 高喊“胖五加油”,-1
2193,2197,东风快递炸沉日本,0,激动，,2020/7/26,https://www.bilibili.com/video/BV1df4y1R7GB,“天问一号”发射后200多天才能到达，三维带你提前登陆火星,1
1015,1018,简简简简陌,0,求封面！,2020/4/24,https://www.bilibili.com/video/BV19e411s7yT,火星，我们来了！中国首次火星探测任务命名“天问一号”,1
5124,5128,亿氘酒久韭,0,我有一个问题，火星的地能种菜吗？,2021/5/25,https://www.bilibili.com/video/BV1qo4y1m7GT,【面对面】天问一号自带“黑匣子” ？专为着陆失败做准备,0
7418,7422,大豪门,0,真就火星文呗。，，,2021/5/15,https://www.bilibili.com/video/BV1R64y127qf,【火星中国时刻】天问一号：成功着陆，感觉良好！,0
7409,7413,没什么事我就挂啦,0,火星文好评,2021/5/15,https://www.bilibili.com/video/BV1R64y127qf,【火星中国时刻】天问一号：成功着陆，感觉良好！,0
8989,8993,只盘带不射门,0,在乌托邦,2020/7/20,https://www.bilibili.com/video/BV1za4y1a7UT,“天问一号”即将发射，高清实拍+模拟动画带你提前登陆火星！,0
2871,2875,Blood梦,1,在现场我是尾焰,2020/7/23,https://www.bilibili.com/video/BV1Fk4y1m77L?p=1,目标火星！天问一号探测器在中国文昌航天发射场发射升空,1
9,9,地外行星,0,成功抵达！已成功捕获[doge],2021/2/10,https://www.bilibili.com/video/BV19e411s7yT,火星，我们来了！中国首次火星探测任务命名“天问一号”,1
1838,1842,中二的雅痞,1,求大佬解释一下，最近的月球都没搞明白，为啥要绕过月球去探索别的星球，为什么最近几十年我们人类再没上过月球……,2020/4/24,https://www.bilibili.com/video/BV19e411s7yT,火星，我们来了！中国首次火星探测任务命名“天问一号”,0
4804,4808,颠倒罔相,0,瓦力,2021/5/15,https://www.bilibili.com/video/BV1D64y1C7qU,火星你好！2分钟回顾天问一号“奔火”全过程,0
255,258,长征九号遥一,1,有的人说美国登过火星了，我们应该直接玩木星。。。且不说不切实际，我再给大家讲个笑话，印度人觉得自己环绕火星比中国软登录月球高端，这些人的意思就是我A副本困难难度打不下，我玩B副本简单难度，就算我超过别人了。,2020/7/17,https://www.bilibili.com/video/BV19e411s7yT,火星，我们来了！中国首次火星探测任务命名“天问一号”,-1
7026,7030,水吟林,0,凤凰传奇快点给我创造一首《火星之上》[辣眼睛],2021/5/15,https://www.bilibili.com/video/BV1R64y127qf,【火星中国时刻】天问一号：成功着陆，感觉良好！,1
5713,5717,三顧茅房,0,哇！！！！,2021/5/15,https://www.bilibili.com/video/BV1ev41157uU,火星上首次留下中国印迹！动画模拟天问一号着陆过程,0
3324,3328,幽客97,0,这手机喇叭要被震掉了[微笑],2020/7/23,https://www.bilibili.com/video/BV1Fk4y1m77L?p=1,目标火星！天问一号探测器在中国文昌航天发射场发射升空,0
7714,7718,myownbismarck,0,所以火星能种菜嘛？[doge][doge][doge],2021/3/4,https://www.bilibili.com/video/BV1sK4y1J7tU,天问一号：高清火星影像震撼发布,1
1581,1585,黎明X沐尘,1,自。。。。。抱歉走错了,2020/4/24,https://www.bilibili.com/video/BV19e411s7yT,火星，我们来了！中国首次火星探测任务命名“天问一号”,0
924,927,GHOST原点,0,这个标识又可以考语文[吃瓜],2020/4/24,https://www.bilibili.com/video/BV19e411s7yT,火星，我们来了！中国首次火星探测任务命名“天问一号”,0
2779,2783,这个好诶a,0,有没有完整版的,2020/7/23,https://www.bilibili.com/video/BV1Fk4y1m77L?p=1,目标火星！天问一号探测器在中国文昌航天发射场发射升空,0
7891,7895,种花家驻荧惑外焦兔,23,下次发一个能返程的来，我好把土豆给你们装上[doge],2021/3/4,https://www.bilibili.com/video/BV1sK4y1J7tU,天问一号：高清火星影像震撼发布,0
6132,6136,逆鸣,2,眼泪喷射！,2021/5/15,https://www.bilibili.com/video/BV1R64y127qf,【火星中国时刻】天问一号：成功着陆，感觉良好！,1
5320,5324,牛克劳林,2,众所周知，自古以来[吃瓜],2021/2/12,https://www.bilibili.com/video/BV1rA411T7pN,震撼！“天问一号”探测器火星捕获过程影像发布,1
7312,7316,bili_114514514,0,飞起来了,2021/5/15,https://www.bilibili.com/video/BV1R64y127qf,【火星中国时刻】天问一号：成功着陆，感觉良好！,0
7102,7106,不长大的疯子,0,在？什么时候种菜！,2021/5/15,https://www.bilibili.com/video/BV1R64y127qf,【火星中国时刻】天问一号：成功着陆，感觉良好！,1
6042,6046,咸鱼反生,0,等待靓仔发回自拍[吃瓜][吃瓜],2021/5/15,https://www.bilibili.com/video/BV1R64y127qf,【火星中国时刻】天问一号：成功着陆，感觉良好！,0
3775,3779,玄月花舞,0,好！,2020/7/23,https://www.bilibili.com/video/BV1Fk4y1m77L?p=1,目标火星！天问一号探测器在中国文昌航天发射场发射升空,1
4835,4839,超高校級の怠??惰,37,天问一号火箭的发射仿佛就在昨天，须臾之间竟已抵达火星[OK][打call],2021/5/15,https://www.bilibili.com/video/BV1D64y1C7qU,火星你好！2分钟回顾天问一号“奔火”全过程,1
4964,4968,爱婴世界,0,哭了,2021/5/15,https://www.bilibili.com/video/BV1D64y1C7qU,火星你好！2分钟回顾天问一号“奔火”全过程,0
539,542,少侠不慌,0,星辰大海（星条旗沉入大海）,2020/4/25,https://www.bilibili.com/video/BV19e411s7yT,火星，我们来了！中国首次火星探测任务命名“天问一号”,1
7483,7487,贰鼠,1,谢谢，我可以在谷歌地球上看到,2021/3/31,https://www.bilibili.com/video/BV1sK4y1J7tU,天问一号：高清火星影像震撼发布,1
2745,2749,言哥严格,2,今天靓仔到目的地了,2021/5/15,https://www.bilibili.com/video/BV1Fk4y1m77L?p=1,目标火星！天问一号探测器在中国文昌航天发射场发射升空,1
3719,3723,大米公司董事长雷王,1,我们目标是星辰大海,2020/7/23,https://www.bilibili.com/video/BV1Fk4y1m77L?p=1,目标火星！天问一号探测器在中国文昌航天发射场发射升空,1
6819,6823,我想略略略略略略,0,ohhhhhh,2021/5/15,https://www.bilibili.com/video/BV1R64y127qf,【火星中国时刻】天问一号：成功着陆，感觉良好！,-1
9337,9341,真的皮袄,0,赶快把量子通信搞起来，实时通信，实时控制，实时直播[吃瓜],2021/5/18,https://www.bilibili.com/video/BV1QN411o7rR?from=search&seid=6566064178961068704,登陆火星为什么最难？看天问一号如何闯过着陆火星的“恐怖9分钟”,0
4468,4472,RocketLab,0,b站人均在现场[酸了][酸了][酸了],2020/7/23,https://www.bilibili.com/video/BV1Sp4y1i7PR,全程回顾 | 天问一号！中国行星探测第一步,0
667,670,suntiflora,0,我得去学习一下天问,2020/4/24,https://www.bilibili.com/video/BV19e411s7yT,火星，我们来了！中国首次火星探测任务命名“天问一号”,0
7575,7579,敖友,0,等到了,2021/3/6,https://www.bilibili.com/video/BV1sK4y1J7tU,天问一号：高清火星影像震撼发布,0
8549,8553,哦宁橘,0,哼，一群孤陋寡闻的人……喔!!![笑哭],2020/7/24,https://www.bilibili.com/video/BV1va4y1a7hp?from=search&seid=15075552549875695762,海南民众海边观看天问一号发射升空：连连惊叹 高喊“胖五加油”,0
5063,5067,康娜伊露露,0,[打call],2021/5/15,https://www.bilibili.com/video/BV1D64y1C7qU,火星你好！2分钟回顾天问一号“奔火”全过程,0
1353,1357,tlxfif,0,后排围观[微笑],2020/4/24,https://www.bilibili.com/video/BV19e411s7yT,火星，我们来了！中国首次火星探测任务命名“天问一号”,0
7114,7118,闲来垂钓b站上,0,就没有实况镜头么？还是什么原因，有人科普下么。,2021/5/15,https://www.bilibili.com/video/BV1R64y127qf,【火星中国时刻】天问一号：成功着陆，感觉良好！,1
10144,10148,放牛的柯基,1,标题看成了我们要去火化的日子[捂脸],2021/2/4,https://www.bilibili.com/video/BV1q5411J73D?from=search&seid=6566064178961068704,我们决定去火星的日子，比你想象得更早,0
8662,8666,Newton_杨,0,秒五鹿儿岛名场面,2020/7/23,https://www.bilibili.com/video/BV1va4y1a7hp?from=search&seid=15075552549875695762,海南民众海边观看天问一号发射升空：连连惊叹 高喊“胖五加油”,0
2703,2707,69617009502_bili,0,星辰大海,2020/7/23,https://www.bilibili.com/video/BV1df4y1R7GB,“天问一号”发射后200多天才能到达，三维带你提前登陆火星,1
3330,3334,被虐了好开心,1,起飞????,2020/7/23,https://www.bilibili.com/video/BV1Fk4y1m77L?p=1,目标火星！天问一号探测器在中国文昌航天发射场发射升空,1
8053,8057,如也i,0,航天人！,2021/5/16,https://www.bilibili.com/video/BV1Qf4y1a7Lb,泪目！天问一号成功落火，航天人热泪盈眶紧紧相拥！,0
9588,9592,明文帝,0,要是和美国探测器撞了车，若干年以后就是开启了星球大战的开端[doge]。[doge],2021/5/15,https://www.bilibili.com/video/BV1bU4y1t7Nm?from=search&seid=6566064178961068704,如约而至！我国首次火星探测任务着陆火星圆满成功,-1
3584,3588,轩辕冰块,1,加油＾０＾~[呲牙][呲牙][呲牙][爱心][爱心][爱心],2020/7/23,https://www.bilibili.com/video/BV1Fk4y1m77L?p=1,目标火星！天问一号探测器在中国文昌航天发射场发射升空,1
9801,9805,达瓦里氏-兔子,0,巡视器离开着陆器了吗？,2021/5/15,https://www.bilibili.com/video/BV1bU4y1t7Nm?from=search&seid=6566064178961068704,如约而至！我国首次火星探测任务着陆火星圆满成功,0
5645,5649,作为一名资深的酱油党,0,威武，雄起[打call][打call][打call][打call],2021/5/15,https://www.bilibili.com/video/BV1ev41157uU,火星上首次留下中国印迹！动画模拟天问一号着陆过程,1
3376,3380,蓝原的柑橘味柚子,0,我们的征途是星辰大海[支持],2020/7/23,https://www.bilibili.com/video/BV1Fk4y1m77L?p=1,目标火星！天问一号探测器在中国文昌航天发射场发射升空,1
1256,1260,苦笑也不得,0,希望50年以后，我能到火星看看,2020/4/24,https://www.bilibili.com/video/BV19e411s7yT,火星，我们来了！中国首次火星探测任务命名“天问一号”,1
6190,6194,爱驾驶,0,祝贺天问一号和祝融号火星车成功着陆火星！[打call][星星眼][打call],2021/5/15,https://www.bilibili.com/video/BV1R64y127qf,【火星中国时刻】天问一号：成功着陆，感觉良好！,1
9442,9446,橘子希,2,文科生不是太懂，就感觉落地前平移避障那一段好厉害，以前科幻里面UFO就是这样飞的吧[打call],2021/5/15,https://www.bilibili.com/video/BV1QN411o7rR?from=search&seid=6566064178961068704,登陆火星为什么最难？看天问一号如何闯过着陆火星的“恐怖9分钟”,1
5348,5352,Hatoman,0,点开P1的一瞬间BGM差点把我送走了[笑哭],2021/2/12,https://www.bilibili.com/video/BV1rA411T7pN,震撼！“天问一号”探测器火星捕获过程影像发布,-1
4175,4179,该账号被封停,0,我记得我嫂子就是北航的，但是后来不知为什么没去,2020/7/23,https://www.bilibili.com/video/BV1Sp4y1i7PR,全程回顾 | 天问一号！中国行星探测第一步,0
4910,4914,Ec_理理,1,啥时候搬过去[偷笑],2021/5/15,https://www.bilibili.com/video/BV1D64y1C7qU,火星你好！2分钟回顾天问一号“奔火”全过程,0
1852,1856,喵邱,1,冲冲冲，像火星进发,2020/4/24,https://www.bilibili.com/video/BV19e411s7yT,火星，我们来了！中国首次火星探测任务命名“天问一号”,1
6316,6320,chenkov01,2,要自拍，在线等[打call],2021/5/15,https://www.bilibili.com/video/BV1R64y127qf,【火星中国时刻】天问一号：成功着陆，感觉良好！,0
10228,10232,我车车不燃了,0,一个文明在他出生的地方不动，就会死亡[呆],2021/2/3,https://www.bilibili.com/video/BV1q5411J73D?from=search&seid=6566064178961068704,我们决定去火星的日子，比你想象得更早,0
2105,2109,level5弹幕王,0,考古,2021/5/15,https://www.bilibili.com/video/BV1df4y1R7GB,“天问一号”发射后200多天才能到达，三维带你提前登陆火星,0
133,136,老板少放丶辣啊TAT,0,加油！,2020/7/23,https://www.bilibili.com/video/BV19e411s7yT,火星，我们来了！中国首次火星探测任务命名“天问一号”,1
5029,5033,寂寥_solitary,1,中国nb！！！！！,2021/5/15,https://www.bilibili.com/video/BV1D64y1C7qU,火星你好！2分钟回顾天问一号“奔火”全过程,1
928,931,干物妹粉妹汤圆酱,0,[打call][打call][打call][打call],2020/4/24,https://www.bilibili.com/video/BV19e411s7yT,火星，我们来了！中国首次火星探测任务命名“天问一号”,1
823,826,KJCHolmes,5,麻烦看一看是不是有个人真的在上面种土豆[doge],2020/4/24,https://www.bilibili.com/video/BV19e411s7yT,火星，我们来了！中国首次火星探测任务命名“天问一号”,1
7576,7580,倾听穿林打叶声,0,看到我宗长老了吗？,2021/3/6,https://www.bilibili.com/video/BV1sK4y1J7tU,天问一号：高清火星影像震撼发布,0
1531,1535,lycjyk,0,这是新的里程碑！加油！向科学家致敬！加油中国！！！,2020/4/24,https://www.bilibili.com/video/BV19e411s7yT,火星，我们来了！中国首次火星探测任务命名“天问一号”,1
1214,1218,歼8暴打娘娘,0,背屈原的楚辞是背诵课文中的噩梦难度,2020/4/24,https://www.bilibili.com/video/BV19e411s7yT,火星，我们来了！中国首次火星探测任务命名“天问一号”,0
504,507,小白狮,0,好好好！,2020/4/26,https://www.bilibili.com/video/BV19e411s7yT,火星，我们来了！中国首次火星探测任务命名“天问一号”,1
6530,6534,扣扣看看看看,0,火星车啥时候开始巡航？,2021/5/15,https://www.bilibili.com/video/BV1R64y127qf,【火星中国时刻】天问一号：成功着陆，感觉良好！,0
3072,3076,流浪大兵,0,这手机震动太震撼了,2020/7/23,https://www.bilibili.com/video/BV1Fk4y1m77L?p=1,目标火星！天问一号探测器在中国文昌航天发射场发射升空,1
9576,9580,北极天VEX,0,那么，老问题，“能种菜吗？”[滑稽],2021/5/16,https://www.bilibili.com/video/BV1bU4y1t7Nm?from=search&seid=6566064178961068704,如约而至！我国首次火星探测任务着陆火星圆满成功,1
9086,9090,qftal,0,问天路是我QQ小号昵称[笑哭][笑哭][笑哭],2020/7/18,https://www.bilibili.com/video/BV1za4y1a7UT,“天问一号”即将发射，高清实拍+模拟动画带你提前登陆火星！,0
8647,8651,反-差,0,祖国的强大，离不开老百姓的支持,2020/7/23,https://www.bilibili.com/video/BV1va4y1a7hp?from=search&seid=15075552549875695762,海南民众海边观看天问一号发射升空：连连惊叹 高喊“胖五加油”,0
6619,6623,我是刘小飞,0,喂！我到了，一切安好，叫大家放心！,2021/5/15,https://www.bilibili.com/video/BV1R64y127qf,【火星中国时刻】天问一号：成功着陆，感觉良好！,1
9273,9277,天真-宁姚,1181,全世界成功率40%，愿中国一次成功。,2020/7/17,https://www.bilibili.com/video/BV1za4y1a7UT,“天问一号”即将发射，高清实拍+模拟动画带你提前登陆火星！,1
3709,3713,四月依,1,中国航天加油！,2020/7/23,https://www.bilibili.com/video/BV1Fk4y1m77L?p=1,目标火星！天问一号探测器在中国文昌航天发射场发射升空,1
9947,9951,又玄又悬,5,作为中国人，感觉非常自豪啊[妙啊][打call],2021/5/15,https://www.bilibili.com/video/BV1bU4y1t7Nm?from=search&seid=6566064178961068704,如约而至！我国首次火星探测任务着陆火星圆满成功,1
4849,4853,元气满满的小黑呀,0,向中国航天人致敬！,2021/5/15,https://www.bilibili.com/video/BV1D64y1C7qU,火星你好！2分钟回顾天问一号“奔火”全过程,1
4748,4752,是谁又在乎谁呢_,0,祝贺静仔[打call][打call][打call],2021/5/15,https://www.bilibili.com/video/BV1D64y1C7qU,火星你好！2分钟回顾天问一号“奔火”全过程,0
4268,4272,小羽-O-,0,火星，我们来了，还不更新！！！,2020/7/23,https://www.bilibili.com/video/BV1Sp4y1i7PR,全程回顾 | 天问一号！中国行星探测第一步,0
10337,10341,莹雨妍然,4,刚刚考完阅读理解,2021/2/2,https://www.bilibili.com/video/BV1q5411J73D?from=search&seid=6566064178961068704,我们决定去火星的日子，比你想象得更早,0
8905,8909,Ukomico,0,预祝火箭发射成功[OK],2020/7/23,https://www.bilibili.com/video/BV1za4y1a7UT,“天问一号”即将发射，高清实拍+模拟动画带你提前登陆火星！,1
4186,4190,佚名9019,1,这白白胖胖的看着就招人喜欢[大笑],2020/7/23,https://www.bilibili.com/video/BV1Sp4y1i7PR,全程回顾 | 天问一号！中国行星探测第一步,0
5301,5305,Xenolies,0,人生中第一次看见火星.jpg,2021/2/12,https://www.bilibili.com/video/BV1rA411T7pN,震撼！“天问一号”探测器火星捕获过程影像发布,0
2923,2927,背叛世界的爱国者,0,手机在颤抖[吃瓜],2020/7/23,https://www.bilibili.com/video/BV1Fk4y1m77L?p=1,目标火星！天问一号探测器在中国文昌航天发射场发射升空,0
6588,6592,エミリアー爱蜜莉雅,0,中华民族为了帮助火神祝融回到他的故土，用了五六千年的时间。,2021/5/15,https://www.bilibili.com/video/BV1R64y127qf,【火星中国时刻】天问一号：成功着陆，感觉良好！,0
1810,1814,一只lvlv,1,那一天，火星终于回想起了…被人类支配的恐惧！,2020/4/24,https://www.bilibili.com/video/BV19e411s7yT,火星，我们来了！中国首次火星探测任务命名“天问一号”,0
3486,3490,绒球_琳,1,ohhhhhhhhhhhhhhhh！！！,2020/7/23,https://www.bilibili.com/video/BV1Fk4y1m77L?p=1,目标火星！天问一号探测器在中国文昌航天发射场发射升空,1
7419,7423,summer夏夏_,1,天朝壮哉！[打call][打call][打call],2021/5/15,https://www.bilibili.com/video/BV1R64y127qf,【火星中国时刻】天问一号：成功着陆，感觉良好！,1
3141,3145,不喝酒的羊,1,。。。,2020/7/23,https://www.bilibili.com/video/BV1Fk4y1m77L?p=1,目标火星！天问一号探测器在中国文昌航天发射场发射升空,0
9347,9351,_WWW_,0,突然想到一个问题，火星种出来的菜是不是可以永久保鲜[滑稽],2021/5/16,https://www.bilibili.com/video/BV1QN411o7rR?from=search&seid=6566064178961068704,登陆火星为什么最难？看天问一号如何闯过着陆火星的“恐怖9分钟”,1
1324,1328,自我感觉的大耳兔,0,有人知道忻中一号吗，第一个以高中命名的的卫星,2020/4/24,https://www.bilibili.com/video/BV19e411s7yT,火星，我们来了！中国首次火星探测任务命名“天问一号”,0
4312,4316,睡到自然醒xc,1,火星，我们来了！我太开心了，同昨天相比，我又离去看火箭发射近了一步。第100次高呼：我要去看火箭发射！,2020/7/23,https://www.bilibili.com/video/BV1Sp4y1i7PR,全程回顾 | 天问一号！中国行星探测第一步,1
7494,7498,Yangbingfly,0,东方红的曲火星的图，就是特激动,2021/3/24,https://www.bilibili.com/video/BV1sK4y1J7tU,天问一号：高清火星影像震撼发布,1
8702,8706,cheems好累,0,一股自豪感突然就出来了，中国牛逼！,2020/7/23,https://www.bilibili.com/video/BV1va4y1a7hp?from=search&seid=15075552549875695762,海南民众海边观看天问一号发射升空：连连惊叹 高喊“胖五加油”,1
8691,8695,JTYC_Vlog,1,[哦呼][哦呼][哦呼],2020/7/23,https://www.bilibili.com/video/BV1va4y1a7hp?from=search&seid=15075552549875695762,海南民众海边观看天问一号发射升空：连连惊叹 高喊“胖五加油”,0
9864,9868,向往的清华,34,我们的科普做得太差了！就这么重要的新闻，都没有动画，没有画面，全是主持人在口播……对比美国NASA，中国航天科技的宣传任重道远！,2021/5/15,https://www.bilibili.com/video/BV1bU4y1t7Nm?from=search&seid=6566064178961068704,如约而至！我国首次火星探测任务着陆火星圆满成功,-1
9580,9584,番茄勇士x,0,这样的话，很久的以后是不是可以说“火星乌托邦平原自古以来就是我国的领土”[doge],2021/5/16,https://www.bilibili.com/video/BV1bU4y1t7Nm?from=search&seid=6566064178961068704,如约而至！我国首次火星探测任务着陆火星圆满成功,0
5541,5545,氪不改命王林,0,来了，刚刚才知道这个振奋人心的好消息。[星星眼][星星眼],2021/5/15,https://www.bilibili.com/video/BV1ev41157uU,火星上首次留下中国印迹！动画模拟天问一号着陆过程,1
6172,6176,今天玩游戏了吗,2,妈呀，真的是带制作嗷！[打call][打call][打call],2021/5/15,https://www.bilibili.com/video/BV1R64y127qf,【火星中国时刻】天问一号：成功着陆，感觉良好！,1
1540,1544,你好蔡啊丶0,0,冲冲冲,2020/4/24,https://www.bilibili.com/video/BV19e411s7yT,火星，我们来了！中国首次火星探测任务命名“天问一号”,1
9409,9413,elvira-Sylviav,0,能不能发射卫星在火星上，以后通过量子通信减少延时？,2021/5/15,https://www.bilibili.com/video/BV1QN411o7rR?from=search&seid=6566064178961068704,登陆火星为什么最难？看天问一号如何闯过着陆火星的“恐怖9分钟”,1
2681,2685,Satan-mod-2,13,咕咕星nb,2020/7/23,https://www.bilibili.com/video/BV1df4y1R7GB,“天问一号”发射后200多天才能到达，三维带你提前登陆火星,1
10257,10261,努力的大晨,0,靓仔，你到了吗？你怎么还没到[doge],2021/2/3,https://www.bilibili.com/video/BV1q5411J73D?from=search&seid=6566064178961068704,我们决定去火星的日子，比你想象得更早,0
6313,6317,一把白菜芯,2,2P比1P科幻的多，太燃了,2021/5/15,https://www.bilibili.com/video/BV1R64y127qf,【火星中国时刻】天问一号：成功着陆，感觉良好！,0
1191,1195,文森特135,0,向天一问！,2020/4/24,https://www.bilibili.com/video/BV19e411s7yT,火星，我们来了！中国首次火星探测任务命名“天问一号”,1
5293,5297,桂糖粤饼,0,第一眼看到标题是“震惊”[笑哭],2021/2/12,https://www.bilibili.com/video/BV1rA411T7pN,震撼！“天问一号”探测器火星捕获过程影像发布,0
1542,1546,Bot03,1,赶紧留名，见证未来,2020/4/24,https://www.bilibili.com/video/BV19e411s7yT,火星，我们来了！中国首次火星探测任务命名“天问一号”,1
7056,7060,阿琪丫-,5,对的，祝融到家了[热词系列_吹爆],2021/5/15,https://www.bilibili.com/video/BV1R64y127qf,【火星中国时刻】天问一号：成功着陆，感觉良好！,1
2539,2543,侯富文,1,最难的就是那个变轨吧。那是什么鬼[哦呼][哦呼],2020/7/23,https://www.bilibili.com/video/BV1df4y1R7GB,“天问一号”发射后200多天才能到达，三维带你提前登陆火星,1
953,956,菜角啊,0,探测器，你是否有许多问号？[黑洞],2020/4/24,https://www.bilibili.com/video/BV19e411s7yT,火星，我们来了！中国首次火星探测任务命名“天问一号”,0
7241,7245,水吟林,0,我已出舱，感觉良好,2021/5/15,https://www.bilibili.com/video/BV1R64y127qf,【火星中国时刻】天问一号：成功着陆，感觉良好！,1
6731,6735,c_da-zhuang,0,啊啊啊啊啊啊啊啊,2021/5/15,https://www.bilibili.com/video/BV1R64y127qf,【火星中国时刻】天问一号：成功着陆，感觉良好！,0
4846,4850,忽闻水上琴声,0,nice,2021/5/15,https://www.bilibili.com/video/BV1D64y1C7qU,火星你好！2分钟回顾天问一号“奔火”全过程,1
6801,6805,lvlv21,0,它以后还能回来吗？,2021/5/15,https://www.bilibili.com/video/BV1R64y127qf,【火星中国时刻】天问一号：成功着陆，感觉良好！,0
8010,8014,豌豆黄吃不胖,0,辛苦了！！！,2021/5/17,https://www.bilibili.com/video/BV1Qf4y1a7Lb,泪目！天问一号成功落火，航天人热泪盈眶紧紧相拥！,1
4330,4334,浩瀚星辰我来了,1,“从深空探测大国迈向行星科学强国！”我们在路上！,2020/7/23,https://www.bilibili.com/video/BV1Sp4y1i7PR,全程回顾 | 天问一号！中国行星探测第一步,1
8924,8928,该帐号已主销,1,我们的目标是–––星辰大海![打call],2020/7/22,https://www.bilibili.com/video/BV1za4y1a7UT,“天问一号”即将发射，高清实拍+模拟动画带你提前登陆火星！,1
5334,5338,零点九NACL,0,这大气层薄的跟纸片似的[笑哭],2021/2/12,https://www.bilibili.com/video/BV1rA411T7pN,震撼！“天问一号”探测器火星捕获过程影像发布,0
7330,7334,哦呼是什么意思,0,真正的火星文啊,2021/5/15,https://www.bilibili.com/video/BV1R64y127qf,【火星中国时刻】天问一号：成功着陆，感觉良好！,0
9348,9352,上边革朋友你地好吗,0,大家都看到了吧，人才咱不缺。安心睡觉得了[doge],2021/5/16,https://www.bilibili.com/video/BV1QN411o7rR?from=search&seid=6566064178961068704,登陆火星为什么最难？看天问一号如何闯过着陆火星的“恐怖9分钟”,0
4729,4733,劝君不得分明语,0,我们见证了历史,2021/5/15,https://www.bilibili.com/video/BV1D64y1C7qU,火星你好！2分钟回顾天问一号“奔火”全过程,0
6541,6545,超级无敌烂人,1,南京人民发来贺电,2021/5/15,https://www.bilibili.com/video/BV1R64y127qf,【火星中国时刻】天问一号：成功着陆，感觉良好！,1
5305,5309,旧秣疲马,0,火星是白色的（确信）[妙啊],2021/2/12,https://www.bilibili.com/video/BV1rA411T7pN,震撼！“天问一号”探测器火星捕获过程影像发布,0
5161,5165,可爱不得已而为之,1,哎妈呀，东北人呐！姥爷,2021/5/24,https://www.bilibili.com/video/BV1qo4y1m7GT,【面对面】天问一号自带“黑匣子” ？专为着陆失败做准备,0
7860,7864,草原来的兔子,0,看样子种地有点费劲[doge],2021/3/4,https://www.bilibili.com/video/BV1sK4y1J7tU,天问一号：高清火星影像震撼发布,1
2156,2160,拥有披风的流浪汉,0,像个玩具一样,2020/8/18,https://www.bilibili.com/video/BV1df4y1R7GB,“天问一号”发射后200多天才能到达，三维带你提前登陆火星,-1
1062,1065,上B站的阿塔尼斯,0,火星什么时候改造成盖亚星球？[热词系列_知识增加],2020/4/24,https://www.bilibili.com/video/BV19e411s7yT,火星，我们来了！中国首次火星探测任务命名“天问一号”,0
1167,1171,洽饭恰饭,0,中国万岁????中国????????????????爱你,2020/4/24,https://www.bilibili.com/video/BV19e411s7yT,火星，我们来了！中国首次火星探测任务命名“天问一号”,1
3636,3640,大头猫咪,0,央视家也没视频源啊.jpg,2020/7/23,https://www.bilibili.com/video/BV1Fk4y1m77L?p=1,目标火星！天问一号探测器在中国文昌航天发射场发射升空,0
7651,7655,l风之轨迹l,0,看到第一反应竟然是火星竟然可以种土豆[无语][无语][无语],2021/3/4,https://www.bilibili.com/video/BV1sK4y1J7tU,天问一号：高清火星影像震撼发布,1
5588,5592,NHTATTOO,1,四川人民发来贺电[打call][打call][打call],2021/5/15,https://www.bilibili.com/video/BV1ev41157uU,火星上首次留下中国印迹！动画模拟天问一号着陆过程,1
7192,7196,了然半夏,0,火星文哈哈[打call][嗑瓜子],2021/5/15,https://www.bilibili.com/video/BV1R64y127qf,【火星中国时刻】天问一号：成功着陆，感觉良好！,1
4491,4495,下个b站看新闻,27,很高清，小太懂我们[tv_色],2020/7/23,https://www.bilibili.com/video/BV1Sp4y1i7PR,全程回顾 | 天问一号！中国行星探测第一步,0
7266,7270,我得加油啦,0,喂，我到了，一切安好，请大家放心（纯靠字的部首认出来[笑哭]）,2021/5/15,https://www.bilibili.com/video/BV1R64y127qf,【火星中国时刻】天问一号：成功着陆，感觉良好！,0
4980,4984,不知归返,0,靓仔最靓,2021/5/15,https://www.bilibili.com/video/BV1D64y1C7qU,火星你好！2分钟回顾天问一号“奔火”全过程,1
8335,8339,随便逛逛XD,0,谁能想到，这居然成景点了,2020/7/25,https://www.bilibili.com/video/BV1va4y1a7hp?from=search&seid=15075552549875695762,海南民众海边观看天问一号发射升空：连连惊叹 高喊“胖五加油”,0
10329,10333,阿烜烜-,2,火星种地模拟器[doge],2021/2/2,https://www.bilibili.com/video/BV1q5411J73D?from=search&seid=6566064178961068704,我们决定去火星的日子，比你想象得更早,0
4946,4950,cn7cn7,0,恭喜祝融号成功登陆火星[微笑],2021/5/15,https://www.bilibili.com/video/BV1D64y1C7qU,火星你好！2分钟回顾天问一号“奔火”全过程,1
2782,2786,bili_13023779655,0,啥时候发射哦！,2020/7/23,https://www.bilibili.com/video/BV1Fk4y1m77L?p=1,目标火星！天问一号探测器在中国文昌航天发射场发射升空,0
717,720,风华残露雨落烟尘,0,看着好不爽啊，全是弹幕[大哭],2020/4/24,https://www.bilibili.com/video/BV19e411s7yT,火星，我们来了！中国首次火星探测任务命名“天问一号”,0
2502,2506,小桵明,0,太酷了,2020/7/23,https://www.bilibili.com/video/BV1df4y1R7GB,“天问一号”发射后200多天才能到达，三维带你提前登陆火星,1
4360,4364,尼古拉斯_峰,1,约定七个月后相见！,2020/7/23,https://www.bilibili.com/video/BV1Sp4y1i7PR,全程回顾 | 天问一号！中国行星探测第一步,0
4171,4175,旺奶牛仔Dames,0,我动态有好看的[吃瓜],2020/7/24,https://www.bilibili.com/video/BV1Sp4y1i7PR,全程回顾 | 天问一号！中国行星探测第一步,0
8082,8086,未知power,0,致敬！,2021/5/16,https://www.bilibili.com/video/BV1Qf4y1a7Lb,泪目！天问一号成功落火，航天人热泪盈眶紧紧相拥！,1
10131,10135,_Leovit_,0,可以种菜么[tv_doge],2021/2/5,https://www.bilibili.com/video/BV1q5411J73D?from=search&seid=6566064178961068704,我们决定去火星的日子，比你想象得更早,1
395,398,墨痕烛霖,0,其实应该是萤火二号，可怜一号没成功,2020/5/4,https://www.bilibili.com/video/BV19e411s7yT,火星，我们来了！中国首次火星探测任务命名“天问一号”,0
7186,7190,被砍的水桶,0,这算火星简体了[喜极而泣]看得懂！,2021/5/15,https://www.bilibili.com/video/BV1R64y127qf,【火星中国时刻】天问一号：成功着陆，感觉良好！,1
10195,10199,没精神的H,0,我想遥望家乡遥望这颗蓝色的星球，我也许不行但下一代可以把照片烧给我[2021],2021/2/3,https://www.bilibili.com/video/BV1q5411J73D?from=search&seid=6566064178961068704,我们决定去火星的日子，比你想象得更早,0
4492,4496,越哥0018,0,请问会有完整视频吗？,2020/7/23,https://www.bilibili.com/video/BV1Sp4y1i7PR,全程回顾 | 天问一号！中国行星探测第一步,0
1365,1369,是万万没想到,0,中国加油,2020/4/24,https://www.bilibili.com/video/BV19e411s7yT,火星，我们来了！中国首次火星探测任务命名“天问一号”,1
9887,9891,等风的红杏,1,没图啊,2021/5/15,https://www.bilibili.com/video/BV1bU4y1t7Nm?from=search&seid=6566064178961068704,如约而至！我国首次火星探测任务着陆火星圆满成功,0
8787,8791,风拂叶落,422,我特喜欢听工作人员反馈雷达跟踪火箭的情况，一个接着一个，像接力棒传递一样。,2020/7/23,https://www.bilibili.com/video/BV1va4y1a7hp?from=search&seid=15075552549875695762,海南民众海边观看天问一号发射升空：连连惊叹 高喊“胖五加油”,0
5917,5921,心若玄明,0,这是ksp做的吗？,2021/5/16,https://www.bilibili.com/video/BV1R64y127qf,【火星中国时刻】天问一号：成功着陆，感觉良好！,0
4968,4972,僕の魂は銀の魂,1,棒！,2021/5/15,https://www.bilibili.com/video/BV1D64y1C7qU,火星你好！2分钟回顾天问一号“奔火”全过程,1
2914,2918,The_Who谁团研究所,1,ㄗs吙暒朲集合孓oО[doge],2020/7/23,https://www.bilibili.com/video/BV1Fk4y1m77L?p=1,目标火星！天问一号探测器在中国文昌航天发射场发射升空,1
5644,5648,心永远向着教员,7,去研究研究中国人能不能上去种庄稼,2021/5/15,https://www.bilibili.com/video/BV1ev41157uU,火星上首次留下中国印迹！动画模拟天问一号着陆过程,0
3766,3770,小月申,0,前排留名,2020/7/23,https://www.bilibili.com/video/BV1Fk4y1m77L?p=1,目标火星！天问一号探测器在中国文昌航天发射场发射升空,0
3440,3444,小米公司,1270,我们的征程是星辰大海！[星星眼],2020/7/23,https://www.bilibili.com/video/BV1Fk4y1m77L?p=1,目标火星！天问一号探测器在中国文昌航天发射场发射升空,1
7357,7361,2226798725,1,祝贺,2021/5/15,https://www.bilibili.com/video/BV1R64y127qf,【火星中国时刻】天问一号：成功着陆，感觉良好！,1
6806,6810,星箭月弓,0,能不能种菜[滑稽],2021/5/15,https://www.bilibili.com/video/BV1R64y127qf,【火星中国时刻】天问一号：成功着陆，感觉良好！,1
2143,2147,大熊熊呢呢呢,2,说明这人工智能已经相当牛了，刚出地球村，它就是一个成熟的探测器了。[星星眼],2021/1/4,https://www.bilibili.com/video/BV1df4y1R7GB,“天问一号”发射后200多天才能到达，三维带你提前登陆火星,1
5104,5108,今日晚安不熬夜,1,[热词系列_可以],2021/6/8,https://www.bilibili.com/video/BV1qo4y1m7GT,【面对面】天问一号自带“黑匣子” ？专为着陆失败做准备,0
5073,5077,穆然之心,0,孤独的远行者,2021/5/15,https://www.bilibili.com/video/BV1D64y1C7qU,火星你好！2分钟回顾天问一号“奔火”全过程,0
1571,1575,沁雪_snow,5,科幻粉狂喜,2020/4/24,https://www.bilibili.com/video/BV19e411s7yT,火星，我们来了！中国首次火星探测任务命名“天问一号”,0
4079,4083,青草搅拌机,0,哦吼(??_??&#34;)／＼(??_??&#34;),2021/6/27,https://www.bilibili.com/video/BV1uy4y1M7dB,骄傲！天问一号系列实拍影像发布,1
1122,1126,恶役千金卡塔莉娜,1,突然觉得高考语文可以考??,2020/4/24,https://www.bilibili.com/video/BV19e411s7yT,火星，我们来了！中国首次火星探测任务命名“天问一号”,0
2786,2790,番茄邓氏鱼,0,手机会震是什么原因？,2020/7/23,https://www.bilibili.com/video/BV1Fk4y1m77L?p=1,目标火星！天问一号探测器在中国文昌航天发射场发射升空,0
2967,2971,抹茶青团,0,芜湖,2020/7/23,https://www.bilibili.com/video/BV1Fk4y1m77L?p=1,目标火星！天问一号探测器在中国文昌航天发射场发射升空,1
2504,2508,DACHENG-大程,0,火星：你过来呀,2020/7/23,https://www.bilibili.com/video/BV1df4y1R7GB,“天问一号”发射后200多天才能到达，三维带你提前登陆火星,0
5988,5992,清零yi991,0,成了！[OK],2021/5/16,https://www.bilibili.com/video/BV1R64y127qf,【火星中国时刻】天问一号：成功着陆，感觉良好！,1
8867,8871,诺跃弟弟,0,微博显示已经发射了啊,2020/7/23,https://www.bilibili.com/video/BV1za4y1a7UT,“天问一号”即将发射，高清实拍+模拟动画带你提前登陆火星！,0
7164,7168,standardpart,0,第一次去火星就登录成功！我搜寻所有我学过的词语想用于赞美我们的航天人员们，但发现还是“牛哔”最合适！如果感情还不到位的话，那就是“太特么牛哔啦！”[点赞][点赞][点赞],2021/5/15,https://www.bilibili.com/video/BV1R64y127qf,【火星中国时刻】天问一号：成功着陆，感觉良好！,1
728,731,表面超影,0,关,2020/4/24,https://www.bilibili.com/video/BV19e411s7yT,火星，我们来了！中国首次火星探测任务命名“天问一号”,0
7587,7591,毙楠所所长,0,这群人竟然找到了老夫金丹期和域外天魔战斗过的遗迹[doge],2021/3/5,https://www.bilibili.com/video/BV1sK4y1J7tU,天问一号：高清火星影像震撼发布,0
7543,7547,蜜雪冰城比邻星站,0,天问一号成功着陆,2021/3/14,https://www.bilibili.com/video/BV1sK4y1J7tU,天问一号：高清火星影像震撼发布,1
412,415,你还不整改,0,支持国家太空探索科研事业，那是人类的未来,2020/5/2,https://www.bilibili.com/video/BV19e411s7yT,火星，我们来了！中国首次火星探测任务命名“天问一号”,1
9708,9712,没证黑狐,0,把小爱，小度，小狐狸带过去，让它们商量着怎么搞,2021/5/15,https://www.bilibili.com/video/BV1bU4y1t7Nm?from=search&seid=6566064178961068704,如约而至！我国首次火星探测任务着陆火星圆满成功,1
5745,5749,努力升级的点点蓝,0,万岁！,2021/5/15,https://www.bilibili.com/video/BV1ev41157uU,火星上首次留下中国印迹！动画模拟天问一号着陆过程,1
7668,7672,進擊の肥宅,0,真美，尤其是咱们探测器拍的，是不是自带美颜。[呲牙],2021/3/4,https://www.bilibili.com/video/BV1sK4y1J7tU,天问一号：高清火星影像震撼发布,0
825,828,花瑾瑜LY,1,问天一号,2020/4/24,https://www.bilibili.com/video/BV19e411s7yT,火星，我们来了！中国首次火星探测任务命名“天问一号”,1
3267,3271,小小小水瓶,1,昨天新闻联播才说近期发射，今天就发射啦？[哦呼],2020/7/23,https://www.bilibili.com/video/BV1Fk4y1m77L?p=1,目标火星！天问一号探测器在中国文昌航天发射场发射升空,0
3974,3978,想养只不掉毛的狗,0,可可爱爱，有点像瓦力[微笑],2021/6/27,https://www.bilibili.com/video/BV1uy4y1M7dB,骄傲！天问一号系列实拍影像发布,1
8808,8812,doruaimifa,0,喔喔喔喔喔~,2020/7/23,https://www.bilibili.com/video/BV1va4y1a7hp?from=search&seid=15075552549875695762,海南民众海边观看天问一号发射升空：连连惊叹 高喊“胖五加油”,0
8306,8310,为_人民_服务,0,粉丝牌子到手了吗？[doge][doge],2020/7/26,https://www.bilibili.com/video/BV1va4y1a7hp?from=search&seid=15075552549875695762,海南民众海边观看天问一号发射升空：连连惊叹 高喊“胖五加油”,0
417,420,江洋江洋,1,我以天问问天,2020/5/1,https://www.bilibili.com/video/BV19e411s7yT,火星，我们来了！中国首次火星探测任务命名“天问一号”,0
9817,9821,iqd9328,0,恭喜恭喜,2021/5/15,https://www.bilibili.com/video/BV1bU4y1t7Nm?from=search&seid=6566064178961068704,如约而至！我国首次火星探测任务着陆火星圆满成功,1
6748,6752,ssaaat,0,为什么我的耳边响起了蓝猫淘气三千问的片头曲[疑惑],2021/5/15,https://www.bilibili.com/video/BV1R64y127qf,【火星中国时刻】天问一号：成功着陆，感觉良好！,0
8967,8971,仰天犹恨雨无刃,0,莫名其妙，我第一眼看成天狗一号[捂脸][捂脸][捂脸],2020/7/20,https://www.bilibili.com/video/BV1za4y1a7UT,“天问一号”即将发射，高清实拍+模拟动画带你提前登陆火星！,-1
2082,2086,_jiiio,1,望祖国更加强大！,2020/4/24,https://www.bilibili.com/video/BV19e411s7yT,火星，我们来了！中国首次火星探测任务命名“天问一号”,1
8945,8949,carbondisulfide,1,加油，中国！,2020/7/22,https://www.bilibili.com/video/BV1za4y1a7UT,“天问一号”即将发射，高清实拍+模拟动画带你提前登陆火星！,1
3373,3377,拉斯棍幻神,0,起飞！,2020/7/23,https://www.bilibili.com/video/BV1Fk4y1m77L?p=1,目标火星！天问一号探测器在中国文昌航天发射场发射升空,1
5726,5730,一个不愿透露姓名的智障,0,好耶！,2021/5/15,https://www.bilibili.com/video/BV1ev41157uU,火星上首次留下中国印迹！动画模拟天问一号着陆过程,1
4107,4111,这个世界好可爱啊,1,世界一大步,2021/6/27,https://www.bilibili.com/video/BV1uy4y1M7dB,骄傲！天问一号系列实拍影像发布,1
4380,4384,一根辣条i,0,火星，我们来啦,2020/7/23,https://www.bilibili.com/video/BV1Sp4y1i7PR,全程回顾 | 天问一号！中国行星探测第一步,1
7723,7727,自爆型阿克巴gank,0,快进到种土豆[打call],2021/3/4,https://www.bilibili.com/video/BV1sK4y1J7tU,天问一号：高清火星影像震撼发布,0
1066,1069,六个币换过来的17,2,真的好自豪,2020/4/24,https://www.bilibili.com/video/BV19e411s7yT,火星，我们来了！中国首次火星探测任务命名“天问一号”,1
3913,3917,摩羯左,0,自古以来[doge],2021/6/27,https://www.bilibili.com/video/BV1uy4y1M7dB,骄傲！天问一号系列实拍影像发布,0
5536,5540,helloBTPS一棵草,0,恭喜中华首次坠落“新大陆”????,2021/5/15,https://www.bilibili.com/video/BV1ev41157uU,火星上首次留下中国印迹！动画模拟天问一号着陆过程,1
8002,8006,关于辛,0,致敬,2021/5/18,https://www.bilibili.com/video/BV1Qf4y1a7Lb,泪目！天问一号成功落火，航天人热泪盈眶紧紧相拥！,1
5387,5391,千丝丝丝尽,0,热乎,2021/2/12,https://www.bilibili.com/video/BV1rA411T7pN,震撼！“天问一号”探测器火星捕获过程影像发布,0
5732,5736,吃套餐的狗,0,中国航天加油！！！,2021/5/15,https://www.bilibili.com/video/BV1ev41157uU,火星上首次留下中国印迹！动画模拟天问一号着陆过程,1
2738,2742,B站乃是非之地,0,1[吃瓜],2020/7/23,https://www.bilibili.com/video/BV1df4y1R7GB,“天问一号”发射后200多天才能到达，三维带你提前登陆火星,1
5052,5056,牧心纪,0,靓仔,2021/5/15,https://www.bilibili.com/video/BV1D64y1C7qU,火星你好！2分钟回顾天问一号“奔火”全过程,0
4000,4004,LZ_雷哲,0,在小车上安个手机，先用摄像机录像，再把录像发回来是不是就没这么卡了[脱单doge],2021/6/27,https://www.bilibili.com/video/BV1uy4y1M7dB,骄傲！天问一号系列实拍影像发布,0
9760,9764,二次元不懂爱,1,没有视频吗？,2021/5/15,https://www.bilibili.com/video/BV1bU4y1t7Nm?from=search&seid=6566064178961068704,如约而至！我国首次火星探测任务着陆火星圆满成功,0
2427,2431,骞尊魔王,0,我们中国真的是太厉害了（认真）,2020/7/23,https://www.bilibili.com/video/BV1df4y1R7GB,“天问一号”发射后200多天才能到达，三维带你提前登陆火星,1
6833,6837,海勒斯太,0,后来才反应过来，火星要发火星文[doge][OK][OK],2021/5/15,https://www.bilibili.com/video/BV1R64y127qf,【火星中国时刻】天问一号：成功着陆，感觉良好！,1
1687,1691,罗曼蒂克尹同学,1,天问，问天，胜天半子[爱心],2020/4/24,https://www.bilibili.com/video/BV19e411s7yT,火星，我们来了！中国首次火星探测任务命名“天问一号”,1
851,854,樱霖酱,0,我们的征途是星辰大海！,2020/4/24,https://www.bilibili.com/video/BV19e411s7yT,火星，我们来了！中国首次火星探测任务命名“天问一号”,1
6303,6307,战恐局太空分部A舰队,2,火星种田！火星种田！火星种田！[打call],2021/5/15,https://www.bilibili.com/video/BV1R64y127qf,【火星中国时刻】天问一号：成功着陆，感觉良好！,0
9087,9091,Tientsin的篤面筋,0,碰见好奇号，打架,2020/7/18,https://www.bilibili.com/video/BV1za4y1a7UT,“天问一号”即将发射，高清实拍+模拟动画带你提前登陆火星！,0
5878,5882,心中有一对初音未来与希尔薇,0,BV14441187gs,2021/5/17,https://www.bilibili.com/video/BV1R64y127qf,【火星中国时刻】天问一号：成功着陆，感觉良好！,0
8527,8531,bili24560,0,火星:感谢老铁送的一只火箭[doge],2020/7/24,https://www.bilibili.com/video/BV1va4y1a7hp?from=search&seid=15075552549875695762,海南民众海边观看天问一号发射升空：连连惊叹 高喊“胖五加油”,1
2839,2843,向往悠闲生活的老王,0,上帝老头：“不管前面有多少困难，飞出去，一定要飞出去！”,2020/7/23,https://www.bilibili.com/video/BV1Fk4y1m77L?p=1,目标火星！天问一号探测器在中国文昌航天发射场发射升空,0
4611,4615,执落灬飒祁,0,天问：踏火，望月……想个球～,2021/5/15,https://www.bilibili.com/video/BV1D64y1C7qU,火星你好！2分钟回顾天问一号“奔火”全过程,1
9540,9544,南辞cdf,0,星辰大海呀,2021/5/15,https://www.bilibili.com/video/BV1QN411o7rR?from=search&seid=6566064178961068704,登陆火星为什么最难？看天问一号如何闯过着陆火星的“恐怖9分钟”,0
9207,9211,培根Peiger,0,好小一只啊,2020/7/17,https://www.bilibili.com/video/BV1za4y1a7UT,“天问一号”即将发射，高清实拍+模拟动画带你提前登陆火星！,0
9823,9827,暗de凋零,0,祝贺,2021/5/15,https://www.bilibili.com/video/BV1bU4y1t7Nm?from=search&seid=6566064178961068704,如约而至！我国首次火星探测任务着陆火星圆满成功,1
2489,2493,长征九号遥一,0,主要难点是在开伞那部分，欧空局就折在那步（欧空局和毛子的反冲火箭太弱，不得不靠4套伞来减速，中国只有一套），过了这道坎后的悬停避障对中国来说其实难度不大，毕竟单台7500N的大推力变推力发动机，嫦娥三号和嫦娥四号都已经验证了其优秀性能。印度月船二号失败就是因为要靠5台均匀分布的800N的发动机开机关机来变推力，一旦坏一台，全完蛋，印度以前可从未有过多机并联的经验。,2020/7/23,https://www.bilibili.com/video/BV1df4y1R7GB,“天问一号”发射后200多天才能到达，三维带你提前登陆火星,0
6905,6909,感觉好了吗,2,有没有摄像机的画面。太想看了,2021/5/15,https://www.bilibili.com/video/BV1R64y127qf,【火星中国时刻】天问一号：成功着陆，感觉良好！,1
7390,7394,揽九天之星i,6,喂，我到了，一切安好，请大家放心（我是跨行星翻译官[妙啊]）,2021/5/15,https://www.bilibili.com/video/BV1R64y127qf,【火星中国时刻】天问一号：成功着陆，感觉良好！,1
2849,2853,橘子快到手里来,1,不是晚上八点吗,2020/7/23,https://www.bilibili.com/video/BV1Fk4y1m77L?p=1,目标火星！天问一号探测器在中国文昌航天发射场发射升空,0
6665,6669,暗影005,0,翻译翻译什么叫惊喜！！！！[嗑瓜子][嗑瓜子][嗑瓜子][嗑瓜子],2021/5/15,https://www.bilibili.com/video/BV1R64y127qf,【火星中国时刻】天问一号：成功着陆，感觉良好！,1
5881,5885,呆萌老学弟,0,为啥没落地图片啥的啊，师爷，解释解释。,2021/5/17,https://www.bilibili.com/video/BV1R64y127qf,【火星中国时刻】天问一号：成功着陆，感觉良好！,-1
4452,4456,了了蓝了了,1,求高清壁纸？,2020/7/23,https://www.bilibili.com/video/BV1Sp4y1i7PR,全程回顾 | 天问一号！中国行星探测第一步,0
7421,7425,_Northor_,2,[tv_鼓掌][tv_点赞],2021/5/15,https://www.bilibili.com/video/BV1R64y127qf,【火星中国时刻】天问一号：成功着陆，感觉良好！,0
9827,9831,南方的树叶子,34,苏联流下了羡慕的泪水，欧空局[doge],2021/5/15,https://www.bilibili.com/video/BV1bU4y1t7Nm?from=search&seid=6566064178961068704,如约而至！我国首次火星探测任务着陆火星圆满成功,0
6484,6488,Vv绫瑠vivi,0,已着陆，一切安好！,2021/5/15,https://www.bilibili.com/video/BV1R64y127qf,【火星中国时刻】天问一号：成功着陆，感觉良好！,1
2479,2483,湖光研,109,全球官方航天指定模拟软件：坎巴拉太空计划（只要不是载人任务，雾[OK],2020/7/23,https://www.bilibili.com/video/BV1df4y1R7GB,“天问一号”发射后200多天才能到达，三维带你提前登陆火星,0
6617,6621,次元站,0,卧槽，已经着陆了啊[热词系列_吹爆],2021/5/15,https://www.bilibili.com/video/BV1R64y127qf,【火星中国时刻】天问一号：成功着陆，感觉良好！,1
2141,2145,笑一笑6666,0,天问一号可以种土豆吗[doge],2021/1/17,https://www.bilibili.com/video/BV1df4y1R7GB,“天问一号”发射后200多天才能到达，三维带你提前登陆火星,1
5188,5192,星宇LYYY,41,5月15日，“天问一号”探测器成功着陆于火星乌托邦平原南部预选着陆区。首次火星探测任务计划通过一次任务实现火星环绕、着陆和巡视，这在全球尚属首次。为此，“天问一号”装有“黑匣子”，专为着陆失败做准备。如果受到撞击，在一定程度上也可以靠信标把进入过程中关键的记录数据传回地面。本期《面对面》，记者专访“天问一号”火星探测器系统总设计师孙泽洲，揭秘中国“探火”的背后故事。,2021/5/24,https://www.bilibili.com/video/BV1qo4y1m7GT,【面对面】天问一号自带“黑匣子” ？专为着陆失败做准备,1
10073,10077,_WWT_,0,实现古代神州神话[doge],2021/2/13,https://www.bilibili.com/video/BV1q5411J73D?from=search&seid=6566064178961068704,我们决定去火星的日子，比你想象得更早,0
2744,2748,何其有幸姓得炎黄,0,我来看你了，今天你成功软着陆了[给心心][给心心][给心心],2021/5/15,https://www.bilibili.com/video/BV1Fk4y1m77L?p=1,目标火星！天问一号探测器在中国文昌航天发射场发射升空,1
7253,7257,沐雪寒霖,0,我们的目标是星辰大海,2021/5/15,https://www.bilibili.com/video/BV1R64y127qf,【火星中国时刻】天问一号：成功着陆，感觉良好！,1
3506,3510,夏目233-,1,火星见[拥抱],2020/7/23,https://www.bilibili.com/video/BV1Fk4y1m77L?p=1,目标火星！天问一号探测器在中国文昌航天发射场发射升空,1
1679,1683,MafiaJ,0,我真的留下了眼泪！,2020/4/24,https://www.bilibili.com/video/BV19e411s7yT,火星，我们来了！中国首次火星探测任务命名“天问一号”,1
4249,4253,bili_87326974780,1,視頻周杰倫（周倫杰）？[doge][doge][doge][doge],2020/7/23,https://www.bilibili.com/video/BV1Sp4y1i7PR,全程回顾 | 天问一号！中国行星探测第一步,0
3147,3151,幽月兰溪,0,我被骗了，我以为晚上8点[酸了],2020/7/23,https://www.bilibili.com/video/BV1Fk4y1m77L?p=1,目标火星！天问一号探测器在中国文昌航天发射场发射升空,0
8130,8134,54gjxy,0,国之栋梁！,2021/5/15,https://www.bilibili.com/video/BV1Qf4y1a7Lb,泪目！天问一号成功落火，航天人热泪盈眶紧紧相拥！,1
7004,7008,亲爱的宝哥,4,此时一位靓仔……诶，嘿嘿嘿，靓仔表示我到家了[嗑瓜子],2021/5/15,https://www.bilibili.com/video/BV1R64y127qf,【火星中国时刻】天问一号：成功着陆，感觉良好！,0
580,583,湖光研,1,萤火一号不算首次吗？,2020/4/25,https://www.bilibili.com/video/BV19e411s7yT,火星，我们来了！中国首次火星探测任务命名“天问一号”,0
9662,9666,煮酒笑面虎,0,有没有见过哪啥！听说它也在火星！美国又骗人！证实一下,2021/5/15,https://www.bilibili.com/video/BV1bU4y1t7Nm?from=search&seid=6566064178961068704,如约而至！我国首次火星探测任务着陆火星圆满成功,0
4070,4074,云梭风萧,0,酷！,2021/6/27,https://www.bilibili.com/video/BV1uy4y1M7dB,骄傲！天问一号系列实拍影像发布,1
3343,3347,西线国防军上等兵,2,我不直播发射啊，明明宣传声势都搞得这么浩大。[嫌弃],2020/7/23,https://www.bilibili.com/video/BV1Fk4y1m77L?p=1,目标火星！天问一号探测器在中国文昌航天发射场发射升空,-1
7404,7408,是李樂樂,2,皮皮的鲜花舍,2021/5/15,https://www.bilibili.com/video/BV1R64y127qf,【火星中国时刻】天问一号：成功着陆，感觉良好！,0
3672,3676,空゛_,1,火星我们来了[视频卫星][视频卫星],2020/7/23,https://www.bilibili.com/video/BV1Fk4y1m77L?p=1,目标火星！天问一号探测器在中国文昌航天发射场发射升空,1
559,562,十方难为,0,名字霸气,2020/4/25,https://www.bilibili.com/video/BV19e411s7yT,火星，我们来了！中国首次火星探测任务命名“天问一号”,1
5237,5241,名字工作,0,燃起来了,2021/2/13,https://www.bilibili.com/video/BV1rA411T7pN,震撼！“天问一号”探测器火星捕获过程影像发布,0
7805,7809,心伤的天堂,0,嫦娥五号的那个到哪儿了？,2021/3/4,https://www.bilibili.com/video/BV1sK4y1J7tU,天问一号：高清火星影像震撼发布,1
512,515,我的老情怀,0,火星自古以来。。。。。,2020/4/26,https://www.bilibili.com/video/BV19e411s7yT,火星，我们来了！中国首次火星探测任务命名“天问一号”,0
1081,1085,宇宙第一大好人,1,来看看我家[2233娘_耶],2020/4/24,https://www.bilibili.com/video/BV19e411s7yT,火星，我们来了！中国首次火星探测任务命名“天问一号”,0
1664,1668,芮宸儿,0,怎么保存阿～,2020/4/24,https://www.bilibili.com/video/BV19e411s7yT,火星，我们来了！中国首次火星探测任务命名“天问一号”,0
9204,9208,盲人摸摸象,0,我等你的好消息,2020/7/17,https://www.bilibili.com/video/BV1za4y1a7UT,“天问一号”即将发射，高清实拍+模拟动画带你提前登陆火星！,0
1931,1935,翟猢啼,1,尽管萤火失败了，但相信天问一定可以！而且现在官方起名字起的都太棒了，引经据典，信达雅，高！,2020/4/24,https://www.bilibili.com/video/BV19e411s7yT,火星，我们来了！中国首次火星探测任务命名“天问一号”,1
10035,10039,YH_hao,2,一次成功！,2021/4/14,https://www.bilibili.com/video/BV1q5411J73D?from=search&seid=6566064178961068704,我们决定去火星的日子，比你想象得更早,1
1150,1154,电脑屏幕前的你,0,高考素材,2020/4/24,https://www.bilibili.com/video/BV19e411s7yT,火星，我们来了！中国首次火星探测任务命名“天问一号”,0
2838,2842,菠萝赛丼,0,天问一号，祝顺利；中国，祝成功,2020/7/23,https://www.bilibili.com/video/BV1Fk4y1m77L?p=1,目标火星！天问一号探测器在中国文昌航天发射场发射升空,1
5949,5953,妮妮钢,2,摄影师该怎么回来呀[doge],2021/5/16,https://www.bilibili.com/video/BV1R64y127qf,【火星中国时刻】天问一号：成功着陆，感觉良好！,0
8308,8312,非洲小蒜头,0,我们的文昌维拉尔角,2020/7/26,https://www.bilibili.com/video/BV1va4y1a7hp?from=search&seid=15075552549875695762,海南民众海边观看天问一号发射升空：连连惊叹 高喊“胖五加油”,0
8932,8936,修仙修仙党,0,登天路，踏歌行，弹指遮天。,2020/7/22,https://www.bilibili.com/video/BV1za4y1a7UT,“天问一号”即将发射，高清实拍+模拟动画带你提前登陆火星！,1
10159,10163,hayi-Official,1,一定要平安着陆啊，火星很危险的[爱心],2021/2/4,https://www.bilibili.com/video/BV1q5411J73D?from=search&seid=6566064178961068704,我们决定去火星的日子，比你想象得更早,0
5177,5181,15997468480_bili,0,[打call][打call][打call],2021/5/24,https://www.bilibili.com/video/BV1qo4y1m7GT,【面对面】天问一号自带“黑匣子” ？专为着陆失败做准备,1
830,833,华夏多元宇宙共和国,0,我们又迈了一步,2020/4/24,https://www.bilibili.com/video/BV19e411s7yT,火星，我们来了！中国首次火星探测任务命名“天问一号”,1
8311,8315,乔木犬,0,好壮观,2020/7/26,https://www.bilibili.com/video/BV1va4y1a7hp?from=search&seid=15075552549875695762,海南民众海边观看天问一号发射升空：连连惊叹 高喊“胖五加油”,0
4752,4756,老啊了,0,科研之伟大，航天人之伟大,2021/5/15,https://www.bilibili.com/video/BV1D64y1C7qU,火星你好！2分钟回顾天问一号“奔火”全过程,1
10129,10133,moneymoney到了儿到了儿,0,这是马斯克说的计划,2021/2/6,https://www.bilibili.com/video/BV1q5411J73D?from=search&seid=6566064178961068704,我们决定去火星的日子，比你想象得更早,0
10090,10094,H什么的是不行的,0,快进到火星种菜[OK],2021/2/11,https://www.bilibili.com/video/BV1q5411J73D?from=search&seid=6566064178961068704,我们决定去火星的日子，比你想象得更早,1
635,638,同温层导航员,0,给萤火一号上香,2020/4/25,https://www.bilibili.com/video/BV19e411s7yT,火星，我们来了！中国首次火星探测任务命名“天问一号”,0
4465,4469,BBG-ACE,0,拍摄技术终于上来了，给加鸡腿,2020/7/23,https://www.bilibili.com/video/BV1Sp4y1i7PR,全程回顾 | 天问一号！中国行星探测第一步,0
6799,6803,大爱Rin酱_,0,原来你也在网上冲浪？[doge],2021/5/15,https://www.bilibili.com/video/BV1R64y127qf,【火星中国时刻】天问一号：成功着陆，感觉良好！,1
7987,7991,呱太满天飞,0,ninelie的交响乐版！？震撼,2021/6/18,https://www.bilibili.com/video/BV1Qf4y1a7Lb,泪目！天问一号成功落火，航天人热泪盈眶紧紧相拥！,1
7079,7083,慕风_,1,崽，我到了，一切安好，叫大家放心！,2021/5/15,https://www.bilibili.com/video/BV1R64y127qf,【火星中国时刻】天问一号：成功着陆，感觉良好！,1
6966,6970,wordsnumbers,0,楼主，国家来找你了,2021/5/15,https://www.bilibili.com/video/BV1R64y127qf,【火星中国时刻】天问一号：成功着陆，感觉良好！,0
4142,4146,引用引用,2,不得不说，长五确实很漂亮，颜值很高！（小声:其实我觉得宇宙神5那个大头娃娃也不错，我没有强迫症）我永远喜欢长五.jpg,2020/7/24,https://www.bilibili.com/video/BV1Sp4y1i7PR,全程回顾 | 天问一号！中国行星探测第一步,1
7027,7031,我还在陪蘑菇等小鹿,0,好的，很放心，早点回家,2021/5/15,https://www.bilibili.com/video/BV1R64y127qf,【火星中国时刻】天问一号：成功着陆，感觉良好！,1
9183,9187,汤姆是大猪猪,1,刚写完高考语文，这就推送，是不是偷窥,2020/7/17,https://www.bilibili.com/video/BV1za4y1a7UT,“天问一号”即将发射，高清实拍+模拟动画带你提前登陆火星！,0
876,879,悟一个净字,0,厉[热词系列_害],2020/4/24,https://www.bilibili.com/video/BV19e411s7yT,火星，我们来了！中国首次火星探测任务命名“天问一号”,1
4869,4873,路人的一天,1,火星之后该去哪里了呢？？？,2021/5/15,https://www.bilibili.com/video/BV1D64y1C7qU,火星你好！2分钟回顾天问一号“奔火”全过程,0
5315,5319,60680888713_bili,0,靓仔到了,2021/2/12,https://www.bilibili.com/video/BV1rA411T7pN,震撼！“天问一号”探测器火星捕获过程影像发布,1
5222,5226,The-Summer-Rain,1,有备无患，防患未然！,2021/5/24,https://www.bilibili.com/video/BV1qo4y1m7GT,【面对面】天问一号自带“黑匣子” ？专为着陆失败做准备,0
4,4,欲揽明月入怀,2,着陆了！,2021/5/15,https://www.bilibili.com/video/BV19e411s7yT,火星，我们来了！中国首次火星探测任务命名“天问一号”,1
3051,3055,窗帘遮住C大调和Ctrl,0,流浪地球或成真[doge],2020/7/23,https://www.bilibili.com/video/BV1Fk4y1m77L?p=1,目标火星！天问一号探测器在中国文昌航天发射场发射升空,0
5691,5695,风可可可,0,这也太可爱了，期待共工号还有太白号[惊喜],2021/5/15,https://www.bilibili.com/video/BV1ev41157uU,火星上首次留下中国印迹！动画模拟天问一号着陆过程,1
3124,3128,麦香蛋塔,0,伟大的祖国！！！下一步争取早日攻克光刻机技术，摆脱美国的科技制裁！！,2020/7/23,https://www.bilibili.com/video/BV1Fk4y1m77L?p=1,目标火星！天问一号探测器在中国文昌航天发射场发射升空,1
2491,2495,鬼魅????,0,[doge][doge][doge],2020/7/23,https://www.bilibili.com/video/BV1df4y1R7GB,“天问一号”发射后200多天才能到达，三维带你提前登陆火星,0
3854,3858,居然有人叫一份手抓饼,0,真好，幸福,2021/6/27,https://www.bilibili.com/video/BV1uy4y1M7dB,骄傲！天问一号系列实拍影像发布,1
4777,4781,白切黄焖豉油鸡,0,[热词系列_好耶][热词系列_好耶][热词系列_好耶][热词系列_好耶][热词系列_好耶][热词系列_好耶][热词系列_好耶][热词系列_好耶][热词系列_好耶][热词系列_好耶][热词系列_好耶][热词系列_好耶][热词系列_好耶][热词系列_好耶][热词系列_好耶],2021/5/15,https://www.bilibili.com/video/BV1D64y1C7qU,火星你好！2分钟回顾天问一号“奔火”全过程,0
9907,9911,怀揣一瓶红星,0,[热词系列_好耶][热词系列_好耶],2021/5/15,https://www.bilibili.com/video/BV1bU4y1t7Nm?from=search&seid=6566064178961068704,如约而至！我国首次火星探测任务着陆火星圆满成功,1
7509,7513,熊猫熬出黑眼圈,0,土壤适合种地吗？[脱单doge],2021/3/20,https://www.bilibili.com/video/BV1sK4y1J7tU,天问一号：高清火星影像震撼发布,0
6457,6461,我们无法一起学习啦,0,啦啦啦,2021/5/15,https://www.bilibili.com/video/BV1R64y127qf,【火星中国时刻】天问一号：成功着陆，感觉良好！,0
6293,6297,justforyouK,0,超级酷啊,2021/5/15,https://www.bilibili.com/video/BV1R64y127qf,【火星中国时刻】天问一号：成功着陆，感觉良好！,1
1148,1152,★小魔怪★,1,大家好！我是从2021年穿越回来的，中国火星探测器“天问一号”已成功进入火星轨道并将着陆器成功着陆火星表面，续美国后第二个成功登陆火星的国家。[支持],2020/4/24,https://www.bilibili.com/video/BV19e411s7yT,火星，我们来了！中国首次火星探测任务命名“天问一号”,1
574,577,Psychic凌灵,0,太美了！！！！！,2020/4/25,https://www.bilibili.com/video/BV19e411s7yT,火星，我们来了！中国首次火星探测任务命名“天问一号”,1
3769,3773,KSPHP,1,加油！,2020/7/23,https://www.bilibili.com/video/BV1Fk4y1m77L?p=1,目标火星！天问一号探测器在中国文昌航天发射场发射升空,1
4146,4150,黛石,0,整挺好,2020/7/24,https://www.bilibili.com/video/BV1Sp4y1i7PR,全程回顾 | 天问一号！中国行星探测第一步,1
853,856,图南振北,0,自古以来火星是中国固有领星，史料记载2020已经有了火星探测标志,2020/4/24,https://www.bilibili.com/video/BV19e411s7yT,火星，我们来了！中国首次火星探测任务命名“天问一号”,1
5919,5923,你好小周同学,0,塨禧塨禧！,2021/5/16,https://www.bilibili.com/video/BV1R64y127qf,【火星中国时刻】天问一号：成功着陆，感觉良好！,1
9358,9362,路遥的路遥,1,我想知道火星大气没有氧气，发动机是如何工作的呢,2021/5/16,https://www.bilibili.com/video/BV1QN411o7rR?from=search&seid=6566064178961068704,登陆火星为什么最难？看天问一号如何闯过着陆火星的“恐怖9分钟”,1
6614,6618,想不出名字不知怎么办,0,载入史册，我们每个人都在见证！[打call][大哭],2021/5/15,https://www.bilibili.com/video/BV1R64y127qf,【火星中国时刻】天问一号：成功着陆，感觉良好！,1
6002,6006,你晓D个锤子,1,好希望钱老也能看到这一幕[大哭],2021/5/15,https://www.bilibili.com/video/BV1R64y127qf,【火星中国时刻】天问一号：成功着陆，感觉良好！,0
9163,9167,FC精密,0,我上电视了[doge],2020/7/18,https://www.bilibili.com/video/BV1za4y1a7UT,“天问一号”即将发射，高清实拍+模拟动画带你提前登陆火星！,0
4495,4499,香蕉骏,0,2020年7月23日12时41分，我国在海南岛东北海岸中国文昌航天发射场，用长征五号遥四运载火箭成功发射首次火星探测任务天问一号探测器，火箭飞行约2167秒后，成功将探测器送入预定轨道，开启火星探测之旅，迈出了我国行星探测第一步。天问一号探测器将在地火转移轨道飞行约7个月后，到达火星附近，通过“刹车”完成火星捕获，进入环火轨道，并择机开展着陆、巡视等任务，进行火星科学探测。（视频：周伦杰、吕炳宏、刘常连、王晓学、吕龙、李鑫、江程杰，剪辑：唐巍）[doge],2020/7/23,https://www.bilibili.com/video/BV1Sp4y1i7PR,全程回顾 | 天问一号！中国行星探测第一步,1
8173,8177,洛天留仙,35,及月球之后，那么火星土壤有哪些成分那，酸碱度如何，微量元素如何，适合什么样的肥料，适合那些作物生长，这是广大网友关心的问题。,2021/5/15,https://www.bilibili.com/video/BV1Qf4y1a7Lb,泪目！天问一号成功落火，航天人热泪盈眶紧紧相拥！,0
6655,6659,属于你的小安静,0,必须[热词系列_三连],2021/5/15,https://www.bilibili.com/video/BV1R64y127qf,【火星中国时刻】天问一号：成功着陆，感觉良好！,0
2368,2372,咪萨卡Misaka,1,坎巴拉玩家表示很赞,2020/7/23,https://www.bilibili.com/video/BV1df4y1R7GB,“天问一号”发射后200多天才能到达，三维带你提前登陆火星,0
4780,4784,柒黑的_,0,恭喜靓仔成功着陆[打call][打call],2021/5/15,https://www.bilibili.com/video/BV1D64y1C7qU,火星你好！2分钟回顾天问一号“奔火”全过程,1
7992,7996,小慌233,0,太不容易了[大哭],2021/5/18,https://www.bilibili.com/video/BV1Qf4y1a7Lb,泪目！天问一号成功落火，航天人热泪盈眶紧紧相拥！,1
2950,2954,刻刻帝的master,0,错过了直播。。。,2020/7/23,https://www.bilibili.com/video/BV1Fk4y1m77L?p=1,目标火星！天问一号探测器在中国文昌航天发射场发射升空,0
5625,5629,懒猫主管,18,早上睡醒就告诉我登陆火星了。[打call][打call]。太给力了,2021/5/15,https://www.bilibili.com/video/BV1ev41157uU,火星上首次留下中国印迹！动画模拟天问一号着陆过程,1
6971,6975,雅婷5555,0,向航天科工人员致敬[支持],2021/5/15,https://www.bilibili.com/video/BV1R64y127qf,【火星中国时刻】天问一号：成功着陆，感觉良好！,1
8716,8720,你的桃子呢,0,目标：火星，加油！,2020/7/23,https://www.bilibili.com/video/BV1va4y1a7hp?from=search&seid=15075552549875695762,海南民众海边观看天问一号发射升空：连连惊叹 高喊“胖五加油”,1
1841,1845,因为clannad_所以相遇,0,南宫天问。。。。抱歉，走错了[抠鼻][doge],2020/4/24,https://www.bilibili.com/video/BV19e411s7yT,火星，我们来了！中国首次火星探测任务命名“天问一号”,0
5986,5990,预言姬,0,这是真的见证历史的时刻。,2021/5/16,https://www.bilibili.com/video/BV1R64y127qf,【火星中国时刻】天问一号：成功着陆，感觉良好！,1
537,540,oO孤影寻梦Oo,0,有生之年希望能看到祖国登入火星,2020/4/25,https://www.bilibili.com/video/BV19e411s7yT,火星，我们来了！中国首次火星探测任务命名“天问一号”,0
2806,2810,阿爸的宠儿,0,其实人类的老家是火星，火星原本是根地球一样美丽的星球。上一个文明盲目发展，破坏了火星的环境，导致它不再适宜人类居住。远古文明的人为了延续后代同时避免不再犯之前的错误，对下一代的基因做了退化处理，然后用飞船送到地球上让他们自生自灭，那飞船就是月球，而我们向往移民的火星其实是我们的老家。[滑稽][滑稽][滑稽],2020/7/23,https://www.bilibili.com/video/BV1Fk4y1m77L?p=1,目标火星！天问一号探测器在中国文昌航天发射场发射升空,0
5801,5805,尚文先生,3,祝贺天问一号[打call],2021/5/15,https://www.bilibili.com/video/BV1ev41157uU,火星上首次留下中国印迹！动画模拟天问一号着陆过程,1
5596,5600,油菜由爱玩,1,一觉醒来，直呼牛皮[打call][打call][打call],2021/5/15,https://www.bilibili.com/video/BV1ev41157uU,火星上首次留下中国印迹！动画模拟天问一号着陆过程,1
7206,7210,带带韩大狗,0,md，想起小学时代了，尴尬的感觉已经泛起了，来人啊，快来救救我,2021/5/15,https://www.bilibili.com/video/BV1R64y127qf,【火星中国时刻】天问一号：成功着陆，感觉良好！,-1
7343,7347,Sullivan217,26,这么看祝融的文字标致真漂亮啊，名字起的真好,2021/5/15,https://www.bilibili.com/video/BV1R64y127qf,【火星中国时刻】天问一号：成功着陆，感觉良好！,1
7560,7564,妮亚还有大家,0,就问你一句，能不能种菜！[doge],2021/3/9,https://www.bilibili.com/video/BV1sK4y1J7tU,天问一号：高清火星影像震撼发布,1
8096,8100,旭子啊i,0,靓仔终于到火星了,2021/5/16,https://www.bilibili.com/video/BV1Qf4y1a7Lb,泪目！天问一号成功落火，航天人热泪盈眶紧紧相拥！,1
784,787,-禾木-,0,向天问道！,2020/4/24,https://www.bilibili.com/video/BV19e411s7yT,火星，我们来了！中国首次火星探测任务命名“天问一号”,1
1409,1413,胖头鱼的克星,0,我国辉煌,2020/4/24,https://www.bilibili.com/video/BV19e411s7yT,火星，我们来了！中国首次火星探测任务命名“天问一号”,1
154,157,海蛇蛇,0,宣传片做的还是没有人家老美酷啊,2020/7/23,https://www.bilibili.com/video/BV19e411s7yT,火星，我们来了！中国首次火星探测任务命名“天问一号”,-1
7806,7810,菰菱乡人,0,赶快把大规模高产室内无土栽培粮食的技术搞出来吧[笑哭]省的每一颗岩石星体都被惦记种菜,2021/3/4,https://www.bilibili.com/video/BV1sK4y1J7tU,天问一号：高清火星影像震撼发布,1
3009,3013,__王某,0,牛,2020/7/23,https://www.bilibili.com/video/BV1Fk4y1m77L?p=1,目标火星！天问一号探测器在中国文昌航天发射场发射升空,1
1686,1690,成所想丶成所爱,0,厉害了！我的国！,2020/4/24,https://www.bilibili.com/video/BV19e411s7yT,火星，我们来了！中国首次火星探测任务命名“天问一号”,1
4014,4018,某科学的利姆露桑,0,火星的地能种菜吗[脱单doge],2021/6/27,https://www.bilibili.com/video/BV1uy4y1M7dB,骄傲！天问一号系列实拍影像发布,0
7455,7459,响亮的名字----,0,着陆了,2021/5/15,https://www.bilibili.com/video/BV1sK4y1J7tU,天问一号：高清火星影像震撼发布,0
3863,3867,轩昂_Kirotr,1,未经作者授权，禁止转载[笑哭][笑哭][笑哭],2021/6/27,https://www.bilibili.com/video/BV1uy4y1M7dB,骄傲！天问一号系列实拍影像发布,0
2733,2737,岐山さお子,1,666,2020/7/23,https://www.bilibili.com/video/BV1df4y1R7GB,“天问一号”发射后200多天才能到达，三维带你提前登陆火星,0
1895,1899,是臭弟弟呀oWo,0,期待！！！,2020/4/24,https://www.bilibili.com/video/BV19e411s7yT,火星，我们来了！中国首次火星探测任务命名“天问一号”,1
5442,5446,宁宝的男朋友,1,[热词系列_好耶],2021/2/12,https://www.bilibili.com/video/BV1rA411T7pN,震撼！“天问一号”探测器火星捕获过程影像发布,1
569,572,金光十三月俏如来,0,发展高科技,2020/4/25,https://www.bilibili.com/video/BV19e411s7yT,火星，我们来了！中国首次火星探测任务命名“天问一号”,1
6709,6713,六手檀香_佬檀,0,火星人民热烈欢迎[打call][打call][打call],2021/5/15,https://www.bilibili.com/video/BV1R64y127qf,【火星中国时刻】天问一号：成功着陆，感觉良好！,1
5854,5858,bili_60812665133,1,哪里能看到天问一号的实际现场登录视频，这个上面的视频都是人工制作的模拟动画视频，假的很。我要看真的视频,2021/5/20,https://www.bilibili.com/video/BV1R64y127qf,【火星中国时刻】天问一号：成功着陆，感觉良好！,-1
1816,1820,挪威JUNGLE,0,[热词系列_吹爆],2020/4/24,https://www.bilibili.com/video/BV19e411s7yT,火星，我们来了！中国首次火星探测任务命名“天问一号”,0
8319,8323,亚麻die啊啊,0,怎么不等晚上在发[囧],2020/7/26,https://www.bilibili.com/video/BV1va4y1a7hp?from=search&seid=15075552549875695762,海南民众海边观看天问一号发射升空：连连惊叹 高喊“胖五加油”,0
3394,3398,pili_1919810,0,[星星眼][星星眼][星星眼],2020/7/23,https://www.bilibili.com/video/BV1Fk4y1m77L?p=1,目标火星！天问一号探测器在中国文昌航天发射场发射升空,1
3327,3331,一梦千重愁,1,前往火星，拯救楼主[doge],2020/7/23,https://www.bilibili.com/video/BV1Fk4y1m77L?p=1,目标火星！天问一号探测器在中国文昌航天发射场发射升空,0
10362,10366,影子zxzx,76,火星不是我们的终点，星辰大海才是,2021/2/2,https://www.bilibili.com/video/BV1q5411J73D?from=search&seid=6566064178961068704,我们决定去火星的日子，比你想象得更早,0
6102,6106,傻子一样的王,0,哇，有科技飞升那味儿了[热词系列_吹爆],2021/5/15,https://www.bilibili.com/video/BV1R64y127qf,【火星中国时刻】天问一号：成功着陆，感觉良好！,1
2975,2979,秋日白杨树,0,终于开启了火星之旅了,2020/7/23,https://www.bilibili.com/video/BV1Fk4y1m77L?p=1,目标火星！天问一号探测器在中国文昌航天发射场发射升空,1
980,983,请你输入新昵称,0,来了来了,2020/4/24,https://www.bilibili.com/video/BV19e411s7yT,火星，我们来了！中国首次火星探测任务命名“天问一号”,0
190,193,鱼和葱MegurineM,0,飞了！飞了！,2020/7/23,https://www.bilibili.com/video/BV19e411s7yT,火星，我们来了！中国首次火星探测任务命名“天问一号”,1
9331,9335,bili4360708163,0,月球：以往？所以爱是会变的对吗[大哭],2021/5/22,https://www.bilibili.com/video/BV1QN411o7rR?from=search&seid=6566064178961068704,登陆火星为什么最难？看天问一号如何闯过着陆火星的“恐怖9分钟”,0
5088,5092,bsnnsj,0,[热词系列_芜湖起飞],2021/5/15,https://www.bilibili.com/video/BV1D64y1C7qU,火星你好！2分钟回顾天问一号“奔火”全过程,0
699,702,阿狸烤鱼豆腐花,0,“可上九天揽月，可下五洋捉鳖”[鼓掌]中华民族万岁！为我们国家日益强大的航空技术感到骄傲！也为我们国家深厚的文化底蕴感到自豪！[打call][打call],2020/4/24,https://www.bilibili.com/video/BV19e411s7yT,火星，我们来了！中国首次火星探测任务命名“天问一号”,1
10130,10134,梦橘猫,0,火车到了吗[滑稽],2021/2/5,https://www.bilibili.com/video/BV1q5411J73D?from=search&seid=6566064178961068704,我们决定去火星的日子，比你想象得更早,0
606,609,羊驼白无铲,1,在我眼里，这是我们中国航天事业的重大进展，在出题人眼里，科学家的努力的成果只不过是它出题的素材而已。,2020/4/25,https://www.bilibili.com/video/BV19e411s7yT,火星，我们来了！中国首次火星探测任务命名“天问一号”,1
301,304,誓言原创,0,是萤火虫一号，都怪那该死的天顶2sb,2020/7/9,https://www.bilibili.com/video/BV19e411s7yT,火星，我们来了！中国首次火星探测任务命名“天问一号”,0
3420,3424,呐喊后的鲁迅,2,希望以后可以给高清直播，做好宣传,2020/7/23,https://www.bilibili.com/video/BV1Fk4y1m77L?p=1,目标火星！天问一号探测器在中国文昌航天发射场发射升空,0
10176,10180,圣光圣光月亮,0,这是要准备科技胜利了？,2021/2/3,https://www.bilibili.com/video/BV1q5411J73D?from=search&seid=6566064178961068704,我们决定去火星的日子，比你想象得更早,0
1060,1063,二哈拆航母,0,我觉得图标像个中指的指尖的纹路，可以理解成一个人能摸到的最高处，现阶段我们能摸到的最远距离,2020/4/24,https://www.bilibili.com/video/BV19e411s7yT,火星，我们来了！中国首次火星探测任务命名“天问一号”,1
3444,3448,Trispinocynops,1,祖传bgm在哪儿？[滑稽],2020/7/23,https://www.bilibili.com/video/BV1Fk4y1m77L?p=1,目标火星！天问一号探测器在中国文昌航天发射场发射升空,0
1069,1072,526の無名,2,我怀疑地球人就是来自火星。。[doge][滑稽],2020/4/24,https://www.bilibili.com/video/BV19e411s7yT,火星，我们来了！中国首次火星探测任务命名“天问一号”,0
2205,2209,我鱼唇的欧豆豆呦,0,咕咕星NB!!!(破音,2020/7/25,https://www.bilibili.com/video/BV1df4y1R7GB,“天问一号”发射后200多天才能到达，三维带你提前登陆火星,0
9435,9439,张宇正兄,0,你们以为现在科研院所还是一群老爷子吗哈哈,2021/5/15,https://www.bilibili.com/video/BV1QN411o7rR?from=search&seid=6566064178961068704,登陆火星为什么最难？看天问一号如何闯过着陆火星的“恐怖9分钟”,0
7339,7343,脑洞大食谱广,0,?我到了一切安好叫大家放心?,2021/5/15,https://www.bilibili.com/video/BV1R64y127qf,【火星中国时刻】天问一号：成功着陆，感觉良好！,1
8208,8212,比个龙,0,????????????,2021/5/15,https://www.bilibili.com/video/BV1Qf4y1a7Lb,泪目！天问一号成功落火，航天人热泪盈眶紧紧相拥！,-1
7679,7683,aihongan,0,BBC：这一定是盗的NASA的[抠鼻],2021/3/4,https://www.bilibili.com/video/BV1sK4y1J7tU,天问一号：高清火星影像震撼发布,1
4642,4646,蜜-度,1,我还在傻傻的等直播，你却突然告诉我你已经到了[捂脸]【左捂脸】，但凡心理承受能力差一点，都受不了你给的这么大个惊喜[鼓掌][大笑],2021/5/15,https://www.bilibili.com/video/BV1D64y1C7qU,火星你好！2分钟回顾天问一号“奔火”全过程,0
7683,7687,This-is-the-Way,0,大大小小的撞击坑，可见经历过多少磨难。[吃瓜],2021/3/4,https://www.bilibili.com/video/BV1sK4y1J7tU,天问一号：高清火星影像震撼发布,0
9007,9011,张群众,0,期待成功,2020/7/19,https://www.bilibili.com/video/BV1za4y1a7UT,“天问一号”即将发射，高清实拍+模拟动画带你提前登陆火星！,1
7996,8000,达达的初号机,0,名垂青史啊,2021/5/18,https://www.bilibili.com/video/BV1Qf4y1a7Lb,泪目！天问一号成功落火，航天人热泪盈眶紧紧相拥！,0
5600,5604,诶大哇柯南,0,这是中国人一小步，也是世界的一大步[doge][滑稽],2021/5/15,https://www.bilibili.com/video/BV1ev41157uU,火星上首次留下中国印迹！动画模拟天问一号着陆过程,1
9151,9155,月既不解影,0,天问，好名字，嫦娥月兔悟空也都很有典故[支持],2020/7/18,https://www.bilibili.com/video/BV1za4y1a7UT,“天问一号”即将发射，高清实拍+模拟动画带你提前登陆火星！,1
7022,7026,散步的田鼠,0,火星人??第一次见到飞碟??了[滑稽],2021/5/15,https://www.bilibili.com/video/BV1R64y127qf,【火星中国时刻】天问一号：成功着陆，感觉良好！,1
4893,4897,骚动时节的老哥们啊,0,芜湖！！！,2021/5/15,https://www.bilibili.com/video/BV1D64y1C7qU,火星你好！2分钟回顾天问一号“奔火”全过程,0
225,228,#NAME?,0,壮哉我中华！！！！！,2020/7/22,https://www.bilibili.com/video/BV19e411s7yT,火星，我们来了！中国首次火星探测任务命名“天问一号”,1
3354,3358,豆腐鱼先生2,13,我们的目标是星辰大海[打call][打call][打call],2020/7/23,https://www.bilibili.com/video/BV1Fk4y1m77L?p=1,目标火星！天问一号探测器在中国文昌航天发射场发射升空,1
5895,5899,江大仙人来也,0,哇塞！！有种科幻照进现实的感觉，卧槽牛逼！！,2021/5/16,https://www.bilibili.com/video/BV1R64y127qf,【火星中国时刻】天问一号：成功着陆，感觉良好！,1
8754,8758,年少痴狂666,0,这个时候有一台P40pro+是不是能更好的拍到[doge][doge],2020/7/23,https://www.bilibili.com/video/BV1va4y1a7hp?from=search&seid=15075552549875695762,海南民众海边观看天问一号发射升空：连连惊叹 高喊“胖五加油”,0
3436,3440,Lifeseeker,0,火星，你好。宇宙，你好,2020/7/23,https://www.bilibili.com/video/BV1Fk4y1m77L?p=1,目标火星！天问一号探测器在中国文昌航天发射场发射升空,1
1693,1697,漩柠,0,天师傅，尝试切火星中路,2020/4/24,https://www.bilibili.com/video/BV19e411s7yT,火星，我们来了！中国首次火星探测任务命名“天问一号”,1
6893,6897,时间无敌,1,能看懂的那帮人已经是航天主力军了。[OK],2021/5/15,https://www.bilibili.com/video/BV1R64y127qf,【火星中国时刻】天问一号：成功着陆，感觉良好！,0
1045,1048,油小伞,0,[小A和小B_哈哈哈哈][小A和小B_吃瓜],2020/4/24,https://www.bilibili.com/video/BV19e411s7yT,火星，我们来了！中国首次火星探测任务命名“天问一号”,0
3446,3450,-比企谷丶八幡-,1,厉害了，我的中国[doge],2020/7/23,https://www.bilibili.com/video/BV1Fk4y1m77L?p=1,目标火星！天问一号探测器在中国文昌航天发射场发射升空,1
8050,8054,ブ零く,0,中国????加油＾０＾~,2021/5/16,https://www.bilibili.com/video/BV1Qf4y1a7Lb,泪目！天问一号成功落火，航天人热泪盈眶紧紧相拥！,1
9146,9150,KristianZ0201,38,我觉得大家提前要有失败的准备以为这次是真的难啊,2020/7/18,https://www.bilibili.com/video/BV1za4y1a7UT,“天问一号”即将发射，高清实拍+模拟动画带你提前登陆火星！,0
10361,10365,木秀竹林,1,前排,2021/2/2,https://www.bilibili.com/video/BV1q5411J73D?from=search&seid=6566064178961068704,我们决定去火星的日子，比你想象得更早,0
4735,4739,我的人气不是盖的2021,0,祝贺天问成功着陆！,2021/5/15,https://www.bilibili.com/video/BV1D64y1C7qU,火星你好！2分钟回顾天问一号“奔火”全过程,1
4496,4500,冰可热怎么这么好呵,0,你他喵的快点把视频发出来，我错过了一个亿。,2020/7/23,https://www.bilibili.com/video/BV1Sp4y1i7PR,全程回顾 | 天问一号！中国行星探测第一步,0
1218,1222,改个嘛名字好呢,0,太棒了！！！,2020/4/24,https://www.bilibili.com/video/BV19e411s7yT,火星，我们来了！中国首次火星探测任务命名“天问一号”,1
6015,6019,庄田琪里,1,向前走！加油,2021/5/15,https://www.bilibili.com/video/BV1R64y127qf,【火星中国时刻】天问一号：成功着陆，感觉良好！,1
9719,9723,劈劈啪啪劈啪红,12,火星能种菜吗？[微笑],2021/5/15,https://www.bilibili.com/video/BV1bU4y1t7Nm?from=search&seid=6566064178961068704,如约而至！我国首次火星探测任务着陆火星圆满成功,1
3987,3991,爬爬爬_给爷爬,0,2p：一帧能玩三帧流畅[OK],2021/6/27,https://www.bilibili.com/video/BV1uy4y1M7dB,骄傲！天问一号系列实拍影像发布,0
4911,4915,最烦丶起名字丶,2,干的漂亮,2021/5/15,https://www.bilibili.com/video/BV1D64y1C7qU,火星你好！2分钟回顾天问一号“奔火”全过程,1
9492,9496,鱼月语,123,最开心的是我们的航天人都很年轻[呲牙],2021/5/15,https://www.bilibili.com/video/BV1QN411o7rR?from=search&seid=6566064178961068704,登陆火星为什么最难？看天问一号如何闯过着陆火星的“恐怖9分钟”,0
4493,4497,一只小璃洛,0,火星，我们中国来啦！[打call][打call][打call],2020/7/23,https://www.bilibili.com/video/BV1Sp4y1i7PR,全程回顾 | 天问一号！中国行星探测第一步,1
6944,6948,飞翔的消防员,0,我感觉兔子早晚得从火星刨点土回来,2021/5/15,https://www.bilibili.com/video/BV1R64y127qf,【火星中国时刻】天问一号：成功着陆，感觉良好！,1
5699,5703,君欲思闲,1,在火星上蹦迪[doge],2021/5/15,https://www.bilibili.com/video/BV1ev41157uU,火星上首次留下中国印迹！动画模拟天问一号着陆过程,1
8352,8356,点不到梅花,0,这波啊，这波是海南旅游经济上涨,2020/7/25,https://www.bilibili.com/video/BV1va4y1a7hp?from=search&seid=15075552549875695762,海南民众海边观看天问一号发射升空：连连惊叹 高喊“胖五加油”,0
956,959,失落的心zhang,0,加油[小电视_赞],2020/4/24,https://www.bilibili.com/video/BV19e411s7yT,火星，我们来了！中国首次火星探测任务命名“天问一号”,1
2869,2873,常常帮助一些俏佳人,0,我可以回火星种菜罗耶耶,2020/7/23,https://www.bilibili.com/video/BV1Fk4y1m77L?p=1,目标火星！天问一号探测器在中国文昌航天发射场发射升空,0
4433,4437,梨花绘尽不沾衣,0,为什么发射的时候我的手机在震动,2020/7/23,https://www.bilibili.com/video/BV1Sp4y1i7PR,全程回顾 | 天问一号！中国行星探测第一步,0
4973,4977,飞雪洋君,0,[打call][打call][打call],2021/5/15,https://www.bilibili.com/video/BV1D64y1C7qU,火星你好！2分钟回顾天问一号“奔火”全过程,0
2961,2965,失物招领-望仔,0,我们的目标是星辰大海～(￣▽￣～)~,2020/7/23,https://www.bilibili.com/video/BV1Fk4y1m77L?p=1,目标火星！天问一号探测器在中国文昌航天发射场发射升空,1
2200,2204,眼睛小声音大,1,牛啊牛啊,2020/7/26,https://www.bilibili.com/video/BV1df4y1R7GB,“天问一号”发射后200多天才能到达，三维带你提前登陆火星,1
98,100,衣冠和禽兽,0,火星，，，我来了,2020/7/23,https://www.bilibili.com/video/BV19e411s7yT,火星，我们来了！中国首次火星探测任务命名“天问一号”,1
10222,10226,yalijidan,0,谢谢，希望能遇见火星人,2021/2/3,https://www.bilibili.com/video/BV1q5411J73D?from=search&seid=6566064178961068704,我们决定去火星的日子，比你想象得更早,0
2557,2561,风是天空的歌声,0,这就是标题很低调又没人看的up主嘛？爱了爱了。,2020/7/23,https://www.bilibili.com/video/BV1df4y1R7GB,“天问一号”发射后200多天才能到达，三维带你提前登陆火星,0
8445,8449,木目怜心,1,你们看过那个视频吗？就是一个女的看火箭升空把娃都摔出去了[热词系列_妙啊],2020/7/24,https://www.bilibili.com/video/BV1va4y1a7hp?from=search&seid=15075552549875695762,海南民众海边观看天问一号发射升空：连连惊叹 高喊“胖五加油”,-1
4199,4203,夜羽堕天使,0,泪目,2020/7/23,https://www.bilibili.com/video/BV1Sp4y1i7PR,全程回顾 | 天问一号！中国行星探测第一步,0
9637,9641,Golaris,0,啥时候把叶凡他们班送上去[呲牙],2021/5/15,https://www.bilibili.com/video/BV1bU4y1t7Nm?from=search&seid=6566064178961068704,如约而至！我国首次火星探测任务着陆火星圆满成功,0
5539,5543,L-小宇,0,庆祝庆祝，[热词系列_芜湖起飞][星星眼][星星眼],2021/5/15,https://www.bilibili.com/video/BV1ev41157uU,火星上首次留下中国印迹！动画模拟天问一号着陆过程,1
1648,1652,范远飞,0,问天,2020/4/24,https://www.bilibili.com/video/BV19e411s7yT,火星，我们来了！中国首次火星探测任务命名“天问一号”,0
9888,9892,战恐局北美分局处长,2934,即日起，登陆火星正式成为落后技术。[惊喜][偷笑],2021/5/15,https://www.bilibili.com/video/BV1bU4y1t7Nm?from=search&seid=6566064178961068704,如约而至！我国首次火星探测任务着陆火星圆满成功,0
6197,6201,RLuis,0,新菜地,2021/5/15,https://www.bilibili.com/video/BV1R64y127qf,【火星中国时刻】天问一号：成功着陆，感觉良好！,0
6295,6299,易大师和他的猫,0,火星上可以种菜吗[2233娘_疑问],2021/5/15,https://www.bilibili.com/video/BV1R64y127qf,【火星中国时刻】天问一号：成功着陆，感觉良好！,0
4499,4503,Toucan_Cheney,4,最后可以后期裁切画面稳定一下,2020/7/23,https://www.bilibili.com/video/BV1Sp4y1i7PR,全程回顾 | 天问一号！中国行星探测第一步,0
1154,1158,梁小梁LXL-iang,0,感恩生在中国[爱心][爱心][奋斗],2020/4/24,https://www.bilibili.com/video/BV19e411s7yT,火星，我们来了！中国首次火星探测任务命名“天问一号”,1
2255,2259,四散看,1,这不就是飞碟么[doge],2020/7/24,https://www.bilibili.com/video/BV1df4y1R7GB,“天问一号”发射后200多天才能到达，三维带你提前登陆火星,0
9874,9878,雷霆领主杨先森,11,我宣布，着陆火星已经变成了过时的，西方已经不玩了的技术[doge][doge],2021/5/15,https://www.bilibili.com/video/BV1bU4y1t7Nm?from=search&seid=6566064178961068704,如约而至！我国首次火星探测任务着陆火星圆满成功,-1
3170,3174,停车场的鱼,1,成了(内部确认),2020/7/23,https://www.bilibili.com/video/BV1Fk4y1m77L?p=1,目标火星！天问一号探测器在中国文昌航天发射场发射升空,1
7400,7404,天降之物YKLS,807,崽，我到了，一切安好，大家放心,2021/5/15,https://www.bilibili.com/video/BV1R64y127qf,【火星中国时刻】天问一号：成功着陆，感觉良好！,1
7158,7162,篱箬之间矢志不渝,0,能种地吗？,2021/5/15,https://www.bilibili.com/video/BV1R64y127qf,【火星中国时刻】天问一号：成功着陆，感觉良好！,0
3108,3112,0dB的世界,0,????航天！[打call][打call][打call][打call],2020/7/23,https://www.bilibili.com/video/BV1Fk4y1m77L?p=1,目标火星！天问一号探测器在中国文昌航天发射场发射升空,1
4548,4552,风之灵渊,0,好,2021/5/19,https://www.bilibili.com/video/BV1D64y1C7qU,火星你好！2分钟回顾天问一号“奔火”全过程,0
5423,5427,脏水大本营,0,此时一位靓仔马上就要到火星了[狗子],2021/2/12,https://www.bilibili.com/video/BV1rA411T7pN,震撼！“天问一号”探测器火星捕获过程影像发布,1
2049,2053,AdvancedAlgebra,0,first！,2020/4/24,https://www.bilibili.com/video/BV19e411s7yT,火星，我们来了！中国首次火星探测任务命名“天问一号”,0
9208,9212,梦未来,0,一定要成功登陆火星啊！,2020/7/17,https://www.bilibili.com/video/BV1za4y1a7UT,“天问一号”即将发射，高清实拍+模拟动画带你提前登陆火星！,1
8815,8819,白衣兰舟,1,V5加油！起飞！,2020/7/23,https://www.bilibili.com/video/BV1va4y1a7hp?from=search&seid=15075552549875695762,海南民众海边观看天问一号发射升空：连连惊叹 高喊“胖五加油”,0
10169,10173,橙橙橙子鱼,0,团团字幕错了[微笑],2021/2/3,https://www.bilibili.com/video/BV1q5411J73D?from=search&seid=6566064178961068704,我们决定去火星的日子，比你想象得更早,0
262,265,墨白恋月,3,自然选择，前进四[doge],2020/7/17,https://www.bilibili.com/video/BV19e411s7yT,火星，我们来了！中国首次火星探测任务命名“天问一号”,1
4061,4065,林木嫖姚,0,以青春之我，创建属于我们的青春之宇宙！[给心心]我们的征途是星辰大海！,2021/6/27,https://www.bilibili.com/video/BV1uy4y1M7dB,骄傲！天问一号系列实拍影像发布,1
5534,5538,CapMike,0,星球大战！！,2021/5/15,https://www.bilibili.com/video/BV1ev41157uU,火星上首次留下中国印迹！动画模拟天问一号着陆过程,0
6616,6620,天生我材Ecbs,23,我们一次任务追赶美国从1964～2003年，将近40年所走过的路!,2021/5/15,https://www.bilibili.com/video/BV1R64y127qf,【火星中国时刻】天问一号：成功着陆，感觉良好！,1
8120,8124,深情不移520,0,辛苦了！,2021/5/15,https://www.bilibili.com/video/BV1Qf4y1a7Lb,泪目！天问一号成功落火，航天人热泪盈眶紧紧相拥！,1
8155,8159,洋益鱼,1,中华自当强!,2021/5/15,https://www.bilibili.com/video/BV1Qf4y1a7Lb,泪目！天问一号成功落火，航天人热泪盈眶紧紧相拥！,1
1802,1806,fighter-14,1,[热词系列_三连][热词系列_吹爆][热词系列_爱了爱了],2020/4/24,https://www.bilibili.com/video/BV19e411s7yT,火星，我们来了！中国首次火星探测任务命名“天问一号”,1
4736,4740,板栗君的红帆布,0,祖国万岁！[打call][打call][打call],2021/5/15,https://www.bilibili.com/video/BV1D64y1C7qU,火星你好！2分钟回顾天问一号“奔火”全过程,1
2385,2389,シ木春风,0,酷[点赞],2020/7/23,https://www.bilibili.com/video/BV1df4y1R7GB,“天问一号”发射后200多天才能到达，三维带你提前登陆火星,1
6694,6698,鸡林耀,0,[热词系列_好耶][热词系列_好耶][热词系列_好耶],2021/5/15,https://www.bilibili.com/video/BV1R64y127qf,【火星中国时刻】天问一号：成功着陆，感觉良好！,1
5759,5763,踏实的俗人,0,神女应无恙，当惊世界殊。,2021/5/15,https://www.bilibili.com/video/BV1ev41157uU,火星上首次留下中国印迹！动画模拟天问一号着陆过程,1
1959,1963,2.01E+11,0,[热词系列_知识增加],2020/4/24,https://www.bilibili.com/video/BV19e411s7yT,火星，我们来了！中国首次火星探测任务命名“天问一号”,0
2976,2980,你好晴天ya,0,中国加油????????????,2020/7/23,https://www.bilibili.com/video/BV1Fk4y1m77L?p=1,目标火星！天问一号探测器在中国文昌航天发射场发射升空,1
8680,8684,苏联克格勃总局,0,芜湖~,2020/7/23,https://www.bilibili.com/video/BV1va4y1a7hp?from=search&seid=15075552549875695762,海南民众海边观看天问一号发射升空：连连惊叹 高喊“胖五加油”,0
1843,1847,知秋zzzzz,0,冲冲冲！[星星眼][星星眼],2020/4/24,https://www.bilibili.com/video/BV19e411s7yT,火星，我们来了！中国首次火星探测任务命名“天问一号”,1
1734,1738,除夕了,1,什么时候发射？,2020/4/24,https://www.bilibili.com/video/BV19e411s7yT,火星，我们来了！中国首次火星探测任务命名“天问一号”,0
2911,2915,小一爱蜗牛,0,这么太漂亮了吧,2020/7/23,https://www.bilibili.com/video/BV1Fk4y1m77L?p=1,目标火星！天问一号探测器在中国文昌航天发射场发射升空,1
8338,8342,muiijaq,0,这是我见过最漂亮的尾焰,2020/7/25,https://www.bilibili.com/video/BV1va4y1a7hp?from=search&seid=15075552549875695762,海南民众海边观看天问一号发射升空：连连惊叹 高喊“胖五加油”,0
1986,1990,二乃の夫,1,厉害了我的国,2020/4/24,https://www.bilibili.com/video/BV19e411s7yT,火星，我们来了！中国首次火星探测任务命名“天问一号”,1
9561,9565,金鱼IU,32,首当其冲的问题,2021/5/15,https://www.bilibili.com/video/BV1QN411o7rR?from=search&seid=6566064178961068704,登陆火星为什么最难？看天问一号如何闯过着陆火星的“恐怖9分钟”,0
6546,6550,醉目潇湘,0,恭贺祝融归位[打call],2021/5/15,https://www.bilibili.com/video/BV1R64y127qf,【火星中国时刻】天问一号：成功着陆，感觉良好！,1
7098,7102,我叫良辰我最叼,1,我们的目标是星辰大海,2021/5/15,https://www.bilibili.com/video/BV1R64y127qf,【火星中国时刻】天问一号：成功着陆，感觉良好！,1
2811,2815,qafas,0,保密协议,2020/7/23,https://www.bilibili.com/video/BV1Fk4y1m77L?p=1,目标火星！天问一号探测器在中国文昌航天发射场发射升空,0
659,662,中国航天科技集团公司,0,加油，我们的征途是星辰大海,2020/4/24,https://www.bilibili.com/video/BV19e411s7yT,火星，我们来了！中国首次火星探测任务命名“天问一号”,1
9986,9990,GrenzIinie,0,好！,2021/5/15,https://www.bilibili.com/video/BV1bU4y1t7Nm?from=search&seid=6566064178961068704,如约而至！我国首次火星探测任务着陆火星圆满成功,1
2511,2515,6G时代,1,这么大个东西，最后就剩下两，太不容易了，数字还真是个好东西，能造的东西好多好多[支持][支持][支持],2020/7/23,https://www.bilibili.com/video/BV1df4y1R7GB,“天问一号”发射后200多天才能到达，三维带你提前登陆火星,1
4282,4286,半折心始,0,整点超高清的有无,2020/7/23,https://www.bilibili.com/video/BV1Sp4y1i7PR,全程回顾 | 天问一号！中国行星探测第一步,0
9339,9343,宝古哥,0,在迎来国家航天各种突破喜庆的消息为祖国感到骄傲，同时我更关心这些成就背后默默付出的科学家们是否得到了应有的回报？在我看来他们应该得到比所谓的明星网红更高的经济回报，记得曾经网上有人喷袁老坐豪车带名表（不知道真假）但是在我看来他就应该获得更高的物质生活，他们对国家对社会做出了伟大贡献为什么不能享受更好的物质生活？凭啥戏子能坐豪车？当西方列强拿着枪炮对准我们的时候让明星网红去挡吗？,2021/5/17,https://www.bilibili.com/video/BV1QN411o7rR?from=search&seid=6566064178961068704,登陆火星为什么最难？看天问一号如何闯过着陆火星的“恐怖9分钟”,1
8800,8804,Review_CN,0,我脑海中顿时出现了一大堆飞船飞向宇宙的画面，太帅了吧,2020/7/23,https://www.bilibili.com/video/BV1va4y1a7hp?from=search&seid=15075552549875695762,海南民众海边观看天问一号发射升空：连连惊叹 高喊“胖五加油”,0
6287,6291,一个夏天两个休,0,发现祝融号上的鲜红国旗啦[打call][打call][打call],2021/5/15,https://www.bilibili.com/video/BV1R64y127qf,【火星中国时刻】天问一号：成功着陆，感觉良好！,1
1930,1934,菜鸡木知呀,1,送我上九天[偷笑],2020/4/24,https://www.bilibili.com/video/BV19e411s7yT,火星，我们来了！中国首次火星探测任务命名“天问一号”,1
7125,7129,炽热链球君,1,卧槽,2021/5/15,https://www.bilibili.com/video/BV1R64y127qf,【火星中国时刻】天问一号：成功着陆，感觉良好！,0
197,200,不会说sao话的亚子,3,印度都自己上去了，虽然是为了发射而发射，但是我们不一样，这个节骨眼我们必须以更高的技术含量完成发射，一雪前耻！！！,2020/7/23,https://www.bilibili.com/video/BV19e411s7yT,火星，我们来了！中国首次火星探测任务命名“天问一号”,1
7777,7781,ZoZ12138,411,火星:请出示7天内有效核酸检测报告[doge],2021/3/4,https://www.bilibili.com/video/BV1sK4y1J7tU,天问一号：高清火星影像震撼发布,0
2931,2935,狮石史世V,0,[热词系列_三连],2020/7/23,https://www.bilibili.com/video/BV1Fk4y1m77L?p=1,目标火星！天问一号探测器在中国文昌航天发射场发射升空,0
8004,8008,AndyZoo2020,0,这种人才年薪5000万不过分吧！,2021/5/17,https://www.bilibili.com/video/BV1Qf4y1a7Lb,泪目！天问一号成功落火，航天人热泪盈眶紧紧相拥！,1
2327,2331,塔迪斯来了,0,火星鬼水,2020/7/24,https://www.bilibili.com/video/BV1df4y1R7GB,“天问一号”发射后200多天才能到达，三维带你提前登陆火星,0
4389,4393,Payneotk,1,在现场,2020/7/23,https://www.bilibili.com/video/BV1Sp4y1i7PR,全程回顾 | 天问一号！中国行星探测第一步,0
8958,8962,小木丶星,0,美国也要发射毅力号了，中国冲啊！[微笑][热词系列_吹爆],2020/7/21,https://www.bilibili.com/video/BV1za4y1a7UT,“天问一号”即将发射，高清实拍+模拟动画带你提前登陆火星！,0
4218,4222,银杏山川梅星河,0,周伦杰看成了,2020/7/23,https://www.bilibili.com/video/BV1Sp4y1i7PR,全程回顾 | 天问一号！中国行星探测第一步,0
202,205,1嘲风1,0,莹莹火光，离离惑乱,2020/7/23,https://www.bilibili.com/video/BV19e411s7yT,火星，我们来了！中国首次火星探测任务命名“天问一号”,1
3510,3514,正宗一碗老友粉,0,恭喜，恭喜。[笑],2020/7/23,https://www.bilibili.com/video/BV1Fk4y1m77L?p=1,目标火星！天问一号探测器在中国文昌航天发射场发射升空,1
4931,4935,虞美人呱呱,0,前排,2021/5/15,https://www.bilibili.com/video/BV1D64y1C7qU,火星你好！2分钟回顾天问一号“奔火”全过程,0
5535,5539,灰暗江原,0,终于，那位靓仔再次霸占热搜[doge][打call],2021/5/15,https://www.bilibili.com/video/BV1ev41157uU,火星上首次留下中国印迹！动画模拟天问一号着陆过程,1
9925,9929,Eidde陈czx,2,我国首次火星探测任务着陆火星圆满成功,2021/5/15,https://www.bilibili.com/video/BV1bU4y1t7Nm?from=search&seid=6566064178961068704,如约而至！我国首次火星探测任务着陆火星圆满成功,1
5791,5795,Darknight_13,0,着陆了，好耶！,2021/5/15,https://www.bilibili.com/video/BV1ev41157uU,火星上首次留下中国印迹！动画模拟天问一号着陆过程,1
1707,1711,是小狐怠呀,0,你对中国力量一无所知[支持],2020/4/24,https://www.bilibili.com/video/BV19e411s7yT,火星，我们来了！中国首次火星探测任务命名“天问一号”,1
5172,5176,预言姬,1,都是大佬,2021/5/24,https://www.bilibili.com/video/BV1qo4y1m7GT,【面对面】天问一号自带“黑匣子” ？专为着陆失败做准备,1
5249,5253,爱吃糖糖的大蚊子,5,不懂就问：火星不是红色的吗,2021/2/12,https://www.bilibili.com/video/BV1rA411T7pN,震撼！“天问一号”探测器火星捕获过程影像发布,0
6528,6532,#NAME?,0,好耶好耶！！！,2021/5/15,https://www.bilibili.com/video/BV1R64y127qf,【火星中国时刻】天问一号：成功着陆，感觉良好！,1
10221,10225,四季窗前的雨季べ,2,要成功还是要靠我们自己。,2021/2/3,https://www.bilibili.com/video/BV1q5411J73D?from=search&seid=6566064178961068704,我们决定去火星的日子，比你想象得更早,0
5855,5859,马赖猫,0,祝融登火星，共工登水星[妙啊],2021/5/20,https://www.bilibili.com/video/BV1R64y127qf,【火星中国时刻】天问一号：成功着陆，感觉良好！,1
8164,8168,Kars的面包,86,张荣桥总师是我们祁门人，算我高中老学长,2021/5/15,https://www.bilibili.com/video/BV1Qf4y1a7Lb,泪目！天问一号成功落火，航天人热泪盈眶紧紧相拥！,1
854,857,怪盗小子1412号,1,萤火可惜了[酸了],2020/4/24,https://www.bilibili.com/video/BV19e411s7yT,火星，我们来了！中国首次火星探测任务命名“天问一号”,0
4737,4741,夏邑狐里,0,第一件事就是采集土壤看看能不能种菜[嗑瓜子][嗑瓜子],2021/5/15,https://www.bilibili.com/video/BV1D64y1C7qU,火星你好！2分钟回顾天问一号“奔火”全过程,0
698,701,星辰大海飞了,0,向火星出发！帅气,2020/4/24,https://www.bilibili.com/video/BV19e411s7yT,火星，我们来了！中国首次火星探测任务命名“天问一号”,1
3696,3700,边家的十二,0,希望中国能在航天事业方面取得更大的成就,2020/7/23,https://www.bilibili.com/video/BV1Fk4y1m77L?p=1,目标火星！天问一号探测器在中国文昌航天发射场发射升空,1
1636,1640,共和魔法师,0,科技胜利项目“移民火星”开启[微笑],2020/4/24,https://www.bilibili.com/video/BV19e411s7yT,火星，我们来了！中国首次火星探测任务命名“天问一号”,1
7280,7284,该用户己被查封,0,好耶,2021/5/15,https://www.bilibili.com/video/BV1R64y127qf,【火星中国时刻】天问一号：成功着陆，感觉良好！,1
7554,7558,倒霉催的kv-5通讯兵,0,着陆之后，赶紧采样分析，看看能不能种菜？[doge],2021/3/11,https://www.bilibili.com/video/BV1sK4y1J7tU,天问一号：高清火星影像震撼发布,1
3581,3585,天然软妹子,0,拯救火星UP主[抠鼻],2020/7/23,https://www.bilibili.com/video/BV1Fk4y1m77L?p=1,目标火星！天问一号探测器在中国文昌航天发射场发射升空,0
1291,1295,阿土atutu,5,666666666666666666666666666666666666666666666666666666666666666666666666666666666666666666666666666666666666666666666666666666666666666666666666666666666666666666666666666666666666666666666666666666666666666666666666666666666666666666666666666666666666666666666666666666666666666666666666666666666666666666666666666666666666666666666666666666666666666666666666666666666666666666666666666666666666666666666666666666666666666666666666666666666666666666666666666666666666666666666666666666666666666666666666666666666666666666666666666666666666666666666666666666666666666666666666666666666666666666666666666666666666666666666666666666666666666666666666,2020/4/24,https://www.bilibili.com/video/BV19e411s7yT,火星，我们来了！中国首次火星探测任务命名“天问一号”,0
6585,6589,许我一笔墨丿绘你倾城颜_,0,成功了吗？等了那么久太振奋了！,2021/5/15,https://www.bilibili.com/video/BV1R64y127qf,【火星中国时刻】天问一号：成功着陆，感觉良好！,1
1853,1857,mika211,0,加油中国????,2020/4/24,https://www.bilibili.com/video/BV19e411s7yT,火星，我们来了！中国首次火星探测任务命名“天问一号”,1
5232,5236,东莱玉仙,0,老天刻薄啊，要是金星跟火星调位置多好，金星个头儿大又大气层比地球还厚……,2021/2/13,https://www.bilibili.com/video/BV1rA411T7pN,震撼！“天问一号”探测器火星捕获过程影像发布,0
3763,3767,法拉格特舰长1,0,打卡,2020/7/23,https://www.bilibili.com/video/BV1Fk4y1m77L?p=1,目标火星！天问一号探测器在中国文昌航天发射场发射升空,0
3304,3308,1895瘤川峰,0,过去拍拍火星文[妙啊],2020/7/23,https://www.bilibili.com/video/BV1Fk4y1m77L?p=1,目标火星！天问一号探测器在中国文昌航天发射场发射升空,0
1495,1499,SimpleLoveU,0,加油！希望这几年内也能实现登月,2020/4/24,https://www.bilibili.com/video/BV19e411s7yT,火星，我们来了！中国首次火星探测任务命名“天问一号”,1
7994,7998,点丫,0,向你们致敬,2021/5/18,https://www.bilibili.com/video/BV1Qf4y1a7Lb,泪目！天问一号成功落火，航天人热泪盈眶紧紧相拥！,1
1998,2002,云南共青团,1518,火星，我们来了！,2020/4/24,https://www.bilibili.com/video/BV19e411s7yT,火星，我们来了！中国首次火星探测任务命名“天问一号”,0
663,666,大国小民淳淳,1,高考会考图标的,2020/4/24,https://www.bilibili.com/video/BV19e411s7yT,火星，我们来了！中国首次火星探测任务命名“天问一号”,0
3748,3752,一个不出名的罐头呀,0,星辰大海!,2020/7/23,https://www.bilibili.com/video/BV1Fk4y1m77L?p=1,目标火星！天问一号探测器在中国文昌航天发射场发射升空,1
4413,4417,情谊咩咩刀,18,过分了哈，一直在等看直播，打开bili说晚上8点直播，就没关注了，现在你给我说发射成功了，太过分了，我都没看到发射！,2020/7/23,https://www.bilibili.com/video/BV1Sp4y1i7PR,全程回顾 | 天问一号！中国行星探测第一步,0
5530,5534,雾深之瑜,0,那么咱最关心的事是：火星能种菜吗？[脱单doge],2021/5/15,https://www.bilibili.com/video/BV1ev41157uU,火星上首次留下中国印迹！动画模拟天问一号着陆过程,0
5575,5579,优秀的非酋,0,下次在夜空中看到火星得时候就可以问候一声“远方的你还好吗”[热词系列_泪目],2021/5/15,https://www.bilibili.com/video/BV1ev41157uU,火星上首次留下中国印迹！动画模拟天问一号着陆过程,1
8901,8905,半枕松风,1,问天荧惑！我们的目标是星辰大海！,2020/7/23,https://www.bilibili.com/video/BV1za4y1a7UT,“天问一号”即将发射，高清实拍+模拟动画带你提前登陆火星！,1
7526,7530,颓废的一千,0,????????????????????????????????????????????????,2021/3/19,https://www.bilibili.com/video/BV1sK4y1J7tU,天问一号：高清火星影像震撼发布,0
9474,9478,星光闪閃,3,对对对，火星是全人类的，我中国是人类的一部分，那我拿个火星的一部分，没毛病吧[doge],2021/5/15,https://www.bilibili.com/video/BV1QN411o7rR?from=search&seid=6566064178961068704,登陆火星为什么最难？看天问一号如何闯过着陆火星的“恐怖9分钟”,0
5864,5868,WTF-12138,0,该说不说，为了解决通信中断和延迟的问题，我有一个不成熟的小建议，马斯克都能搞个星链，咱们在地球和火星间的轨道搞个系链，再在火星同步轨道覆盖几颗同步通信转接卫星，这样祝融带宽估摸着能到咱普通家庭的百兆宽带，给祝融提提速[OK],2021/5/19,https://www.bilibili.com/video/BV1R64y127qf,【火星中国时刻】天问一号：成功着陆，感觉良好！,0
6776,6780,孤玥寒秋,0,我，地球人，在此喊哈三体，啊呸，火星人[滑稽][滑稽],2021/5/15,https://www.bilibili.com/video/BV1R64y127qf,【火星中国时刻】天问一号：成功着陆，感觉良好！,-1
1306,1310,梦醒新生,1,屈原在两千年提出了《天问》夙愿，我们在今天终于能够进行一定程度的解答了。我们，生在了探索的纪元，注定见证历史，也注定创造历史！[鸡腿],2020/4/24,https://www.bilibili.com/video/BV19e411s7yT,火星，我们来了！中国首次火星探测任务命名“天问一号”,1
7392,7396,是疯疯ya,0,好耶,2021/5/15,https://www.bilibili.com/video/BV1R64y127qf,【火星中国时刻】天问一号：成功着陆，感觉良好！,0
5592,5596,MEMEDA你一脸,0,利好军工[OK],2021/5/15,https://www.bilibili.com/video/BV1ev41157uU,火星上首次留下中国印迹！动画模拟天问一号着陆过程,1
9721,9725,末丶奏,0,谢邀，人在火星，刚下天问,2021/5/15,https://www.bilibili.com/video/BV1bU4y1t7Nm?from=search&seid=6566064178961068704,如约而至！我国首次火星探测任务着陆火星圆满成功,0
1663,1667,瑃璟,0,好！,2020/4/24,https://www.bilibili.com/video/BV19e411s7yT,火星，我们来了！中国首次火星探测任务命名“天问一号”,1
5450,5454,沈加国,2,[热词系列_好耶],2021/2/12,https://www.bilibili.com/video/BV1rA411T7pN,震撼！“天问一号”探测器火星捕获过程影像发布,1
10310,10314,4124002,18,NASA宣布2027年登陆火星，估计又是吹牛,2021/2/2,https://www.bilibili.com/video/BV1q5411J73D?from=search&seid=6566064178961068704,我们决定去火星的日子，比你想象得更早,0
10331,10335,凶巴巴象肥肥怪兽,19,我们从来都是说到做到,2021/2/2,https://www.bilibili.com/video/BV1q5411J73D?from=search&seid=6566064178961068704,我们决定去火星的日子，比你想象得更早,0
3627,3631,造型艺术节,1,芜湖，起飞??！,2020/7/23,https://www.bilibili.com/video/BV1Fk4y1m77L?p=1,目标火星！天问一号探测器在中国文昌航天发射场发射升空,1
2693,2697,Max_42,0,咕咕星赛高！[打call],2020/7/23,https://www.bilibili.com/video/BV1df4y1R7GB,“天问一号”发射后200多天才能到达，三维带你提前登陆火星,0
9789,9793,风灵玉秀咋还不更新,0,那个人告诉我们要敢上九天揽月，敢下五洋捉鳖。他没有骗我们，我们也没有辜负他的期盼。可是，可是，可是真的好想让他亲眼看一下啊！！！好想他啊！！！[委屈][委屈][委屈][大哭][大哭][大哭][大哭][大哭],2021/5/15,https://www.bilibili.com/video/BV1bU4y1t7Nm?from=search&seid=6566064178961068704,如约而至！我国首次火星探测任务着陆火星圆满成功,0
5915,5919,bopbop1,0,Ohhhhhhhhhhh,2021/5/16,https://www.bilibili.com/video/BV1R64y127qf,【火星中国时刻】天问一号：成功着陆，感觉良好！,0
3157,3161,幼狼与野狗,0,冲啊！！！,2020/7/23,https://www.bilibili.com/video/BV1Fk4y1m77L?p=1,目标火星！天问一号探测器在中国文昌航天发射场发射升空,1
9914,9918,elen_wu,1,还能说什么呢？只能说GNC牛逼！推进牛逼！结构牛逼！能源牛逼！测控牛逼！数管牛逼！热控牛逼！,2021/5/15,https://www.bilibili.com/video/BV1bU4y1t7Nm?from=search&seid=6566064178961068704,如约而至！我国首次火星探测任务着陆火星圆满成功,1
6668,6672,做个人5,0,牛逼！,2021/5/15,https://www.bilibili.com/video/BV1R64y127qf,【火星中国时刻】天问一号：成功着陆，感觉良好！,0
1059,1062,A股倒霉蛋儿,0,真的泪目了，全人类的未来就在中国文明的肩上，把一生奉献给这个伟大事业，这辈子没白活,2020/4/24,https://www.bilibili.com/video/BV19e411s7yT,火星，我们来了！中国首次火星探测任务命名“天问一号”,1
4636,4640,最肯忘却故人事,2,到底能不能种庄稼！[doge][doge][doge],2021/5/15,https://www.bilibili.com/video/BV1D64y1C7qU,火星你好！2分钟回顾天问一号“奔火”全过程,0
3242,3246,麻烦叫我滚回去学习QAQ,1,2020不愧是神奇的一年,2020/7/23,https://www.bilibili.com/video/BV1Fk4y1m77L?p=1,目标火星！天问一号探测器在中国文昌航天发射场发射升空,1
1678,1682,diudiu502,1,为祖国深空探测献一份力是我的梦想啊，看来真正努力的时候到了!!!∑(??Д??ノ)ノ[热词系列_知识增加],2020/4/24,https://www.bilibili.com/video/BV19e411s7yT,火星，我们来了！中国首次火星探测任务命名“天问一号”,1
6892,6896,Mazy964,0,没看够啊[吃瓜],2021/5/15,https://www.bilibili.com/video/BV1R64y127qf,【火星中国时刻】天问一号：成功着陆，感觉良好！,0
6374,6378,美女无影剑,0,第七宇宙破坏神发来贺电。,2021/5/15,https://www.bilibili.com/video/BV1R64y127qf,【火星中国时刻】天问一号：成功着陆，感觉良好！,1
7574,7578,Kenny_Mc_Cormick,0,顶上去，让更多人看看[星星眼],2021/3/6,https://www.bilibili.com/video/BV1sK4y1J7tU,天问一号：高清火星影像震撼发布,0
1757,1761,符华の羽渡尘,1,创造历史[打call][打call][打call],2020/4/24,https://www.bilibili.com/video/BV19e411s7yT,火星，我们来了！中国首次火星探测任务命名“天问一号”,1
6019,6023,LUOMONA,0,这个背景音乐是啥,2021/5/15,https://www.bilibili.com/video/BV1R64y127qf,【火星中国时刻】天问一号：成功着陆，感觉良好！,0
5116,5120,妖侠之吻,1,[打call],2021/5/25,https://www.bilibili.com/video/BV1qo4y1m7GT,【面对面】天问一号自带“黑匣子” ？专为着陆失败做准备,0
8755,8759,西南怪客,0,芜湖～,2020/7/23,https://www.bilibili.com/video/BV1va4y1a7hp?from=search&seid=15075552549875695762,海南民众海边观看天问一号发射升空：连连惊叹 高喊“胖五加油”,0
7408,7412,一本正经Rt君,1366,看懂了的相信已经老了吧[doge],2021/5/15,https://www.bilibili.com/video/BV1R64y127qf,【火星中国时刻】天问一号：成功着陆，感觉良好！,0
2790,2794,紫菜疍花兔兔,1,和我生日是同一天耶[星星眼],2020/7/23,https://www.bilibili.com/video/BV1Fk4y1m77L?p=1,目标火星！天问一号探测器在中国文昌航天发射场发射升空,1
863,866,草木柒丶,1,啊，是不是某国总统的降落地点[doge],2020/4/24,https://www.bilibili.com/video/BV19e411s7yT,火星，我们来了！中国首次火星探测任务命名“天问一号”,0
7858,7862,黑箱里的cate,1,看到老家了,2021/3/4,https://www.bilibili.com/video/BV1sK4y1J7tU,天问一号：高清火星影像震撼发布,0
1484,1488,gem_cc,0,爱了,2020/4/24,https://www.bilibili.com/video/BV19e411s7yT,火星，我们来了！中国首次火星探测任务命名“天问一号”,1
7035,7039,工具人之防弹毛板,0,上面能种菜不？,2021/5/15,https://www.bilibili.com/video/BV1R64y127qf,【火星中国时刻】天问一号：成功着陆，感觉良好！,1
7721,7725,喜欢亭楼边,0,靓仔![doge],2021/3/4,https://www.bilibili.com/video/BV1sK4y1J7tU,天问一号：高清火星影像震撼发布,0
5977,5981,Eleven-roses,0,有差距要承认，不过差距会越来越小，甚至超越！任何人都阻挡不了祖国的势头！,2021/5/16,https://www.bilibili.com/video/BV1R64y127qf,【火星中国时刻】天问一号：成功着陆，感觉良好！,1
5134,5138,母泥的小窝,1,量子通信加油,2021/5/25,https://www.bilibili.com/video/BV1qo4y1m7GT,【面对面】天问一号自带“黑匣子” ？专为着陆失败做准备,1
206,209,小鞭炮吧唧,2,一定要成功啊，政治意义太大了，一定要成功，求求了,2020/7/23,https://www.bilibili.com/video/BV19e411s7yT,火星，我们来了！中国首次火星探测任务命名“天问一号”,1
4488,4492,Heayn,83,北斗收官，直播画面给我一种前所未有的自豪感，充满真正自信。这一回[无语]前期宣传雷声倒是很大，给国民（我）一种什么感觉。,2020/7/23,https://www.bilibili.com/video/BV1Sp4y1i7PR,全程回顾 | 天问一号！中国行星探测第一步,0
6938,6942,AuroraCamellia,0,[热词系列_好耶],2021/5/15,https://www.bilibili.com/video/BV1R64y127qf,【火星中国时刻】天问一号：成功着陆，感觉良好！,0
9062,9066,铃澜琉璃,0,好紧张好紧张，希望一切顺利,2020/7/18,https://www.bilibili.com/video/BV1za4y1a7UT,“天问一号”即将发射，高清实拍+模拟动画带你提前登陆火星！,1
6910,6914,星之领航,0,喂，我到了，一切安好，请大家放心,2021/5/15,https://www.bilibili.com/video/BV1R64y127qf,【火星中国时刻】天问一号：成功着陆，感觉良好！,1
502,505,大懒货丶,1,这真不是首次啊，咱们萤惑一号被俄罗斯整没了,2020/4/26,https://www.bilibili.com/video/BV19e411s7yT,火星，我们来了！中国首次火星探测任务命名“天问一号”,0
7385,7389,幻城白山夜,8,我居然看懂了,2021/5/15,https://www.bilibili.com/video/BV1R64y127qf,【火星中国时刻】天问一号：成功着陆，感觉良好！,0
1028,1031,天灾SSS,0,火星：你不要靠近我啊[tv_惊吓],2020/4/24,https://www.bilibili.com/video/BV19e411s7yT,火星，我们来了！中国首次火星探测任务命名“天问一号”,0
3840,3844,苍穹之上的秘密,2,骄傲面[傲娇],2021/6/27,https://www.bilibili.com/video/BV1uy4y1M7dB,骄傲！天问一号系列实拍影像发布,0
8110,8114,雪月酱昂,0,鲍硕呢？在意林上看到他的文章了,2021/5/15,https://www.bilibili.com/video/BV1Qf4y1a7Lb,泪目！天问一号成功落火，航天人热泪盈眶紧紧相拥！,-1
5056,5060,都说头像不是兔子,0,中国越加强大[支持][支持][支持][支持][支持],2021/5/15,https://www.bilibili.com/video/BV1D64y1C7qU,火星你好！2分钟回顾天问一号“奔火”全过程,1
9762,9766,你的桃子呢,1,靓仔终于降落了,2021/5/15,https://www.bilibili.com/video/BV1bU4y1t7Nm?from=search&seid=6566064178961068704,如约而至！我国首次火星探测任务着陆火星圆满成功,0
8154,8158,首席辅导员孙连城,13,毫不犹豫送上两枚硬币,2021/5/15,https://www.bilibili.com/video/BV1Qf4y1a7Lb,泪目！天问一号成功落火，航天人热泪盈眶紧紧相拥！,1
2731,2735,幻海的彼岸梦蝶双生,0,献祭10年单身换成功,2020/7/23,https://www.bilibili.com/video/BV1df4y1R7GB,“天问一号”发射后200多天才能到达，三维带你提前登陆火星,0
8996,9000,CBwangketa,0,在座的各位都是老三体了,2020/7/20,https://www.bilibili.com/video/BV1za4y1a7UT,“天问一号”即将发射，高清实拍+模拟动画带你提前登陆火星！,0
2454,2458,绸雨青,0,bgm声音太大了,2020/7/23,https://www.bilibili.com/video/BV1df4y1R7GB,“天问一号”发射后200多天才能到达，三维带你提前登陆火星,-1
7215,7219,弓玄霖,0,火星文…好家伙,2021/5/15,https://www.bilibili.com/video/BV1R64y127qf,【火星中国时刻】天问一号：成功着陆，感觉良好！,0
3104,3108,旻参舒桓,1,我的手机都震动了起来,2020/7/23,https://www.bilibili.com/video/BV1Fk4y1m77L?p=1,目标火星！天问一号探测器在中国文昌航天发射场发射升空,0
8392,8396,赫伯隆,0,哇哇哇哇，比老美和毛子家的尾焰漂亮[星星眼],2020/7/24,https://www.bilibili.com/video/BV1va4y1a7hp?from=search&seid=15075552549875695762,海南民众海边观看天问一号发射升空：连连惊叹 高喊“胖五加油”,-1
6278,6282,雷厉风行的小欻欻,0,宣传片很酷。,2021/5/15,https://www.bilibili.com/video/BV1R64y127qf,【火星中国时刻】天问一号：成功着陆，感觉良好！,0
3099,3103,battleofhistory,0,冲冲冲,2020/7/23,https://www.bilibili.com/video/BV1Fk4y1m77L?p=1,目标火星！天问一号探测器在中国文昌航天发射场发射升空,1
6184,6188,舔外国的狗请滚,0,我不想看动画演示啊[抓狂],2021/5/15,https://www.bilibili.com/video/BV1R64y127qf,【火星中国时刻】天问一号：成功着陆，感觉良好！,-1
3561,3565,LovenHaHa,0,第一,2020/7/23,https://www.bilibili.com/video/BV1Fk4y1m77L?p=1,目标火星！天问一号探测器在中国文昌航天发射场发射升空,0
5892,5896,清漪然,1,被气哭的过来看看[大哭][大哭][大哭]。这么好的事，B站全是冷嘲热讽的。[委屈][委屈][委屈],2021/5/17,https://www.bilibili.com/video/BV1R64y127qf,【火星中国时刻】天问一号：成功着陆，感觉良好！,1
391,394,乌鸦为什么像写字台yu,0,ET表示很赞,2020/5/5,https://www.bilibili.com/video/BV19e411s7yT,火星，我们来了！中国首次火星探测任务命名“天问一号”,1
6736,6740,青椒碎末,0,动画也好牛逼，太帅了,2021/5/15,https://www.bilibili.com/video/BV1R64y127qf,【火星中国时刻】天问一号：成功着陆，感觉良好！,1
5618,5622,阿狸七七,0,祝贺祝融靓仔[打call][打call][打call][给心心][给心心],2021/5/15,https://www.bilibili.com/video/BV1ev41157uU,火星上首次留下中国印迹！动画模拟天问一号着陆过程,1
5258,5262,第13年,0,什么东西看不懂,2021/2/12,https://www.bilibili.com/video/BV1rA411T7pN,震撼！“天问一号”探测器火星捕获过程影像发布,0
9687,9691,因加百禄,1,航天科工万岁[干杯][干杯][干杯][干杯][干杯][干杯],2021/5/15,https://www.bilibili.com/video/BV1bU4y1t7Nm?from=search&seid=6566064178961068704,如约而至！我国首次火星探测任务着陆火星圆满成功,1
2695,2699,zzhxavi,171,咕咕星NB,2020/7/23,https://www.bilibili.com/video/BV1df4y1R7GB,“天问一号”发射后200多天才能到达，三维带你提前登陆火星,0
2027,2031,此处输入ID,0,将来有天命，九歌系列不？,2020/4/24,https://www.bilibili.com/video/BV19e411s7yT,火星，我们来了！中国首次火星探测任务命名“天问一号”,0
5463,5467,_旺仔就是力量,0,[热词系列_知识增加],2021/2/12,https://www.bilibili.com/video/BV1rA411T7pN,震撼！“天问一号”探测器火星捕获过程影像发布,0
2568,2572,每曰都在做白曰梦,0,我寻思着如果两百多天的话吃什么喝什么呢?就一个小的空间也不可能足够两百多天的食物吧?,2020/7/23,https://www.bilibili.com/video/BV1df4y1R7GB,“天问一号”发射后200多天才能到达，三维带你提前登陆火星,0
8006,8010,长夜薄暮,2,致敬，我长辈也是航天人,2021/5/17,https://www.bilibili.com/video/BV1Qf4y1a7Lb,泪目！天问一号成功落火，航天人热泪盈眶紧紧相拥！,0
64,64,Quinter_Stitch,0,感觉，这次的火箭颜值较以往的高很多啊，有那种未来科技感[支持],2020/7/24,https://www.bilibili.com/video/BV19e411s7yT,火星，我们来了！中国首次火星探测任务命名“天问一号”,1
2062,2066,张三的盆友李四,0,中国，天问！,2020/4/24,https://www.bilibili.com/video/BV19e411s7yT,火星，我们来了！中国首次火星探测任务命名“天问一号”,1
5276,5280,新中国新文化,0,哪吒,2021/2/12,https://www.bilibili.com/video/BV1rA411T7pN,震撼！“天问一号”探测器火星捕获过程影像发布,0
7208,7212,菩提心是为人民服务,0,着陆了！,2021/5/15,https://www.bilibili.com/video/BV1R64y127qf,【火星中国时刻】天问一号：成功着陆，感觉良好！,1
8684,8688,立刻转型,0,海南重要旅游资源,2020/7/23,https://www.bilibili.com/video/BV1va4y1a7hp?from=search&seid=15075552549875695762,海南民众海边观看天问一号发射升空：连连惊叹 高喊“胖五加油”,0
8571,8575,轻轻轻111,1,他们真的幸运可以看现场[酸了],2020/7/24,https://www.bilibili.com/video/BV1va4y1a7hp?from=search&seid=15075552549875695762,海南民众海边观看天问一号发射升空：连连惊叹 高喊“胖五加油”,0
6331,6335,合金聚光眼,0,哈哈哈哈哈哈哈哈哈哈哈哈哈哈哈哈哈哈哈哈哈哈哈哈哈哈哈哈哈哈哈哈哈哈哈哈哈哈哈哈哈哈哈哈哈哈哈哈哈哈哈哈哈哈哈哈哈哈哈哈哈哈哈哈哈哈哈哈哈哈哈哈哈哈哈哈哈哈哈哈哈哈哈哈哈哈哈哈哈哈哈哈哈哈哈哈哈哈哈哈哈哈哈哈哈哈哈哈哈哈哈哈哈哈哈哈哈哈哈哈哈哈哈哈哈哈哈哈哈哈哈哈哈哈哈哈哈哈哈哈哈哈哈哈哈哈哈哈哈哈哈哈哈哈哈哈哈哈哈哈哈哈哈哈哈哈哈哈哈哈哈哈哈哈哈哈哈哈哈哈哈哈哈哈哈哈哈哈哈哈哈哈哈哈哈哈哈哈哈哈哈哈哈哈哈哈哈哈哈哈哈哈哈哈哈哈哈哈哈哈哈哈哈哈哈哈哈哈哈哈哈哈哈哈哈哈哈哈哈哈哈哈哈哈哈哈哈哈哈哈哈哈哈哈哈哈哈哈哈哈哈哈哈哈哈哈哈哈哈哈哈哈哈哈哈哈哈哈哈哈哈哈哈哈哈哈哈哈哈哈哈哈哈哈哈哈哈哈哈哈哈哈哈哈哈哈哈哈哈哈哈哈哈哈哈哈哈哈哈哈哈哈哈哈哈哈哈哈哈哈哈哈哈哈哈哈哈哈哈哈哈哈哈哈哈哈哈哈哈哈哈哈哈哈哈哈哈哈哈哈哈哈哈哈哈哈哈哈哈哈哈哈哈哈哈哈哈哈哈哈哈哈哈哈哈哈哈哈哈哈哈哈哈哈哈哈哈哈哈哈哈哈哈哈哈哈哈哈哈哈哈哈哈哈哈哈哈哈哈哈哈哈哈哈哈哈哈哈哈哈哈哈哈哈哈哈哈哈哈哈哈哈哈哈哈哈哈哈哈哈哈哈哈哈哈哈哈哈哈哈哈哈哈哈哈哈哈哈哈哈哈哈哈哈哈哈哈哈哈哈哈哈哈哈哈哈！,2021/5/15,https://www.bilibili.com/video/BV1R64y127qf,【火星中国时刻】天问一号：成功着陆，感觉良好！,0
4859,4863,修炮台的工程师,0,靓仔他到了他到了！[热词系列_你可真星],2021/5/15,https://www.bilibili.com/video/BV1D64y1C7qU,火星你好！2分钟回顾天问一号“奔火”全过程,1
4887,4891,墨白丶D,0,此时一位靓仔路…诶，我着陆咯[羞羞],2021/5/15,https://www.bilibili.com/video/BV1D64y1C7qU,火星你好！2分钟回顾天问一号“奔火”全过程,1
9268,9272,伊人红妆如醉,11,这次的难度前所未有的大啊！[吃瓜],2020/7/17,https://www.bilibili.com/video/BV1za4y1a7UT,“天问一号”即将发射，高清实拍+模拟动画带你提前登陆火星！,-1
878,881,火星人张老方,0,来了来了,2020/4/24,https://www.bilibili.com/video/BV19e411s7yT,火星，我们来了！中国首次火星探测任务命名“天问一号”,0
8529,8533,海滨小城的孩子,0,天问二号发射现场，台湾报告：雷达跟踪正常，遥测信号正常,2020/7/24,https://www.bilibili.com/video/BV1va4y1a7hp?from=search&seid=15075552549875695762,海南民众海边观看天问一号发射升空：连连惊叹 高喊“胖五加油”,0
7916,7920,夏夏的b站小窝,15,好家伙，快和NASA拍的对比一下[星星眼],2021/3/4,https://www.bilibili.com/video/BV1sK4y1J7tU,天问一号：高清火星影像震撼发布,0
6863,6867,梧桐now,0,加油,2021/5/15,https://www.bilibili.com/video/BV1R64y127qf,【火星中国时刻】天问一号：成功着陆，感觉良好！,0
7892,7896,夜子owo,939,好美，想绿了它[脱单doge],2021/3/4,https://www.bilibili.com/video/BV1sK4y1J7tU,天问一号：高清火星影像震撼发布,1
6439,6443,良喵三三,1,啊~这就是火星的土地吗~,2021/5/15,https://www.bilibili.com/video/BV1R64y127qf,【火星中国时刻】天问一号：成功着陆，感觉良好！,1
7869,7873,风雨不摇,216,分辨率0.7米，可以可以。用作低轨道侦察卫星链，航母上人员晒被子都能给拍出来[脱单doge],2021/3/4,https://www.bilibili.com/video/BV1sK4y1J7tU,天问一号：高清火星影像震撼发布,1
1016,1019,写书的笔,1,一边狂笑一边流泪说的就是我了,2020/4/24,https://www.bilibili.com/video/BV19e411s7yT,火星，我们来了！中国首次火星探测任务命名“天问一号”,1
9467,9471,蝶角蛉i,0,眼泪止不住要流,2021/5/15,https://www.bilibili.com/video/BV1QN411o7rR?from=search&seid=6566064178961068704,登陆火星为什么最难？看天问一号如何闯过着陆火星的“恐怖9分钟”,1
7629,7633,芜夏丶不言殇,0,能打水泥路吗,2021/3/5,https://www.bilibili.com/video/BV1sK4y1J7tU,天问一号：高清火星影像震撼发布,1
995,998,我家女票最可爱,0,荧惑,2020/4/24,https://www.bilibili.com/video/BV19e411s7yT,火星，我们来了！中国首次火星探测任务命名“天问一号”,0
10173,10177,Biu坏小孩,5,靠天靠地靠毛子不如靠自己[微笑],2021/2/3,https://www.bilibili.com/video/BV1q5411J73D?from=search&seid=6566064178961068704,我们决定去火星的日子，比你想象得更早,0
4297,4301,摸鱼D懒猫,0,不是8点吗？？？？？？，怎么就12点了,2020/7/23,https://www.bilibili.com/video/BV1Sp4y1i7PR,全程回顾 | 天问一号！中国行星探测第一步,0
161,164,地平线麻醉倾城,1,胖五已发射！我们的征途是星辰大海！,2020/7/23,https://www.bilibili.com/video/BV19e411s7yT,火星，我们来了！中国首次火星探测任务命名“天问一号”,1
5675,5679,月球最佳男友蓝瑟,0,恭喜恭喜!????????,2021/5/15,https://www.bilibili.com/video/BV1ev41157uU,火星上首次留下中国印迹！动画模拟天问一号着陆过程,1
6873,6877,鲤蓮星,12,这这这～就是火星文了吗，人到火星，一切安好，就是文字看不太懂[脱单doge],2021/5/15,https://www.bilibili.com/video/BV1R64y127qf,【火星中国时刻】天问一号：成功着陆，感觉良好！,1
9692,9696,尘与埃定,1,可太牛逼了，我想看看画面，太好奇了[doge],2021/5/15,https://www.bilibili.com/video/BV1bU4y1t7Nm?from=search&seid=6566064178961068704,如约而至！我国首次火星探测任务着陆火星圆满成功,0
7989,7993,朝朝又暮暮___,0,[大哭][大哭]感谢你们,2021/5/20,https://www.bilibili.com/video/BV1Qf4y1a7Lb,泪目！天问一号成功落火，航天人热泪盈眶紧紧相拥！,1
3843,3847,什么树丫,0,牛牛牛！！,2021/6/27,https://www.bilibili.com/video/BV1uy4y1M7dB,骄傲！天问一号系列实拍影像发布,1
1021,1024,尽诛瞽寙肰,2,这个名字有我一票！！！！,2020/4/24,https://www.bilibili.com/video/BV19e411s7yT,火星，我们来了！中国首次火星探测任务命名“天问一号”,1
3073,3077,我有正宗非酋血统,0,直播显示下午8点直播？怎么回事啊？,2020/7/23,https://www.bilibili.com/video/BV1Fk4y1m77L?p=1,目标火星！天问一号探测器在中国文昌航天发射场发射升空,0
7555,7559,呆呆的马尾,0,[打call][打call][打call][大哭],2021/3/11,https://www.bilibili.com/video/BV1sK4y1J7tU,天问一号：高清火星影像震撼发布,1
3943,3947,凉琴燃玉岸,4,祝融号小可爱！到火星视察工作辣[哈哈],2021/6/27,https://www.bilibili.com/video/BV1uy4y1M7dB,骄傲！天问一号系列实拍影像发布,1
1585,1589,SkyfreeH,0,找找有木有ALDNOAH[喜极而泣],2020/4/24,https://www.bilibili.com/video/BV19e411s7yT,火星，我们来了！中国首次火星探测任务命名“天问一号”,0
10147,10151,初见三千,0,哇塞！我国居然这么牛了吗？我还记得当时电视上播美国无人探测机登上火星时，我羡慕极了，一直期待它失败，结果看到他们的科学家欢呼庆祝。现在我国居然也要上去了！没话好说的，我一直小看了我们国家呀！,2021/2/4,https://www.bilibili.com/video/BV1q5411J73D?from=search&seid=6566064178961068704,我们决定去火星的日子，比你想象得更早,1
3152,3156,我们几个人中出了一个叛徒,1,怎么没有直播啊？等了好久,2020/7/23,https://www.bilibili.com/video/BV1Fk4y1m77L?p=1,目标火星！天问一号探测器在中国文昌航天发射场发射升空,0
8226,8230,_南城旧事_,11,你们的努力，我们的未来[给心心],2021/5/15,https://www.bilibili.com/video/BV1Qf4y1a7Lb,泪目！天问一号成功落火，航天人热泪盈眶紧紧相拥！,1
775,778,无限理制,1,文明六科技胜利第三阶段,2020/4/24,https://www.bilibili.com/video/BV19e411s7yT,火星，我们来了！中国首次火星探测任务命名“天问一号”,1
9670,9674,爱吃独食的猫,0,好,2021/5/15,https://www.bilibili.com/video/BV1bU4y1t7Nm?from=search&seid=6566064178961068704,如约而至！我国首次火星探测任务着陆火星圆满成功,1
7099,7103,BIIIIIGLeo,0,第一次没有火星,2021/5/15,https://www.bilibili.com/video/BV1R64y127qf,【火星中国时刻】天问一号：成功着陆，感觉良好！,0
5486,5490,叫我青日,0,时间流速真的不一样吧（星际穿越上看的），补作业的绝佳去处[doge],2021/5/15,https://www.bilibili.com/video/BV1ev41157uU,火星上首次留下中国印迹！动画模拟天问一号着陆过程,0
6235,6239,HighGround王,2,哈哈哈哈哈哈哈哈哈哈哈哈哈哈哈哈哈好耶哭了我艹我艹我艹[打call][打call][打call][打call][打call][委屈][委屈][委屈][委屈][委屈][委屈],2021/5/15,https://www.bilibili.com/video/BV1R64y127qf,【火星中国时刻】天问一号：成功着陆，感觉良好！,1
9555,9559,八块胸肌的蕉皮,43,哦豁，天问已经失宠[doge],2021/5/15,https://www.bilibili.com/video/BV1QN411o7rR?from=search&seid=6566064178961068704,登陆火星为什么最难？看天问一号如何闯过着陆火星的“恐怖9分钟”,0
7041,7045,我戴上竹蜻蜓,0,[热词系列_排面][热词系列_排面],2021/5/15,https://www.bilibili.com/video/BV1R64y127qf,【火星中国时刻】天问一号：成功着陆，感觉良好！,0
2612,2616,鸡米花_想当个P,0,那么问题来了，环绕器在分离后还要变轨吗？还是着陆器分离后减速着陆？[微笑],2020/7/23,https://www.bilibili.com/video/BV1df4y1R7GB,“天问一号”发射后200多天才能到达，三维带你提前登陆火星,1
7513,7517,行车不规范容易火葬场,0,靓仔来了,2021/3/20,https://www.bilibili.com/video/BV1sK4y1J7tU,天问一号：高清火星影像震撼发布,0
10233,10237,婕妤猫猫,1,角逐超高空,2021/2/3,https://www.bilibili.com/video/BV1q5411J73D?from=search&seid=6566064178961068704,我们决定去火星的日子，比你想象得更早,0
8433,8437,五星红旗迎风飘揚,0,yysy，我tm酸了[酸了][酸了][酸了],2020/7/24,https://www.bilibili.com/video/BV1va4y1a7hp?from=search&seid=15075552549875695762,海南民众海边观看天问一号发射升空：连连惊叹 高喊“胖五加油”,0
10253,10257,第四国际万岁,0,能种菜吗？,2021/2/3,https://www.bilibili.com/video/BV1q5411J73D?from=search&seid=6566064178961068704,我们决定去火星的日子，比你想象得更早,1
8792,8796,大丶豆子,1,胖五：哎呀，说的怪不好意思的[蛆音娘_滑稽],2020/7/23,https://www.bilibili.com/video/BV1va4y1a7hp?from=search&seid=15075552549875695762,海南民众海边观看天问一号发射升空：连连惊叹 高喊“胖五加油”,0
5393,5397,共虫,0,厉害????,2021/2/12,https://www.bilibili.com/video/BV1rA411T7pN,震撼！“天问一号”探测器火星捕获过程影像发布,1
8838,8842,伊南娜anna,0,哇，哇哇哇！威武,2020/7/23,https://www.bilibili.com/video/BV1va4y1a7hp?from=search&seid=15075552549875695762,海南民众海边观看天问一号发射升空：连连惊叹 高喊“胖五加油”,0
3890,3894,年酱233,0,像拖拉机,2021/6/27,https://www.bilibili.com/video/BV1uy4y1M7dB,骄傲！天问一号系列实拍影像发布,0
3556,3560,Lin_凌晓波,1,好[大理寺日志_闪光],2020/7/23,https://www.bilibili.com/video/BV1Fk4y1m77L?p=1,目标火星！天问一号探测器在中国文昌航天发射场发射升空,1
1528,1532,韶华袖舞,0,[热词系列_吹爆],2020/4/24,https://www.bilibili.com/video/BV19e411s7yT,火星，我们来了！中国首次火星探测任务命名“天问一号”,0
1267,1271,风入帐,0,遂古之初，谁传道之？,2020/4/24,https://www.bilibili.com/video/BV19e411s7yT,火星，我们来了！中国首次火星探测任务命名“天问一号”,0
7734,7738,努力健康生活的小李,0,你说的这个火星……他能种地吗[doge],2021/3/4,https://www.bilibili.com/video/BV1sK4y1J7tU,天问一号：高清火星影像震撼发布,1
1899,1903,木田晴黛,0,啊，这浩渺的宇宙！！,2020/4/24,https://www.bilibili.com/video/BV19e411s7yT,火星，我们来了！中国首次火星探测任务命名“天问一号”,0
4658,4662,KyoFy,0,全损音质。,2021/5/15,https://www.bilibili.com/video/BV1D64y1C7qU,火星你好！2分钟回顾天问一号“奔火”全过程,0
3005,3009,三溴化磷,0,芜湖,2020/7/23,https://www.bilibili.com/video/BV1Fk4y1m77L?p=1,目标火星！天问一号探测器在中国文昌航天发射场发射升空,1
2734,2738,轩辕love我的世界,1,烟花燃起来了,2020/7/23,https://www.bilibili.com/video/BV1df4y1R7GB,“天问一号”发射后200多天才能到达，三维带你提前登陆火星,0
189,192,芳华流尽,0,我太爱天问这个名字了！浪漫而有深意！而且我也特别喜欢屈原的天问！,2020/7/23,https://www.bilibili.com/video/BV19e411s7yT,火星，我们来了！中国首次火星探测任务命名“天问一号”,1
9998,10002,决明子与相思豆,0,到了,2021/5/15,https://www.bilibili.com/video/BV1q5411J73D?from=search&seid=6566064178961068704,我们决定去火星的日子，比你想象得更早,0
9167,9171,m茂名,0,要想直播时候超高清，够科幻。应该是中午发射，中午阳光直射最好，光照最好,2020/7/18,https://www.bilibili.com/video/BV1za4y1a7UT,“天问一号”即将发射，高清实拍+模拟动画带你提前登陆火星！,0
2747,2751,522逝者长存,0,一路顺风。待君归,2020/7/29,https://www.bilibili.com/video/BV1Fk4y1m77L?p=1,目标火星！天问一号探测器在中国文昌航天发射场发射升空,1
2047,2051,君好眠,0,天问-传承自战国时期的探索精神！中华文明底蕴真的太深厚了，激动！,2020/4/24,https://www.bilibili.com/video/BV19e411s7yT,火星，我们来了！中国首次火星探测任务命名“天问一号”,1
7849,7853,开始自闭的星际玩家,0,总感觉好安静啊（开始吟唱[doge]）,2021/3/4,https://www.bilibili.com/video/BV1sK4y1J7tU,天问一号：高清火星影像震撼发布,0
2558,2562,密苏里秘书舰_澪霰,4,不到Duna非好汉[小电视_赞],2020/7/23,https://www.bilibili.com/video/BV1df4y1R7GB,“天问一号”发射后200多天才能到达，三维带你提前登陆火星,0
9274,9278,mr_no_right_大左,0,来电载荷参数啊,2020/7/17,https://www.bilibili.com/video/BV1za4y1a7UT,“天问一号”即将发射，高清实拍+模拟动画带你提前登陆火星！,0
8666,8670,JdoitADttoom,0,羡慕[酸了][酸了][酸了][酸了],2020/7/23,https://www.bilibili.com/video/BV1va4y1a7hp?from=search&seid=15075552549875695762,海南民众海边观看天问一号发射升空：连连惊叹 高喊“胖五加油”,0
6396,6400,ye_shan,0,这个演示视频质量很高阿[支持],2021/5/15,https://www.bilibili.com/video/BV1R64y127qf,【火星中国时刻】天问一号：成功着陆，感觉良好！,1
3385,3389,弃治的憩,1,喔哦哦哦哦哦哦哦哦！,2020/7/23,https://www.bilibili.com/video/BV1Fk4y1m77L?p=1,目标火星！天问一号探测器在中国文昌航天发射场发射升空,1
4555,4559,Code_Chandler,0,不行，我现在骄傲了！我得叉会儿腰！,2021/5/16,https://www.bilibili.com/video/BV1D64y1C7qU,火星你好！2分钟回顾天问一号“奔火”全过程,1
1184,1188,贰_初四,0,哇！！,2020/4/24,https://www.bilibili.com/video/BV19e411s7yT,火星，我们来了！中国首次火星探测任务命名“天问一号”,0
6420,6424,澪深深,24,我只关心一个问题，火星上面能种菜吗？[滑稽],2021/5/15,https://www.bilibili.com/video/BV1R64y127qf,【火星中国时刻】天问一号：成功着陆，感觉良好！,0
5051,5055,喵哥爱学习,0,一时的孤独意味着你值得拥有更好的,2021/5/15,https://www.bilibili.com/video/BV1D64y1C7qU,火星你好！2分钟回顾天问一号“奔火”全过程,0
5311,5315,hao不犹豫,0,你这bgm开幕雷击,2021/2/12,https://www.bilibili.com/video/BV1rA411T7pN,震撼！“天问一号”探测器火星捕获过程影像发布,0
2433,2437,勿念皇冠,0,肯定能到,2020/7/23,https://www.bilibili.com/video/BV1df4y1R7GB,“天问一号”发射后200多天才能到达，三维带你提前登陆火星,1
6949,6953,娃娃屁,3,恭喜祝融号火车成功着陆火面，望未来一切顺利，不遇火震！[打call]期待早日建成火星基火[微笑],2021/5/15,https://www.bilibili.com/video/BV1R64y127qf,【火星中国时刻】天问一号：成功着陆，感觉良好！,1
769,772,浊溪233,1,神ID抢不到了，换个天问壹号[doge][doge],2020/4/24,https://www.bilibili.com/video/BV19e411s7yT,火星，我们来了！中国首次火星探测任务命名“天问一号”,0
1685,1689,来了又走不回头的她,1,准备把建国同志发射到火星吗[doge],2020/4/24,https://www.bilibili.com/video/BV19e411s7yT,火星，我们来了！中国首次火星探测任务命名“天问一号”,-1
8322,8326,观众就是我,0,中国雄起！我爱中国????,2020/7/25,https://www.bilibili.com/video/BV1va4y1a7hp?from=search&seid=15075552549875695762,海南民众海边观看天问一号发射升空：连连惊叹 高喊“胖五加油”,1
5578,5582,究极哧溜怪,0,好耶！,2021/5/15,https://www.bilibili.com/video/BV1ev41157uU,火星上首次留下中国印迹！动画模拟天问一号着陆过程,1
4426,4430,雨沫子可好,0,[打call][打call][打call][打call][打call][打call][大哭][大哭][大哭][大哭][大哭],2020/7/23,https://www.bilibili.com/video/BV1Sp4y1i7PR,全程回顾 | 天问一号！中国行星探测第一步,0
466,469,路过不留香,0,我们的征途是星辰大海[打call],2020/4/27,https://www.bilibili.com/video/BV19e411s7yT,火星，我们来了！中国首次火星探测任务命名“天问一号”,1
6265,6269,最后的火种堡垒,0,星汉是我们的族名，我们伟大的浪漫征程开始了。以后我们一定会在所有的星星上种菜的！！！,2021/5/15,https://www.bilibili.com/video/BV1R64y127qf,【火星中国时刻】天问一号：成功着陆，感觉良好！,1
5734,5738,物理鬼才,1,[热词系列_芜湖起飞]，不对，这波是降落,2021/5/15,https://www.bilibili.com/video/BV1ev41157uU,火星上首次留下中国印迹！动画模拟天问一号着陆过程,1
5191,5195,吃花椒的麻酱,2,看哭了,2021/5/24,https://www.bilibili.com/video/BV1qo4y1m7GT,【面对面】天问一号自带“黑匣子” ？专为着陆失败做准备,1
5390,5394,不xiang起,0,假的，火星怎么没有火[微笑],2021/2/12,https://www.bilibili.com/video/BV1rA411T7pN,震撼！“天问一号”探测器火星捕获过程影像发布,0
860,863,联合国行星防御理事会,1,那以后的恒星际探测起什么名字呢？[doge][doge][doge],2020/4/24,https://www.bilibili.com/video/BV19e411s7yT,火星，我们来了！中国首次火星探测任务命名“天问一号”,1
7270,7274,士兵李三多,0,00后们应该就看不懂了吧哈哈哈,2021/5/15,https://www.bilibili.com/video/BV1R64y127qf,【火星中国时刻】天问一号：成功着陆，感觉良好！,1
